mode: atomic
github.com/swarm-editor/swarm-editor/internal/swarm/aggregator_node.go:82.99,84.34 1 32
github.com/swarm-editor/swarm-editor/internal/swarm/aggregator_node.go:84.34,86.3 1 0
github.com/swarm-editor/swarm-editor/internal/swarm/aggregator_node.go:88.2,89.42 2 32
github.com/swarm-editor/swarm-editor/internal/swarm/aggregator_node.go:89.42,91.3 1 1
github.com/swarm-editor/swarm-editor/internal/swarm/aggregator_node.go:94.2,104.35 5 31
github.com/swarm-editor/swarm-editor/internal/swarm/aggregator_node.go:104.35,105.31 1 28
github.com/swarm-editor/swarm-editor/internal/swarm/aggregator_node.go:105.31,107.4 1 28
github.com/swarm-editor/swarm-editor/internal/swarm/aggregator_node.go:111.2,112.31 2 31
github.com/swarm-editor/swarm-editor/internal/swarm/aggregator_node.go:112.31,113.39 1 80
github.com/swarm-editor/swarm-editor/internal/swarm/aggregator_node.go:113.39,114.12 1 13
github.com/swarm-editor/swarm-editor/internal/swarm/aggregator_node.go:116.3,116.37 1 67
github.com/swarm-editor/swarm-editor/internal/swarm/aggregator_node.go:120.2,127.8 2 31
github.com/swarm-editor/swarm-editor/internal/swarm/aggregator_node.go:131.103,132.18 1 31
github.com/swarm-editor/swarm-editor/internal/swarm/aggregator_node.go:133.17,134.33 1 4
github.com/swarm-editor/swarm-editor/internal/swarm/aggregator_node.go:135.16,136.32 1 2
github.com/swarm-editor/swarm-editor/internal/swarm/aggregator_node.go:137.15,138.31 1 6
github.com/swarm-editor/swarm-editor/internal/swarm/aggregator_node.go:139.20,140.41 1 3
github.com/swarm-editor/swarm-editor/internal/swarm/aggregator_node.go:141.16,142.21 1 2
github.com/swarm-editor/swarm-editor/internal/swarm/aggregator_node.go:143.15,144.42 1 2
github.com/swarm-editor/swarm-editor/internal/swarm/aggregator_node.go:145.14,146.30 1 6
github.com/swarm-editor/swarm-editor/internal/swarm/aggregator_node.go:147.14,148.30 1 1
github.com/swarm-editor/swarm-editor/internal/swarm/aggregator_node.go:149.14,150.30 1 3
github.com/swarm-editor/swarm-editor/internal/swarm/aggregator_node.go:151.14,152.30 1 2
github.com/swarm-editor/swarm-editor/internal/swarm/aggregator_node.go:153.10,154.33 1 0
github.com/swarm-editor/swarm-editor/internal/swarm/aggregator_node.go:159.40,161.31 2 4
github.com/swarm-editor/swarm-editor/internal/swarm/aggregator_node.go:161.31,162.28 1 8
github.com/swarm-editor/swarm-editor/internal/swarm/aggregator_node.go:163.14,164.33 1 2
github.com/swarm-editor/swarm-editor/internal/swarm/aggregator_node.go:165.11,166.30 1 6
github.com/swarm-editor/swarm-editor/internal/swarm/aggregator_node.go:169.2,169.19 1 4
github.com/swarm-editor/swarm-editor/internal/swarm/aggregator_node.go:169.19,171.3 1 1
github.com/swarm-editor/swarm-editor/internal/swarm/aggregator_node.go:172.2,172.15 1 3
github.com/swarm-editor/swarm-editor/internal/swarm/aggregator_node.go:176.39,177.31 1 2
github.com/swarm-editor/swarm-editor/internal/swarm/aggregator_node.go:177.31,178.27 1 1
github.com/swarm-editor/swarm-editor/internal/swarm/aggregator_node.go:178.27,180.4 1 1
github.com/swarm-editor/swarm-editor/internal/swarm/aggregator_node.go:182.2,182.12 1 1
github.com/swarm-editor/swarm-editor/internal/swarm/aggregator_node.go:186.38,187.40 1 6
github.com/swarm-editor/swarm-editor/internal/swarm/aggregator_node.go:187.40,188.31 1 4
github.com/swarm-editor/swarm-editor/internal/swarm/aggregator_node.go:188.31,190.4 1 4
github.com/swarm-editor/swarm-editor/internal/swarm/aggregator_node.go:192.2,192.12 1 2
github.com/swarm-editor/swarm-editor/internal/swarm/aggregator_node.go:197.55,199.31 2 3
github.com/swarm-editor/swarm-editor/internal/swarm/aggregator_node.go:199.31,201.10 2 7
github.com/swarm-editor/swarm-editor/internal/swarm/aggregator_node.go:201.10,202.12 1 2
github.com/swarm-editor/swarm-editor/internal/swarm/aggregator_node.go:204.3,204.16 1 5
github.com/swarm-editor/swarm-editor/internal/swarm/aggregator_node.go:204.16,206.32 1 2
github.com/swarm-editor/swarm-editor/internal/swarm/aggregator_node.go:206.32,208.5 1 2
github.com/swarm-editor/swarm-editor/internal/swarm/aggregator_node.go:209.9,211.24 1 3
github.com/swarm-editor/swarm-editor/internal/swarm/aggregator_node.go:211.24,213.5 1 5
github.com/swarm-editor/swarm-editor/internal/swarm/aggregator_node.go:216.2,216.17 1 3
github.com/swarm-editor/swarm-editor/internal/swarm/aggregator_node.go:220.56,222.31 2 2
github.com/swarm-editor/swarm-editor/internal/swarm/aggregator_node.go:222.31,224.14 2 3
github.com/swarm-editor/swarm-editor/internal/swarm/aggregator_node.go:224.14,226.4 1 3
github.com/swarm-editor/swarm-editor/internal/swarm/aggregator_node.go:228.2,228.39 1 2
github.com/swarm-editor/swarm-editor/internal/swarm/aggregator_node.go:232.37,235.31 3 6
github.com/swarm-editor/swarm-editor/internal/swarm/aggregator_node.go:235.31,237.9 2 10
github.com/swarm-editor/swarm-editor/internal/swarm/aggregator_node.go:237.9,240.4 2 10
github.com/swarm-editor/swarm-editor/internal/swarm/aggregator_node.go:242.2,242.16 1 6
github.com/swarm-editor/swarm-editor/internal/swarm/aggregator_node.go:242.16,244.3 1 2
github.com/swarm-editor/swarm-editor/internal/swarm/aggregator_node.go:247.2,247.115 1 4
github.com/swarm-editor/swarm-editor/internal/swarm/aggregator_node.go:247.115,249.3 1 3
github.com/swarm-editor/swarm-editor/internal/swarm/aggregator_node.go:250.2,250.12 1 1
github.com/swarm-editor/swarm-editor/internal/swarm/aggregator_node.go:254.37,257.31 3 1
github.com/swarm-editor/swarm-editor/internal/swarm/aggregator_node.go:257.31,259.9 2 3
github.com/swarm-editor/swarm-editor/internal/swarm/aggregator_node.go:259.9,262.4 2 3
github.com/swarm-editor/swarm-editor/internal/swarm/aggregator_node.go:264.2,264.16 1 1
github.com/swarm-editor/swarm-editor/internal/swarm/aggregator_node.go:264.16,266.3 1 0
github.com/swarm-editor/swarm-editor/internal/swarm/aggregator_node.go:267.2,267.29 1 1
github.com/swarm-editor/swarm-editor/internal/swarm/aggregator_node.go:271.37,274.31 3 3
github.com/swarm-editor/swarm-editor/internal/swarm/aggregator_node.go:274.31,276.9 2 9
github.com/swarm-editor/swarm-editor/internal/swarm/aggregator_node.go:276.9,277.24 1 9
github.com/swarm-editor/swarm-editor/internal/swarm/aggregator_node.go:277.24,280.5 2 6
github.com/swarm-editor/swarm-editor/internal/swarm/aggregator_node.go:283.2,283.11 1 3
github.com/swarm-editor/swarm-editor/internal/swarm/aggregator_node.go:283.11,285.3 1 1
github.com/swarm-editor/swarm-editor/internal/swarm/aggregator_node.go:288.2,288.115 1 2
github.com/swarm-editor/swarm-editor/internal/swarm/aggregator_node.go:288.115,290.3 1 2
github.com/swarm-editor/swarm-editor/internal/swarm/aggregator_node.go:291.2,291.12 1 0
github.com/swarm-editor/swarm-editor/internal/swarm/aggregator_node.go:295.37,298.31 3 2
github.com/swarm-editor/swarm-editor/internal/swarm/aggregator_node.go:298.31,300.9 2 9
github.com/swarm-editor/swarm-editor/internal/swarm/aggregator_node.go:300.9,301.24 1 9
github.com/swarm-editor/swarm-editor/internal/swarm/aggregator_node.go:301.24,304.5 2 5
github.com/swarm-editor/swarm-editor/internal/swarm/aggregator_node.go:307.2,307.11 1 2
github.com/swarm-editor/swarm-editor/internal/swarm/aggregator_node.go:307.11,309.3 1 0
github.com/swarm-editor/swarm-editor/internal/swarm/aggregator_node.go:312.2,312.115 1 2
github.com/swarm-editor/swarm-editor/internal/swarm/aggregator_node.go:312.115,314.3 1 2
github.com/swarm-editor/swarm-editor/internal/swarm/aggregator_node.go:315.2,315.12 1 0
github.com/swarm-editor/swarm-editor/internal/swarm/aggregator_node.go:319.33,320.16 1 94
github.com/swarm-editor/swarm-editor/internal/swarm/aggregator_node.go:320.16,322.3 1 9
github.com/swarm-editor/swarm-editor/internal/swarm/aggregator_node.go:323.2,323.25 1 85
github.com/swarm-editor/swarm-editor/internal/swarm/aggregator_node.go:324.14,325.17 1 33
github.com/swarm-editor/swarm-editor/internal/swarm/aggregator_node.go:326.13,327.21 1 4
github.com/swarm-editor/swarm-editor/internal/swarm/aggregator_node.go:328.22,329.21 1 7
github.com/swarm-editor/swarm-editor/internal/swarm/aggregator_node.go:330.15,331.16 1 4
github.com/swarm-editor/swarm-editor/internal/swarm/aggregator_node.go:332.11,333.16 1 34
github.com/swarm-editor/swarm-editor/internal/swarm/aggregator_node.go:334.12,335.12 1 2
github.com/swarm-editor/swarm-editor/internal/swarm/aggregator_node.go:337.2,337.14 1 1
github.com/swarm-editor/swarm-editor/internal/swarm/artifacts.go:57.56,62.2 1 131
github.com/swarm-editor/swarm-editor/internal/swarm/artifacts.go:65.56,69.2 3 4
github.com/swarm-editor/swarm-editor/internal/swarm/artifacts.go:72.57,74.2 1 143
github.com/swarm-editor/swarm-editor/internal/swarm/artifacts.go:79.103,80.23 1 131
github.com/swarm-editor/swarm-editor/internal/swarm/artifacts.go:80.23,82.3 1 130
github.com/swarm-editor/swarm-editor/internal/swarm/artifacts.go:83.2,83.31 1 131
github.com/swarm-editor/swarm-editor/internal/swarm/artifacts.go:83.31,85.3 1 1
github.com/swarm-editor/swarm-editor/internal/swarm/artifacts.go:86.2,86.24 1 130
github.com/swarm-editor/swarm-editor/internal/swarm/artifacts.go:86.24,88.3 1 1
github.com/swarm-editor/swarm-editor/internal/swarm/artifacts.go:89.2,89.25 1 129
github.com/swarm-editor/swarm-editor/internal/swarm/artifacts.go:89.25,91.3 1 125
github.com/swarm-editor/swarm-editor/internal/swarm/artifacts.go:93.2,100.8 6 129
github.com/swarm-editor/swarm-editor/internal/swarm/artifacts.go:100.8,108.31 7 103
github.com/swarm-editor/swarm-editor/internal/swarm/artifacts.go:108.31,111.40 2 1
github.com/swarm-editor/swarm-editor/internal/swarm/artifacts.go:111.40,113.5 1 1
github.com/swarm-editor/swarm-editor/internal/swarm/artifacts.go:115.3,116.49 2 103
github.com/swarm-editor/swarm-editor/internal/swarm/artifacts.go:120.2,132.30 2 26
github.com/swarm-editor/swarm-editor/internal/swarm/artifacts.go:132.30,134.39 2 1
github.com/swarm-editor/swarm-editor/internal/swarm/artifacts.go:134.39,136.4 1 2
github.com/swarm-editor/swarm-editor/internal/swarm/artifacts.go:137.8,139.3 1 25
github.com/swarm-editor/swarm-editor/internal/swarm/artifacts.go:140.2,141.51 2 26
github.com/swarm-editor/swarm-editor/internal/swarm/artifacts.go:145.79,149.9 4 10
github.com/swarm-editor/swarm-editor/internal/swarm/artifacts.go:149.9,151.3 1 3
github.com/swarm-editor/swarm-editor/internal/swarm/artifacts.go:152.2,152.36 1 7
github.com/swarm-editor/swarm-editor/internal/swarm/artifacts.go:156.70,159.32 3 2
github.com/swarm-editor/swarm-editor/internal/swarm/artifacts.go:159.32,163.16 4 2
github.com/swarm-editor/swarm-editor/internal/swarm/artifacts.go:163.16,165.4 1 1
github.com/swarm-editor/swarm-editor/internal/swarm/artifacts.go:167.2,167.12 1 1
github.com/swarm-editor/swarm-editor/internal/swarm/artifacts.go:171.102,176.32 4 3
github.com/swarm-editor/swarm-editor/internal/swarm/artifacts.go:176.32,181.25 5 9
github.com/swarm-editor/swarm-editor/internal/swarm/artifacts.go:181.25,182.12 1 5
github.com/swarm-editor/swarm-editor/internal/swarm/artifacts.go:184.3,184.36 1 4
github.com/swarm-editor/swarm-editor/internal/swarm/artifacts.go:184.36,185.12 1 1
github.com/swarm-editor/swarm-editor/internal/swarm/artifacts.go:187.3,187.55 1 3
github.com/swarm-editor/swarm-editor/internal/swarm/artifacts.go:189.2,189.15 1 3
github.com/swarm-editor/swarm-editor/internal/swarm/artifacts.go:193.69,199.2 5 1
github.com/swarm-editor/swarm-editor/internal/swarm/artifacts.go:202.73,206.32 4 2
github.com/swarm-editor/swarm-editor/internal/swarm/artifacts.go:206.32,210.25 4 3
github.com/swarm-editor/swarm-editor/internal/swarm/artifacts.go:210.25,213.4 2 2
github.com/swarm-editor/swarm-editor/internal/swarm/artifacts.go:215.2,215.14 1 2
github.com/swarm-editor/swarm-editor/internal/swarm/artifacts.go:220.45,221.23 1 4
github.com/swarm-editor/swarm-editor/internal/swarm/artifacts.go:221.23,223.3 1 1
github.com/swarm-editor/swarm-editor/internal/swarm/artifacts.go:225.2,230.32 4 3
github.com/swarm-editor/swarm-editor/internal/swarm/artifacts.go:230.32,236.16 6 10
github.com/swarm-editor/swarm-editor/internal/swarm/artifacts.go:236.16,238.4 1 10
github.com/swarm-editor/swarm-editor/internal/swarm/artifacts.go:239.3,239.49 1 10
github.com/swarm-editor/swarm-editor/internal/swarm/artifacts.go:242.2,243.31 2 3
github.com/swarm-editor/swarm-editor/internal/swarm/artifacts.go:243.31,244.32 1 5
github.com/swarm-editor/swarm-editor/internal/swarm/artifacts.go:244.32,251.28 3 2
github.com/swarm-editor/swarm-editor/internal/swarm/artifacts.go:251.28,255.5 3 6
github.com/swarm-editor/swarm-editor/internal/swarm/artifacts.go:256.4,256.40 1 2
github.com/swarm-editor/swarm-editor/internal/swarm/artifacts.go:256.40,257.45 1 6
github.com/swarm-editor/swarm-editor/internal/swarm/artifacts.go:257.45,258.58 1 6
github.com/swarm-editor/swarm-editor/internal/swarm/artifacts.go:258.58,260.7 1 2
github.com/swarm-editor/swarm-editor/internal/swarm/artifacts.go:264.4,264.65 1 2
github.com/swarm-editor/swarm-editor/internal/swarm/artifacts.go:264.65,271.5 6 2
github.com/swarm-editor/swarm-editor/internal/swarm/artifacts.go:274.2,274.15 1 3
github.com/swarm-editor/swarm-editor/internal/swarm/artifacts.go:278.45,282.2 3 5
github.com/swarm-editor/swarm-editor/internal/swarm/artifacts.go:285.63,289.32 4 1
github.com/swarm-editor/swarm-editor/internal/swarm/artifacts.go:289.32,291.3 1 1
github.com/swarm-editor/swarm-editor/internal/swarm/artifacts.go:292.2,295.4 1 1
github.com/swarm-editor/swarm-editor/internal/swarm/artifacts.go:300.70,304.31 4 143
github.com/swarm-editor/swarm-editor/internal/swarm/artifacts.go:304.31,306.3 1 9
github.com/swarm-editor/swarm-editor/internal/swarm/artifacts.go:307.2,319.3 1 143
github.com/swarm-editor/swarm-editor/internal/swarm/artifacts.go:325.29,326.14 1 997
github.com/swarm-editor/swarm-editor/internal/swarm/artifacts.go:326.14,328.3 1 141
github.com/swarm-editor/swarm-editor/internal/swarm/artifacts.go:329.2,329.25 1 856
github.com/swarm-editor/swarm-editor/internal/swarm/artifacts.go:330.22,332.26 2 30
github.com/swarm-editor/swarm-editor/internal/swarm/artifacts.go:332.26,334.4 1 35
github.com/swarm-editor/swarm-editor/internal/swarm/artifacts.go:335.3,335.12 1 30
github.com/swarm-editor/swarm-editor/internal/swarm/artifacts.go:336.25,338.26 2 1
github.com/swarm-editor/swarm-editor/internal/swarm/artifacts.go:338.26,340.4 1 2
github.com/swarm-editor/swarm-editor/internal/swarm/artifacts.go:341.3,341.12 1 1
github.com/swarm-editor/swarm-editor/internal/swarm/artifacts.go:342.13,344.26 2 9
github.com/swarm-editor/swarm-editor/internal/swarm/artifacts.go:344.26,346.4 1 20
github.com/swarm-editor/swarm-editor/internal/swarm/artifacts.go:347.3,347.12 1 9
github.com/swarm-editor/swarm-editor/internal/swarm/artifacts.go:348.16,351.12 3 1
github.com/swarm-editor/swarm-editor/internal/swarm/artifacts.go:352.13,355.12 3 2
github.com/swarm-editor/swarm-editor/internal/swarm/artifacts.go:356.17,359.12 3 1
github.com/swarm-editor/swarm-editor/internal/swarm/artifacts.go:360.14,363.12 3 1
github.com/swarm-editor/swarm-editor/internal/swarm/artifacts.go:364.24,366.25 2 1
github.com/swarm-editor/swarm-editor/internal/swarm/artifacts.go:366.25,367.16 1 3
github.com/swarm-editor/swarm-editor/internal/swarm/artifacts.go:367.16,369.5 1 1
github.com/swarm-editor/swarm-editor/internal/swarm/artifacts.go:369.10,371.5 1 2
github.com/swarm-editor/swarm-editor/internal/swarm/artifacts.go:373.3,373.12 1 1
github.com/swarm-editor/swarm-editor/internal/swarm/artifacts.go:374.22,376.26 2 1
github.com/swarm-editor/swarm-editor/internal/swarm/artifacts.go:376.26,378.4 1 2
github.com/swarm-editor/swarm-editor/internal/swarm/artifacts.go:379.3,379.12 1 1
github.com/swarm-editor/swarm-editor/internal/swarm/artifacts.go:380.26,382.26 2 1
github.com/swarm-editor/swarm-editor/internal/swarm/artifacts.go:382.26,384.4 1 2
github.com/swarm-editor/swarm-editor/internal/swarm/artifacts.go:385.3,385.12 1 1
github.com/swarm-editor/swarm-editor/internal/swarm/artifacts.go:386.10,387.11 1 808
github.com/swarm-editor/swarm-editor/internal/swarm/automations.go:67.44,71.2 3 1
github.com/swarm-editor/swarm-editor/internal/swarm/automations.go:74.40,78.2 3 3
github.com/swarm-editor/swarm-editor/internal/swarm/automations.go:98.46,107.2 3 137
github.com/swarm-editor/swarm-editor/internal/swarm/automations.go:110.63,114.2 3 1
github.com/swarm-editor/swarm-editor/internal/swarm/automations.go:117.54,118.90 1 137
github.com/swarm-editor/swarm-editor/internal/swarm/automations.go:118.90,120.18 2 2
github.com/swarm-editor/swarm-editor/internal/swarm/automations.go:120.18,122.4 1 2
github.com/swarm-editor/swarm-editor/internal/swarm/automations.go:123.3,124.20 2 2
github.com/swarm-editor/swarm-editor/internal/swarm/automations.go:124.20,126.4 1 2
github.com/swarm-editor/swarm-editor/internal/swarm/automations.go:127.3,128.13 2 0
github.com/swarm-editor/swarm-editor/internal/swarm/automations.go:133.2,133.85 1 137
github.com/swarm-editor/swarm-editor/internal/swarm/automations.go:133.85,135.19 2 3
github.com/swarm-editor/swarm-editor/internal/swarm/automations.go:135.19,137.4 1 2
github.com/swarm-editor/swarm-editor/internal/swarm/automations.go:140.3,141.17 2 1
github.com/swarm-editor/swarm-editor/internal/swarm/automations.go:141.17,143.4 1 0
github.com/swarm-editor/swarm-editor/internal/swarm/automations.go:144.3,144.64 1 1
github.com/swarm-editor/swarm-editor/internal/swarm/automations.go:144.64,146.4 1 0
github.com/swarm-editor/swarm-editor/internal/swarm/automations.go:147.3,148.56 2 1
github.com/swarm-editor/swarm-editor/internal/swarm/automations.go:148.56,150.4 1 1
github.com/swarm-editor/swarm-editor/internal/swarm/automations.go:151.3,151.20 1 1
github.com/swarm-editor/swarm-editor/internal/swarm/automations.go:151.20,152.58 1 0
github.com/swarm-editor/swarm-editor/internal/swarm/automations.go:152.58,154.5 1 0
github.com/swarm-editor/swarm-editor/internal/swarm/automations.go:157.3,158.55 2 1
github.com/swarm-editor/swarm-editor/internal/swarm/automations.go:158.55,160.4 1 1
github.com/swarm-editor/swarm-editor/internal/swarm/automations.go:163.3,164.65 2 1
github.com/swarm-editor/swarm-editor/internal/swarm/automations.go:164.65,166.4 1 1
github.com/swarm-editor/swarm-editor/internal/swarm/automations.go:168.3,169.17 2 1
github.com/swarm-editor/swarm-editor/internal/swarm/automations.go:169.17,171.4 1 0
github.com/swarm-editor/swarm-editor/internal/swarm/automations.go:174.3,174.59 1 1
github.com/swarm-editor/swarm-editor/internal/swarm/automations.go:174.59,179.30 2 1
github.com/swarm-editor/swarm-editor/internal/swarm/automations.go:179.30,180.43 1 1
github.com/swarm-editor/swarm-editor/internal/swarm/automations.go:180.43,182.14 2 0
github.com/swarm-editor/swarm-editor/internal/swarm/automations.go:184.5,184.33 1 1
github.com/swarm-editor/swarm-editor/internal/swarm/automations.go:184.33,186.6 1 1
github.com/swarm-editor/swarm-editor/internal/swarm/automations.go:189.3,189.58 1 1
github.com/swarm-editor/swarm-editor/internal/swarm/automations.go:189.58,191.4 1 1
github.com/swarm-editor/swarm-editor/internal/swarm/automations.go:194.3,194.70 1 1
github.com/swarm-editor/swarm-editor/internal/swarm/automations.go:194.70,196.4 1 1
github.com/swarm-editor/swarm-editor/internal/swarm/automations.go:200.3,203.70 1 1
github.com/swarm-editor/swarm-editor/internal/swarm/automations.go:203.70,204.23 1 0
github.com/swarm-editor/swarm-editor/internal/swarm/automations.go:204.23,206.6 1 0
github.com/swarm-editor/swarm-editor/internal/swarm/automations.go:207.5,207.22 1 0
github.com/swarm-editor/swarm-editor/internal/swarm/automations.go:207.22,208.58 1 0
github.com/swarm-editor/swarm-editor/internal/swarm/automations.go:208.58,210.7 1 0
github.com/swarm-editor/swarm-editor/internal/swarm/automations.go:212.5,212.15 1 0
github.com/swarm-editor/swarm-editor/internal/swarm/automations.go:215.3,216.17 2 1
github.com/swarm-editor/swarm-editor/internal/swarm/automations.go:216.17,218.4 1 0
github.com/swarm-editor/swarm-editor/internal/swarm/automations.go:219.3,222.99 2 1
github.com/swarm-editor/swarm-editor/internal/swarm/automations.go:222.99,224.4 1 0
github.com/swarm-editor/swarm-editor/internal/swarm/automations.go:226.3,226.29 1 1
github.com/swarm-editor/swarm-editor/internal/swarm/automations.go:226.29,228.4 1 0
github.com/swarm-editor/swarm-editor/internal/swarm/automations.go:229.3,230.13 2 1
github.com/swarm-editor/swarm-editor/internal/swarm/automations.go:235.132,239.2 3 7
github.com/swarm-editor/swarm-editor/internal/swarm/automations.go:245.63,246.16 1 25
github.com/swarm-editor/swarm-editor/internal/swarm/automations.go:246.16,248.3 1 1
github.com/swarm-editor/swarm-editor/internal/swarm/automations.go:249.2,251.42 3 24
github.com/swarm-editor/swarm-editor/internal/swarm/automations.go:251.42,253.3 1 0
github.com/swarm-editor/swarm-editor/internal/swarm/automations.go:254.2,256.12 3 24
github.com/swarm-editor/swarm-editor/internal/swarm/automations.go:260.61,263.37 3 2
github.com/swarm-editor/swarm-editor/internal/swarm/automations.go:263.37,265.3 1 1
github.com/swarm-editor/swarm-editor/internal/swarm/automations.go:266.2,267.13 2 1
github.com/swarm-editor/swarm-editor/internal/swarm/automations.go:271.65,275.9 4 3
github.com/swarm-editor/swarm-editor/internal/swarm/automations.go:275.9,277.3 1 1
github.com/swarm-editor/swarm-editor/internal/swarm/automations.go:278.2,278.30 1 2
github.com/swarm-editor/swarm-editor/internal/swarm/automations.go:282.60,286.34 4 1
github.com/swarm-editor/swarm-editor/internal/swarm/automations.go:286.34,288.3 1 1
github.com/swarm-editor/swarm-editor/internal/swarm/automations.go:289.2,289.15 1 1
github.com/swarm-editor/swarm-editor/internal/swarm/automations.go:293.52,302.36 7 5
github.com/swarm-editor/swarm-editor/internal/swarm/automations.go:302.36,304.3 1 2
github.com/swarm-editor/swarm-editor/internal/swarm/automations.go:306.2,307.32 2 5
github.com/swarm-editor/swarm-editor/internal/swarm/automations.go:307.32,309.24 2 3
github.com/swarm-editor/swarm-editor/internal/swarm/automations.go:309.24,311.4 1 1
github.com/swarm-editor/swarm-editor/internal/swarm/automations.go:313.2,327.3 2 5
github.com/swarm-editor/swarm-editor/internal/swarm/automations.go:331.75,335.9 4 2
github.com/swarm-editor/swarm-editor/internal/swarm/automations.go:335.9,337.3 1 1
github.com/swarm-editor/swarm-editor/internal/swarm/automations.go:339.2,342.13 4 1
github.com/swarm-editor/swarm-editor/internal/swarm/automations.go:347.36,352.2 4 3
github.com/swarm-editor/swarm-editor/internal/swarm/automations.go:357.109,360.34 3 148
github.com/swarm-editor/swarm-editor/internal/swarm/automations.go:360.34,365.15 4 1018
github.com/swarm-editor/swarm-editor/internal/swarm/automations.go:365.15,366.12 1 1
github.com/swarm-editor/swarm-editor/internal/swarm/automations.go:368.3,368.46 1 1017
github.com/swarm-editor/swarm-editor/internal/swarm/automations.go:368.46,370.4 1 1016
github.com/swarm-editor/swarm-editor/internal/swarm/automations.go:372.2,379.31 6 148
github.com/swarm-editor/swarm-editor/internal/swarm/automations.go:379.31,382.86 2 1016
github.com/swarm-editor/swarm-editor/internal/swarm/automations.go:382.86,384.12 2 1
github.com/swarm-editor/swarm-editor/internal/swarm/automations.go:386.3,395.15 7 1015
github.com/swarm-editor/swarm-editor/internal/swarm/automations.go:395.15,397.12 2 0
github.com/swarm-editor/swarm-editor/internal/swarm/automations.go:399.3,404.35 3 1015
github.com/swarm-editor/swarm-editor/internal/swarm/automations.go:404.35,405.17 1 1015
github.com/swarm-editor/swarm-editor/internal/swarm/automations.go:405.17,406.33 1 1015
github.com/swarm-editor/swarm-editor/internal/swarm/automations.go:406.33,408.6 1 0
github.com/swarm-editor/swarm-editor/internal/swarm/automations.go:409.5,409.16 1 1015
github.com/swarm-editor/swarm-editor/internal/swarm/automations.go:411.4,412.17 2 1015
github.com/swarm-editor/swarm-editor/internal/swarm/automations.go:412.17,412.34 1 1015
github.com/swarm-editor/swarm-editor/internal/swarm/automations.go:413.4,415.46 3 1015
github.com/swarm-editor/swarm-editor/internal/swarm/automations.go:415.46,417.12 2 1015
github.com/swarm-editor/swarm-editor/internal/swarm/automations.go:417.12,419.14 2 0
github.com/swarm-editor/swarm-editor/internal/swarm/automations.go:422.5,423.31 2 1015
github.com/swarm-editor/swarm-editor/internal/swarm/automations.go:423.31,425.6 1 4
github.com/swarm-editor/swarm-editor/internal/swarm/automations.go:426.5,426.37 1 1015
github.com/swarm-editor/swarm-editor/internal/swarm/automations.go:426.37,428.6 1 6
github.com/swarm-editor/swarm-editor/internal/swarm/automations.go:429.5,432.56 3 1015
github.com/swarm-editor/swarm-editor/internal/swarm/automations.go:432.56,434.6 1 4
github.com/swarm-editor/swarm-editor/internal/swarm/automations.go:439.2,439.41 1 148
github.com/swarm-editor/swarm-editor/internal/swarm/automations.go:439.41,444.3 1 0
github.com/swarm-editor/swarm-editor/internal/swarm/automations.go:446.2,446.18 1 148
github.com/swarm-editor/swarm-editor/internal/swarm/automations.go:450.105,459.29 6 1023
github.com/swarm-editor/swarm-editor/internal/swarm/automations.go:459.29,460.23 1 1024
github.com/swarm-editor/swarm-editor/internal/swarm/automations.go:460.23,462.9 2 1022
github.com/swarm-editor/swarm-editor/internal/swarm/automations.go:465.2,465.14 1 1023
github.com/swarm-editor/swarm-editor/internal/swarm/automations.go:465.14,467.3 1 1
github.com/swarm-editor/swarm-editor/internal/swarm/automations.go:470.2,470.35 1 1022
github.com/swarm-editor/swarm-editor/internal/swarm/automations.go:470.35,472.10 2 9
github.com/swarm-editor/swarm-editor/internal/swarm/automations.go:472.10,474.4 1 1
github.com/swarm-editor/swarm-editor/internal/swarm/automations.go:478.3,479.26 2 8
github.com/swarm-editor/swarm-editor/internal/swarm/automations.go:480.15,481.14 1 4
github.com/swarm-editor/swarm-editor/internal/swarm/automations.go:482.34,483.33 1 2
github.com/swarm-editor/swarm-editor/internal/swarm/automations.go:484.11,486.48 1 2
github.com/swarm-editor/swarm-editor/internal/swarm/automations.go:486.48,488.5 1 2
github.com/swarm-editor/swarm-editor/internal/swarm/automations.go:488.10,490.5 1 0
github.com/swarm-editor/swarm-editor/internal/swarm/automations.go:492.3,492.25 1 8
github.com/swarm-editor/swarm-editor/internal/swarm/automations.go:492.25,494.4 1 3
github.com/swarm-editor/swarm-editor/internal/swarm/automations.go:497.2,497.13 1 1018
github.com/swarm-editor/swarm-editor/internal/swarm/automations.go:554.40,558.2 1 25
github.com/swarm-editor/swarm-editor/internal/swarm/automations.go:561.94,565.2 3 2
github.com/swarm-editor/swarm-editor/internal/swarm/automations.go:568.63,569.17 1 15
github.com/swarm-editor/swarm-editor/internal/swarm/automations.go:569.17,571.3 1 2
github.com/swarm-editor/swarm-editor/internal/swarm/automations.go:572.2,572.19 1 13
github.com/swarm-editor/swarm-editor/internal/swarm/automations.go:572.19,574.3 1 2
github.com/swarm-editor/swarm-editor/internal/swarm/automations.go:575.2,579.21 4 11
github.com/swarm-editor/swarm-editor/internal/swarm/automations.go:579.21,581.3 1 1
github.com/swarm-editor/swarm-editor/internal/swarm/automations.go:582.2,584.12 3 11
github.com/swarm-editor/swarm-editor/internal/swarm/automations.go:588.56,591.35 3 4
github.com/swarm-editor/swarm-editor/internal/swarm/automations.go:591.35,593.3 1 2
github.com/swarm-editor/swarm-editor/internal/swarm/automations.go:594.2,595.13 2 2
github.com/swarm-editor/swarm-editor/internal/swarm/automations.go:599.64,603.9 4 12
github.com/swarm-editor/swarm-editor/internal/swarm/automations.go:603.9,605.3 1 3
github.com/swarm-editor/swarm-editor/internal/swarm/automations.go:606.2,607.21 2 9
github.com/swarm-editor/swarm-editor/internal/swarm/automations.go:607.21,609.3 1 3
github.com/swarm-editor/swarm-editor/internal/swarm/automations.go:610.2,610.12 1 9
github.com/swarm-editor/swarm-editor/internal/swarm/automations.go:614.59,618.33 4 4
github.com/swarm-editor/swarm-editor/internal/swarm/automations.go:618.33,620.22 2 4
github.com/swarm-editor/swarm-editor/internal/swarm/automations.go:620.22,622.4 1 1
github.com/swarm-editor/swarm-editor/internal/swarm/automations.go:623.3,623.31 1 4
github.com/swarm-editor/swarm-editor/internal/swarm/automations.go:625.2,625.15 1 4
github.com/swarm-editor/swarm-editor/internal/swarm/automations.go:629.70,633.9 4 3
github.com/swarm-editor/swarm-editor/internal/swarm/automations.go:633.9,635.3 1 1
github.com/swarm-editor/swarm-editor/internal/swarm/automations.go:636.2,637.13 2 2
github.com/swarm-editor/swarm-editor/internal/swarm/automations.go:641.58,645.34 4 1
github.com/swarm-editor/swarm-editor/internal/swarm/automations.go:645.34,647.3 1 1
github.com/swarm-editor/swarm-editor/internal/swarm/automations.go:648.2,651.4 1 1
github.com/swarm-editor/swarm-editor/internal/swarm/checkpoint.go:44.80,45.18 1 12
github.com/swarm-editor/swarm-editor/internal/swarm/checkpoint.go:45.18,47.3 1 1
github.com/swarm-editor/swarm-editor/internal/swarm/checkpoint.go:48.2,48.51 1 12
github.com/swarm-editor/swarm-editor/internal/swarm/checkpoint.go:48.51,50.3 1 0
github.com/swarm-editor/swarm-editor/internal/swarm/checkpoint.go:51.2,51.66 1 12
github.com/swarm-editor/swarm-editor/internal/swarm/checkpoint.go:56.105,71.16 7 23
github.com/swarm-editor/swarm-editor/internal/swarm/checkpoint.go:71.16,73.3 1 0
github.com/swarm-editor/swarm-editor/internal/swarm/checkpoint.go:76.2,77.16 2 23
github.com/swarm-editor/swarm-editor/internal/swarm/checkpoint.go:77.16,79.3 1 0
github.com/swarm-editor/swarm-editor/internal/swarm/checkpoint.go:80.2,80.40 1 23
github.com/swarm-editor/swarm-editor/internal/swarm/checkpoint.go:80.40,84.3 3 0
github.com/swarm-editor/swarm-editor/internal/swarm/checkpoint.go:85.2,86.43 2 23
github.com/swarm-editor/swarm-editor/internal/swarm/checkpoint.go:86.43,90.3 3 0
github.com/swarm-editor/swarm-editor/internal/swarm/checkpoint.go:91.2,91.36 1 23
github.com/swarm-editor/swarm-editor/internal/swarm/checkpoint.go:91.36,94.3 2 0
github.com/swarm-editor/swarm-editor/internal/swarm/checkpoint.go:96.2,97.54 2 23
github.com/swarm-editor/swarm-editor/internal/swarm/checkpoint.go:97.54,100.3 2 0
github.com/swarm-editor/swarm-editor/internal/swarm/checkpoint.go:102.2,103.12 2 23
github.com/swarm-editor/swarm-editor/internal/swarm/checkpoint.go:108.70,110.16 2 3
github.com/swarm-editor/swarm-editor/internal/swarm/checkpoint.go:110.16,111.37 1 0
github.com/swarm-editor/swarm-editor/internal/swarm/checkpoint.go:111.37,113.4 1 0
github.com/swarm-editor/swarm-editor/internal/swarm/checkpoint.go:114.3,114.57 1 0
github.com/swarm-editor/swarm-editor/internal/swarm/checkpoint.go:117.2,120.32 3 3
github.com/swarm-editor/swarm-editor/internal/swarm/checkpoint.go:120.32,121.61 1 3
github.com/swarm-editor/swarm-editor/internal/swarm/checkpoint.go:121.61,122.12 1 0
github.com/swarm-editor/swarm-editor/internal/swarm/checkpoint.go:124.3,125.17 2 3
github.com/swarm-editor/swarm-editor/internal/swarm/checkpoint.go:125.17,127.12 2 0
github.com/swarm-editor/swarm-editor/internal/swarm/checkpoint.go:129.3,130.51 2 3
github.com/swarm-editor/swarm-editor/internal/swarm/checkpoint.go:130.51,132.12 2 1
github.com/swarm-editor/swarm-editor/internal/swarm/checkpoint.go:134.3,134.37 1 2
github.com/swarm-editor/swarm-editor/internal/swarm/checkpoint.go:134.37,137.4 2 2
github.com/swarm-editor/swarm-editor/internal/swarm/checkpoint.go:140.2,140.20 1 3
github.com/swarm-editor/swarm-editor/internal/swarm/checkpoint.go:144.50,148.2 3 1
github.com/swarm-editor/swarm-editor/internal/swarm/checkpoint.go:151.38,153.16 2 23
github.com/swarm-editor/swarm-editor/internal/swarm/checkpoint.go:153.16,155.3 1 0
github.com/swarm-editor/swarm-editor/internal/swarm/checkpoint.go:157.2,162.28 3 23
github.com/swarm-editor/swarm-editor/internal/swarm/checkpoint.go:162.28,163.16 1 61
github.com/swarm-editor/swarm-editor/internal/swarm/checkpoint.go:163.16,164.12 1 0
github.com/swarm-editor/swarm-editor/internal/swarm/checkpoint.go:166.3,167.17 2 61
github.com/swarm-editor/swarm-editor/internal/swarm/checkpoint.go:167.17,168.12 1 0
github.com/swarm-editor/swarm-editor/internal/swarm/checkpoint.go:170.3,170.70 1 61
github.com/swarm-editor/swarm-editor/internal/swarm/checkpoint.go:174.2,174.40 1 23
github.com/swarm-editor/swarm-editor/internal/swarm/checkpoint.go:174.40,176.3 1 38
github.com/swarm-editor/swarm-editor/internal/swarm/checkpoint.go:179.2,179.40 1 23
github.com/swarm-editor/swarm-editor/internal/swarm/checkpoint.go:179.40,180.76 1 5
github.com/swarm-editor/swarm-editor/internal/swarm/checkpoint.go:180.76,182.4 1 0
github.com/swarm-editor/swarm-editor/internal/swarm/checkpoint.go:188.77,193.16 4 5
github.com/swarm-editor/swarm-editor/internal/swarm/checkpoint.go:193.16,194.37 1 0
github.com/swarm-editor/swarm-editor/internal/swarm/checkpoint.go:194.37,196.4 1 0
github.com/swarm-editor/swarm-editor/internal/swarm/checkpoint.go:197.3,197.57 1 0
github.com/swarm-editor/swarm-editor/internal/swarm/checkpoint.go:200.2,201.32 2 5
github.com/swarm-editor/swarm-editor/internal/swarm/checkpoint.go:201.32,202.61 1 7
github.com/swarm-editor/swarm-editor/internal/swarm/checkpoint.go:202.61,203.12 1 0
github.com/swarm-editor/swarm-editor/internal/swarm/checkpoint.go:205.3,206.17 2 7
github.com/swarm-editor/swarm-editor/internal/swarm/checkpoint.go:206.17,207.12 1 0
github.com/swarm-editor/swarm-editor/internal/swarm/checkpoint.go:209.3,210.51 2 7
github.com/swarm-editor/swarm-editor/internal/swarm/checkpoint.go:210.51,211.12 1 0
github.com/swarm-editor/swarm-editor/internal/swarm/checkpoint.go:213.3,213.41 1 7
github.com/swarm-editor/swarm-editor/internal/swarm/checkpoint.go:217.2,217.46 1 5
github.com/swarm-editor/swarm-editor/internal/swarm/checkpoint.go:217.46,219.3 1 4
github.com/swarm-editor/swarm-editor/internal/swarm/checkpoint.go:221.2,221.25 1 5
github.com/swarm-editor/swarm-editor/internal/swarm/checkpoint.go:226.83,227.30 1 4
github.com/swarm-editor/swarm-editor/internal/swarm/checkpoint.go:227.30,229.3 1 0
github.com/swarm-editor/swarm-editor/internal/swarm/checkpoint.go:231.2,236.16 5 4
github.com/swarm-editor/swarm-editor/internal/swarm/checkpoint.go:236.16,237.37 1 1
github.com/swarm-editor/swarm-editor/internal/swarm/checkpoint.go:237.37,239.4 1 1
github.com/swarm-editor/swarm-editor/internal/swarm/checkpoint.go:240.3,240.60 1 0
github.com/swarm-editor/swarm-editor/internal/swarm/checkpoint.go:243.2,244.50 2 3
github.com/swarm-editor/swarm-editor/internal/swarm/checkpoint.go:244.50,246.3 1 0
github.com/swarm-editor/swarm-editor/internal/swarm/checkpoint.go:248.2,248.17 1 3
github.com/swarm-editor/swarm-editor/internal/swarm/checkpoint.go:271.85,273.16 2 1
github.com/swarm-editor/swarm-editor/internal/swarm/checkpoint.go:273.16,275.3 1 0
github.com/swarm-editor/swarm-editor/internal/swarm/checkpoint.go:276.2,276.16 1 1
github.com/swarm-editor/swarm-editor/internal/swarm/checkpoint.go:276.16,278.3 1 0
github.com/swarm-editor/swarm-editor/internal/swarm/checkpoint.go:280.2,281.16 2 1
github.com/swarm-editor/swarm-editor/internal/swarm/checkpoint.go:281.16,283.3 1 0
github.com/swarm-editor/swarm-editor/internal/swarm/checkpoint.go:284.2,284.16 1 1
github.com/swarm-editor/swarm-editor/internal/swarm/checkpoint.go:284.16,286.3 1 0
github.com/swarm-editor/swarm-editor/internal/swarm/checkpoint.go:288.2,295.36 3 1
github.com/swarm-editor/swarm-editor/internal/swarm/checkpoint.go:295.36,297.3 1 1
github.com/swarm-editor/swarm-editor/internal/swarm/checkpoint.go:298.2,298.37 1 1
github.com/swarm-editor/swarm-editor/internal/swarm/checkpoint.go:298.37,300.3 1 0
github.com/swarm-editor/swarm-editor/internal/swarm/checkpoint.go:302.2,303.36 2 1
github.com/swarm-editor/swarm-editor/internal/swarm/checkpoint.go:303.36,305.3 1 2
github.com/swarm-editor/swarm-editor/internal/swarm/checkpoint.go:306.2,306.37 1 1
github.com/swarm-editor/swarm-editor/internal/swarm/checkpoint.go:306.37,308.3 1 0
github.com/swarm-editor/swarm-editor/internal/swarm/checkpoint.go:311.2,311.29 1 1
github.com/swarm-editor/swarm-editor/internal/swarm/checkpoint.go:311.29,313.14 2 2
github.com/swarm-editor/swarm-editor/internal/swarm/checkpoint.go:313.14,315.4 1 1
github.com/swarm-editor/swarm-editor/internal/swarm/checkpoint.go:315.9,315.66 1 1
github.com/swarm-editor/swarm-editor/internal/swarm/checkpoint.go:315.66,323.4 1 1
github.com/swarm-editor/swarm-editor/internal/swarm/checkpoint.go:327.2,327.29 1 1
github.com/swarm-editor/swarm-editor/internal/swarm/checkpoint.go:327.29,328.39 1 1
github.com/swarm-editor/swarm-editor/internal/swarm/checkpoint.go:328.39,330.4 1 0
github.com/swarm-editor/swarm-editor/internal/swarm/checkpoint.go:333.2,333.18 1 1
github.com/swarm-editor/swarm-editor/internal/swarm/checkpoint.go:338.61,339.30 1 2
github.com/swarm-editor/swarm-editor/internal/swarm/checkpoint.go:339.30,341.3 1 0
github.com/swarm-editor/swarm-editor/internal/swarm/checkpoint.go:343.2,348.51 5 2
github.com/swarm-editor/swarm-editor/internal/swarm/checkpoint.go:348.51,350.3 1 0
github.com/swarm-editor/swarm-editor/internal/swarm/checkpoint.go:351.2,351.12 1 2
github.com/swarm-editor/swarm-editor/internal/swarm/checkpoint.go:356.42,357.31 1 16
github.com/swarm-editor/swarm-editor/internal/swarm/checkpoint.go:357.31,359.3 1 2
github.com/swarm-editor/swarm-editor/internal/swarm/checkpoint.go:360.2,360.41 1 14
github.com/swarm-editor/swarm-editor/internal/swarm/circuit_breaker.go:25.39,26.11 1 26
github.com/swarm-editor/swarm-editor/internal/swarm/circuit_breaker.go:27.19,28.18 1 12
github.com/swarm-editor/swarm-editor/internal/swarm/circuit_breaker.go:29.17,30.16 1 12
github.com/swarm-editor/swarm-editor/internal/swarm/circuit_breaker.go:31.21,32.21 1 2
github.com/swarm-editor/swarm-editor/internal/swarm/circuit_breaker.go:33.10,34.19 1 0
github.com/swarm-editor/swarm-editor/internal/swarm/circuit_breaker.go:54.57,61.2 1 46
github.com/swarm-editor/swarm-editor/internal/swarm/circuit_breaker.go:91.69,101.2 6 57
github.com/swarm-editor/swarm-editor/internal/swarm/circuit_breaker.go:104.48,106.2 1 10057
github.com/swarm-editor/swarm-editor/internal/swarm/circuit_breaker.go:110.40,113.22 2 10034
github.com/swarm-editor/swarm-editor/internal/swarm/circuit_breaker.go:114.19,116.34 1 10027
github.com/swarm-editor/swarm-editor/internal/swarm/circuit_breaker.go:116.34,118.53 2 10015
github.com/swarm-editor/swarm-editor/internal/swarm/circuit_breaker.go:118.53,122.5 3 2
github.com/swarm-editor/swarm-editor/internal/swarm/circuit_breaker.go:123.4,124.18 2 10013
github.com/swarm-editor/swarm-editor/internal/swarm/circuit_breaker.go:126.3,126.14 1 10025
github.com/swarm-editor/swarm-editor/internal/swarm/circuit_breaker.go:128.17,132.35 3 5
github.com/swarm-editor/swarm-editor/internal/swarm/circuit_breaker.go:132.35,141.28 7 4
github.com/swarm-editor/swarm-editor/internal/swarm/circuit_breaker.go:141.28,143.5 1 0
github.com/swarm-editor/swarm-editor/internal/swarm/circuit_breaker.go:144.4,144.31 1 4
github.com/swarm-editor/swarm-editor/internal/swarm/circuit_breaker.go:146.3,149.15 3 1
github.com/swarm-editor/swarm-editor/internal/swarm/circuit_breaker.go:151.21,152.30 1 2
github.com/swarm-editor/swarm-editor/internal/swarm/circuit_breaker.go:154.10,155.15 1 0
github.com/swarm-editor/swarm-editor/internal/swarm/circuit_breaker.go:160.50,163.29 2 6
github.com/swarm-editor/swarm-editor/internal/swarm/circuit_breaker.go:163.29,167.3 3 1
github.com/swarm-editor/swarm-editor/internal/swarm/circuit_breaker.go:168.2,170.13 3 5
github.com/swarm-editor/swarm-editor/internal/swarm/circuit_breaker.go:174.43,177.28 3 10007
github.com/swarm-editor/swarm-editor/internal/swarm/circuit_breaker.go:177.28,179.3 1 1
github.com/swarm-editor/swarm-editor/internal/swarm/circuit_breaker.go:180.2,189.17 7 10007
github.com/swarm-editor/swarm-editor/internal/swarm/circuit_breaker.go:189.17,198.27 8 1
github.com/swarm-editor/swarm-editor/internal/swarm/circuit_breaker.go:198.27,200.4 1 0
github.com/swarm-editor/swarm-editor/internal/swarm/circuit_breaker.go:201.3,201.9 1 1
github.com/swarm-editor/swarm-editor/internal/swarm/circuit_breaker.go:203.2,203.16 1 10006
github.com/swarm-editor/swarm-editor/internal/swarm/circuit_breaker.go:207.43,210.28 3 19
github.com/swarm-editor/swarm-editor/internal/swarm/circuit_breaker.go:210.28,212.3 1 17
github.com/swarm-editor/swarm-editor/internal/swarm/circuit_breaker.go:213.2,223.86 8 19
github.com/swarm-editor/swarm-editor/internal/swarm/circuit_breaker.go:223.86,225.3 1 8
github.com/swarm-editor/swarm-editor/internal/swarm/circuit_breaker.go:225.8,225.42 1 11
github.com/swarm-editor/swarm-editor/internal/swarm/circuit_breaker.go:225.42,228.3 1 1
github.com/swarm-editor/swarm-editor/internal/swarm/circuit_breaker.go:230.2,231.16 2 19
github.com/swarm-editor/swarm-editor/internal/swarm/circuit_breaker.go:231.16,238.27 6 9
github.com/swarm-editor/swarm-editor/internal/swarm/circuit_breaker.go:238.27,240.4 1 1
github.com/swarm-editor/swarm-editor/internal/swarm/circuit_breaker.go:241.3,241.9 1 9
github.com/swarm-editor/swarm-editor/internal/swarm/circuit_breaker.go:243.2,243.16 1 10
github.com/swarm-editor/swarm-editor/internal/swarm/circuit_breaker.go:247.45,251.2 3 4
github.com/swarm-editor/swarm-editor/internal/swarm/circuit_breaker.go:254.63,257.26 2 1
github.com/swarm-editor/swarm-editor/internal/swarm/circuit_breaker.go:257.26,260.30 3 1
github.com/swarm-editor/swarm-editor/internal/swarm/circuit_breaker.go:260.30,263.4 2 0
github.com/swarm-editor/swarm-editor/internal/swarm/circuit_breaker.go:263.9,263.39 1 1
github.com/swarm-editor/swarm-editor/internal/swarm/circuit_breaker.go:263.39,265.4 1 0
github.com/swarm-editor/swarm-editor/internal/swarm/circuit_breaker.go:266.3,271.27 4 1
github.com/swarm-editor/swarm-editor/internal/swarm/circuit_breaker.go:271.27,273.4 1 0
github.com/swarm-editor/swarm-editor/internal/swarm/circuit_breaker.go:278.73,282.2 3 2
github.com/swarm-editor/swarm-editor/internal/swarm/circuit_breaker.go:298.58,313.2 3 3
github.com/swarm-editor/swarm-editor/internal/swarm/circuit_breaker.go:316.35,326.29 7 2
github.com/swarm-editor/swarm-editor/internal/swarm/circuit_breaker.go:326.29,329.30 3 2
github.com/swarm-editor/swarm-editor/internal/swarm/circuit_breaker.go:329.30,331.4 1 0
github.com/swarm-editor/swarm-editor/internal/swarm/circuit_breaker.go:336.35,337.22 1 14
github.com/swarm-editor/swarm-editor/internal/swarm/circuit_breaker.go:337.22,339.3 1 14
github.com/swarm-editor/swarm-editor/internal/swarm/circuit_breaker.go:343.39,348.2 4 1
github.com/swarm-editor/swarm-editor/internal/swarm/circuit_breaker.go:351.40,353.2 1 1
github.com/swarm-editor/swarm-editor/internal/swarm/circuit_breaker.go:356.44,358.2 1 4
github.com/swarm-editor/swarm-editor/internal/swarm/circuit_breaker.go:361.41,363.2 1 4
github.com/swarm-editor/swarm-editor/internal/swarm/circuit_breaker.go:366.45,368.2 1 2
github.com/swarm-editor/swarm-editor/internal/swarm/code_node.go:63.66,65.16 2 84
github.com/swarm-editor/swarm-editor/internal/swarm/code_node.go:65.16,67.3 1 1
github.com/swarm-editor/swarm-editor/internal/swarm/code_node.go:70.2,70.33 1 83
github.com/swarm-editor/swarm-editor/internal/swarm/code_node.go:70.33,72.3 1 1
github.com/swarm-editor/swarm-editor/internal/swarm/code_node.go:75.2,76.38 2 82
github.com/swarm-editor/swarm-editor/internal/swarm/code_node.go:76.38,77.38 1 5
github.com/swarm-editor/swarm-editor/internal/swarm/code_node.go:77.38,78.26 1 5
github.com/swarm-editor/swarm-editor/internal/swarm/code_node.go:78.26,80.5 1 8
github.com/swarm-editor/swarm-editor/internal/swarm/code_node.go:85.2,86.18 2 82
github.com/swarm-editor/swarm-editor/internal/swarm/code_node.go:87.20,88.55 1 8
github.com/swarm-editor/swarm-editor/internal/swarm/code_node.go:89.10,90.47 1 74
github.com/swarm-editor/swarm-editor/internal/swarm/code_node.go:95.110,98.39 2 8
github.com/swarm-editor/swarm-editor/internal/swarm/code_node.go:98.39,99.39 1 3
github.com/swarm-editor/swarm-editor/internal/swarm/code_node.go:99.39,101.4 1 3
github.com/swarm-editor/swarm-editor/internal/swarm/code_node.go:104.2,105.30 2 8
github.com/swarm-editor/swarm-editor/internal/swarm/code_node.go:105.30,107.3 1 1
github.com/swarm-editor/swarm-editor/internal/swarm/code_node.go:108.2,115.16 6 8
github.com/swarm-editor/swarm-editor/internal/swarm/code_node.go:115.16,121.3 1 2
github.com/swarm-editor/swarm-editor/internal/swarm/code_node.go:123.2,126.8 1 6
github.com/swarm-editor/swarm-editor/internal/swarm/code_node.go:130.87,136.20 3 74
github.com/swarm-editor/swarm-editor/internal/swarm/code_node.go:136.20,142.3 1 4
github.com/swarm-editor/swarm-editor/internal/swarm/code_node.go:145.2,150.8 2 70
github.com/swarm-editor/swarm-editor/internal/swarm/code_node.go:154.96,155.39 1 76
github.com/swarm-editor/swarm-editor/internal/swarm/code_node.go:155.39,157.3 1 1
github.com/swarm-editor/swarm-editor/internal/swarm/code_node.go:158.2,158.58 1 75
github.com/swarm-editor/swarm-editor/internal/swarm/code_node.go:162.95,164.39 1 205
github.com/swarm-editor/swarm-editor/internal/swarm/code_node.go:164.39,166.3 1 0
github.com/swarm-editor/swarm-editor/internal/swarm/code_node.go:167.2,172.49 3 205
github.com/swarm-editor/swarm-editor/internal/swarm/code_node.go:172.49,174.3 1 7
github.com/swarm-editor/swarm-editor/internal/swarm/code_node.go:177.2,177.48 1 198
github.com/swarm-editor/swarm-editor/internal/swarm/code_node.go:177.48,179.3 1 4
github.com/swarm-editor/swarm-editor/internal/swarm/code_node.go:182.2,182.48 1 194
github.com/swarm-editor/swarm-editor/internal/swarm/code_node.go:182.48,184.3 1 4
github.com/swarm-editor/swarm-editor/internal/swarm/code_node.go:187.2,187.45 1 190
github.com/swarm-editor/swarm-editor/internal/swarm/code_node.go:187.45,189.3 1 19
github.com/swarm-editor/swarm-editor/internal/swarm/code_node.go:192.2,192.97 1 171
github.com/swarm-editor/swarm-editor/internal/swarm/code_node.go:192.97,194.3 1 25
github.com/swarm-editor/swarm-editor/internal/swarm/code_node.go:197.2,197.34 1 146
github.com/swarm-editor/swarm-editor/internal/swarm/code_node.go:197.34,199.17 2 2
github.com/swarm-editor/swarm-editor/internal/swarm/code_node.go:199.17,201.4 1 0
github.com/swarm-editor/swarm-editor/internal/swarm/code_node.go:202.3,202.29 1 2
github.com/swarm-editor/swarm-editor/internal/swarm/code_node.go:206.2,206.34 1 144
github.com/swarm-editor/swarm-editor/internal/swarm/code_node.go:206.34,209.129 2 2
github.com/swarm-editor/swarm-editor/internal/swarm/code_node.go:209.129,211.18 2 1
github.com/swarm-editor/swarm-editor/internal/swarm/code_node.go:211.18,213.5 1 0
github.com/swarm-editor/swarm-editor/internal/swarm/code_node.go:214.4,215.11 2 1
github.com/swarm-editor/swarm-editor/internal/swarm/code_node.go:215.11,217.5 1 0
github.com/swarm-editor/swarm-editor/internal/swarm/code_node.go:218.4,218.41 1 1
github.com/swarm-editor/swarm-editor/internal/swarm/code_node.go:218.41,220.5 1 0
github.com/swarm-editor/swarm-editor/internal/swarm/code_node.go:221.4,221.86 1 1
github.com/swarm-editor/swarm-editor/internal/swarm/code_node.go:221.86,223.5 1 1
github.com/swarm-editor/swarm-editor/internal/swarm/code_node.go:224.4,224.18 1 0
github.com/swarm-editor/swarm-editor/internal/swarm/code_node.go:229.2,229.34 1 143
github.com/swarm-editor/swarm-editor/internal/swarm/code_node.go:229.34,233.27 3 10
github.com/swarm-editor/swarm-editor/internal/swarm/code_node.go:233.27,234.17 1 94
github.com/swarm-editor/swarm-editor/internal/swarm/code_node.go:234.17,236.5 1 12
github.com/swarm-editor/swarm-editor/internal/swarm/code_node.go:236.10,236.24 1 82
github.com/swarm-editor/swarm-editor/internal/swarm/code_node.go:236.24,238.24 2 12
github.com/swarm-editor/swarm-editor/internal/swarm/code_node.go:238.24,240.11 2 10
github.com/swarm-editor/swarm-editor/internal/swarm/code_node.go:244.3,244.30 1 10
github.com/swarm-editor/swarm-editor/internal/swarm/code_node.go:244.30,248.4 2 6
github.com/swarm-editor/swarm-editor/internal/swarm/code_node.go:252.2,252.45 1 137
github.com/swarm-editor/swarm-editor/internal/swarm/code_node.go:252.45,254.3 1 24
github.com/swarm-editor/swarm-editor/internal/swarm/code_node.go:257.2,258.67 1 113
github.com/swarm-editor/swarm-editor/internal/swarm/code_node.go:258.67,260.3 1 21
github.com/swarm-editor/swarm-editor/internal/swarm/code_node.go:263.2,263.37 1 92
github.com/swarm-editor/swarm-editor/internal/swarm/code_node.go:263.37,265.3 1 1
github.com/swarm-editor/swarm-editor/internal/swarm/code_node.go:268.2,268.20 1 91
github.com/swarm-editor/swarm-editor/internal/swarm/code_node.go:268.20,270.3 1 8
github.com/swarm-editor/swarm-editor/internal/swarm/code_node.go:271.2,271.21 1 83
github.com/swarm-editor/swarm-editor/internal/swarm/code_node.go:271.21,273.3 1 9
github.com/swarm-editor/swarm-editor/internal/swarm/code_node.go:276.2,276.56 1 74
github.com/swarm-editor/swarm-editor/internal/swarm/code_node.go:276.56,277.188 1 70
github.com/swarm-editor/swarm-editor/internal/swarm/code_node.go:277.188,279.4 1 69
github.com/swarm-editor/swarm-editor/internal/swarm/code_node.go:280.3,280.16 1 1
github.com/swarm-editor/swarm-editor/internal/swarm/code_node.go:284.2,284.31 1 4
github.com/swarm-editor/swarm-editor/internal/swarm/code_node.go:284.31,286.3 1 4
github.com/swarm-editor/swarm-editor/internal/swarm/code_node.go:289.2,289.84 1 0
github.com/swarm-editor/swarm-editor/internal/swarm/code_node.go:289.84,293.10 4 0
github.com/swarm-editor/swarm-editor/internal/swarm/code_node.go:293.10,295.4 1 0
github.com/swarm-editor/swarm-editor/internal/swarm/code_node.go:296.3,297.17 2 0
github.com/swarm-editor/swarm-editor/internal/swarm/code_node.go:297.17,299.4 1 0
github.com/swarm-editor/swarm-editor/internal/swarm/code_node.go:300.3,300.26 1 0
github.com/swarm-editor/swarm-editor/internal/swarm/code_node.go:301.14,302.32 1 0
github.com/swarm-editor/swarm-editor/internal/swarm/code_node.go:302.32,304.5 1 0
github.com/swarm-editor/swarm-editor/internal/swarm/code_node.go:305.4,305.22 1 0
github.com/swarm-editor/swarm-editor/internal/swarm/code_node.go:306.11,307.74 1 0
github.com/swarm-editor/swarm-editor/internal/swarm/code_node.go:312.2,312.18 1 0
github.com/swarm-editor/swarm-editor/internal/swarm/code_node.go:316.68,317.20 1 74
github.com/swarm-editor/swarm-editor/internal/swarm/code_node.go:317.20,319.3 1 71
github.com/swarm-editor/swarm-editor/internal/swarm/code_node.go:322.2,322.78 1 3
github.com/swarm-editor/swarm-editor/internal/swarm/code_node.go:322.78,326.49 3 1
github.com/swarm-editor/swarm-editor/internal/swarm/code_node.go:326.49,328.4 1 1
github.com/swarm-editor/swarm-editor/internal/swarm/code_node.go:329.3,329.15 1 0
github.com/swarm-editor/swarm-editor/internal/swarm/code_node.go:332.2,332.15 1 3
github.com/swarm-editor/swarm-editor/internal/swarm/code_node.go:336.67,338.21 2 9
github.com/swarm-editor/swarm-editor/internal/swarm/code_node.go:338.21,340.3 1 0
github.com/swarm-editor/swarm-editor/internal/swarm/code_node.go:342.2,343.9 2 9
github.com/swarm-editor/swarm-editor/internal/swarm/code_node.go:343.9,345.3 1 3
github.com/swarm-editor/swarm-editor/internal/swarm/code_node.go:347.2,347.33 1 6
github.com/swarm-editor/swarm-editor/internal/swarm/code_node.go:347.33,348.26 1 6
github.com/swarm-editor/swarm-editor/internal/swarm/code_node.go:349.23,351.11 2 5
github.com/swarm-editor/swarm-editor/internal/swarm/code_node.go:351.11,353.5 1 0
github.com/swarm-editor/swarm-editor/internal/swarm/code_node.go:354.11,355.21 1 1
github.com/swarm-editor/swarm-editor/internal/swarm/code_node.go:359.2,359.18 1 5
github.com/swarm-editor/swarm-editor/internal/swarm/code_node.go:363.38,364.25 1 12
github.com/swarm-editor/swarm-editor/internal/swarm/code_node.go:365.14,369.29 3 4
github.com/swarm-editor/swarm-editor/internal/swarm/code_node.go:370.11,371.16 1 1
github.com/swarm-editor/swarm-editor/internal/swarm/code_node.go:372.12,373.31 1 2
github.com/swarm-editor/swarm-editor/internal/swarm/code_node.go:374.15,375.45 1 1
github.com/swarm-editor/swarm-editor/internal/swarm/code_node.go:376.11,377.25 1 1
github.com/swarm-editor/swarm-editor/internal/swarm/code_node.go:378.13,379.34 1 1
github.com/swarm-editor/swarm-editor/internal/swarm/code_node.go:380.10,382.17 2 2
github.com/swarm-editor/swarm-editor/internal/swarm/code_node.go:382.17,384.4 1 0
github.com/swarm-editor/swarm-editor/internal/swarm/code_node.go:385.3,385.19 1 2
github.com/swarm-editor/swarm-editor/internal/swarm/code_node.go:390.44,394.33 4 205
github.com/swarm-editor/swarm-editor/internal/swarm/code_node.go:394.33,396.12 2 1210
github.com/swarm-editor/swarm-editor/internal/swarm/code_node.go:396.12,397.49 1 245
github.com/swarm-editor/swarm-editor/internal/swarm/code_node.go:397.49,399.5 1 45
github.com/swarm-editor/swarm-editor/internal/swarm/code_node.go:400.4,400.12 1 245
github.com/swarm-editor/swarm-editor/internal/swarm/code_node.go:402.3,402.10 1 965
github.com/swarm-editor/swarm-editor/internal/swarm/code_node.go:403.32,405.14 2 45
github.com/swarm-editor/swarm-editor/internal/swarm/code_node.go:406.31,407.11 1 40
github.com/swarm-editor/swarm-editor/internal/swarm/code_node.go:408.31,409.11 1 40
github.com/swarm-editor/swarm-editor/internal/swarm/code_node.go:410.32,411.12 1 7
github.com/swarm-editor/swarm-editor/internal/swarm/code_node.go:414.2,414.11 1 198
github.com/swarm-editor/swarm-editor/internal/swarm/code_node.go:418.55,422.41 4 19
github.com/swarm-editor/swarm-editor/internal/swarm/code_node.go:422.41,424.12 2 171
github.com/swarm-editor/swarm-editor/internal/swarm/code_node.go:424.12,425.51 1 49
github.com/swarm-editor/swarm-editor/internal/swarm/code_node.go:425.51,427.5 1 14
github.com/swarm-editor/swarm-editor/internal/swarm/code_node.go:428.4,428.12 1 49
github.com/swarm-editor/swarm-editor/internal/swarm/code_node.go:430.3,430.30 1 122
github.com/swarm-editor/swarm-editor/internal/swarm/code_node.go:430.30,433.12 3 14
github.com/swarm-editor/swarm-editor/internal/swarm/code_node.go:435.3,435.10 1 108
github.com/swarm-editor/swarm-editor/internal/swarm/code_node.go:436.31,437.11 1 3
github.com/swarm-editor/swarm-editor/internal/swarm/code_node.go:438.31,439.11 1 3
github.com/swarm-editor/swarm-editor/internal/swarm/code_node.go:440.32,441.12 1 18
github.com/swarm-editor/swarm-editor/internal/swarm/code_node.go:444.2,444.11 1 1
github.com/swarm-editor/swarm-editor/internal/swarm/code_node.go:448.97,451.18 3 10
github.com/swarm-editor/swarm-editor/internal/swarm/code_node.go:451.18,453.3 1 0
github.com/swarm-editor/swarm-editor/internal/swarm/code_node.go:454.2,458.16 4 10
github.com/swarm-editor/swarm-editor/internal/swarm/code_node.go:458.16,460.3 1 0
github.com/swarm-editor/swarm-editor/internal/swarm/code_node.go:462.2,462.20 1 10
github.com/swarm-editor/swarm-editor/internal/swarm/code_node.go:462.20,464.3 1 6
github.com/swarm-editor/swarm-editor/internal/swarm/code_node.go:465.2,465.63 1 4
github.com/swarm-editor/swarm-editor/internal/swarm/code_node.go:469.48,474.41 5 394
github.com/swarm-editor/swarm-editor/internal/swarm/code_node.go:474.41,476.12 2 1824
github.com/swarm-editor/swarm-editor/internal/swarm/code_node.go:476.12,477.51 1 420
github.com/swarm-editor/swarm-editor/internal/swarm/code_node.go:477.51,479.5 1 37
github.com/swarm-editor/swarm-editor/internal/swarm/code_node.go:480.4,480.12 1 420
github.com/swarm-editor/swarm-editor/internal/swarm/code_node.go:482.3,482.30 1 1404
github.com/swarm-editor/swarm-editor/internal/swarm/code_node.go:482.30,485.12 3 87
github.com/swarm-editor/swarm-editor/internal/swarm/code_node.go:487.3,487.10 1 1317
github.com/swarm-editor/swarm-editor/internal/swarm/code_node.go:488.18,489.11 1 80
github.com/swarm-editor/swarm-editor/internal/swarm/code_node.go:490.18,491.11 1 16
github.com/swarm-editor/swarm-editor/internal/swarm/code_node.go:492.44,493.12 1 8
github.com/swarm-editor/swarm-editor/internal/swarm/code_node.go:496.2,496.11 1 386
github.com/swarm-editor/swarm-editor/internal/swarm/code_node.go:500.102,505.16 4 8
github.com/swarm-editor/swarm-editor/internal/swarm/code_node.go:505.16,507.3 1 0
github.com/swarm-editor/swarm-editor/internal/swarm/code_node.go:509.2,509.12 1 8
github.com/swarm-editor/swarm-editor/internal/swarm/code_node.go:510.12,511.24 1 4
github.com/swarm-editor/swarm-editor/internal/swarm/code_node.go:511.24,513.4 1 2
github.com/swarm-editor/swarm-editor/internal/swarm/code_node.go:514.3,514.60 1 2
github.com/swarm-editor/swarm-editor/internal/swarm/code_node.go:515.12,516.25 1 4
github.com/swarm-editor/swarm-editor/internal/swarm/code_node.go:516.25,518.4 1 1
github.com/swarm-editor/swarm-editor/internal/swarm/code_node.go:519.3,519.60 1 3
github.com/swarm-editor/swarm-editor/internal/swarm/code_node.go:521.2,521.60 1 0
github.com/swarm-editor/swarm-editor/internal/swarm/code_node.go:525.40,533.24 2 191
github.com/swarm-editor/swarm-editor/internal/swarm/code_node.go:533.24,535.15 2 1113
github.com/swarm-editor/swarm-editor/internal/swarm/code_node.go:535.15,537.4 1 19
github.com/swarm-editor/swarm-editor/internal/swarm/code_node.go:539.2,539.11 1 172
github.com/swarm-editor/swarm-editor/internal/swarm/code_node.go:543.49,548.41 5 1113
github.com/swarm-editor/swarm-editor/internal/swarm/code_node.go:548.41,550.12 2 5187
github.com/swarm-editor/swarm-editor/internal/swarm/code_node.go:550.12,551.51 1 1159
github.com/swarm-editor/swarm-editor/internal/swarm/code_node.go:551.51,553.5 1 141
github.com/swarm-editor/swarm-editor/internal/swarm/code_node.go:554.4,554.12 1 1159
github.com/swarm-editor/swarm-editor/internal/swarm/code_node.go:556.3,556.30 1 4028
github.com/swarm-editor/swarm-editor/internal/swarm/code_node.go:556.30,559.12 3 236
github.com/swarm-editor/swarm-editor/internal/swarm/code_node.go:561.3,561.10 1 3792
github.com/swarm-editor/swarm-editor/internal/swarm/code_node.go:562.18,563.11 1 240
github.com/swarm-editor/swarm-editor/internal/swarm/code_node.go:564.18,565.11 1 112
github.com/swarm-editor/swarm-editor/internal/swarm/code_node.go:566.44,567.12 1 19
github.com/swarm-editor/swarm-editor/internal/swarm/code_node.go:570.2,570.11 1 1094
github.com/swarm-editor/swarm-editor/internal/swarm/code_node.go:574.94,577.25 2 19
github.com/swarm-editor/swarm-editor/internal/swarm/code_node.go:577.25,578.127 1 19
github.com/swarm-editor/swarm-editor/internal/swarm/code_node.go:578.127,580.4 1 7
github.com/swarm-editor/swarm-editor/internal/swarm/code_node.go:583.2,588.16 5 19
github.com/swarm-editor/swarm-editor/internal/swarm/code_node.go:588.16,590.3 1 0
github.com/swarm-editor/swarm-editor/internal/swarm/code_node.go:591.2,592.16 2 19
github.com/swarm-editor/swarm-editor/internal/swarm/code_node.go:592.16,594.3 1 0
github.com/swarm-editor/swarm-editor/internal/swarm/code_node.go:596.2,596.12 1 19
github.com/swarm-editor/swarm-editor/internal/swarm/code_node.go:597.12,598.46 1 3
github.com/swarm-editor/swarm-editor/internal/swarm/code_node.go:599.12,600.47 1 2
github.com/swarm-editor/swarm-editor/internal/swarm/code_node.go:601.11,602.53 1 11
github.com/swarm-editor/swarm-editor/internal/swarm/code_node.go:603.11,604.53 1 1
github.com/swarm-editor/swarm-editor/internal/swarm/code_node.go:605.12,606.54 1 1
github.com/swarm-editor/swarm-editor/internal/swarm/code_node.go:607.12,608.54 1 1
github.com/swarm-editor/swarm-editor/internal/swarm/code_node.go:610.2,610.63 1 0
github.com/swarm-editor/swarm-editor/internal/swarm/code_node.go:615.40,626.33 8 139
github.com/swarm-editor/swarm-editor/internal/swarm/code_node.go:626.33,628.12 2 484
github.com/swarm-editor/swarm-editor/internal/swarm/code_node.go:628.12,629.51 1 105
github.com/swarm-editor/swarm-editor/internal/swarm/code_node.go:629.51,631.5 1 21
github.com/swarm-editor/swarm-editor/internal/swarm/code_node.go:632.4,632.12 1 105
github.com/swarm-editor/swarm-editor/internal/swarm/code_node.go:634.3,634.30 1 379
github.com/swarm-editor/swarm-editor/internal/swarm/code_node.go:634.30,637.12 3 21
github.com/swarm-editor/swarm-editor/internal/swarm/code_node.go:639.3,639.10 1 358
github.com/swarm-editor/swarm-editor/internal/swarm/code_node.go:640.31,641.11 1 5
github.com/swarm-editor/swarm-editor/internal/swarm/code_node.go:642.31,643.11 1 5
github.com/swarm-editor/swarm-editor/internal/swarm/code_node.go:644.19,646.56 1 323
github.com/swarm-editor/swarm-editor/internal/swarm/code_node.go:646.56,647.21 1 1
github.com/swarm-editor/swarm-editor/internal/swarm/code_node.go:647.21,649.6 1 1
github.com/swarm-editor/swarm-editor/internal/swarm/code_node.go:650.5,651.13 2 1
github.com/swarm-editor/swarm-editor/internal/swarm/code_node.go:653.4,653.30 1 322
github.com/swarm-editor/swarm-editor/internal/swarm/code_node.go:653.30,655.15 1 13
github.com/swarm-editor/swarm-editor/internal/swarm/code_node.go:655.15,656.14 1 1
github.com/swarm-editor/swarm-editor/internal/swarm/code_node.go:658.5,659.23 2 12
github.com/swarm-editor/swarm-editor/internal/swarm/code_node.go:659.23,660.14 1 0
github.com/swarm-editor/swarm-editor/internal/swarm/code_node.go:662.5,663.124 2 12
github.com/swarm-editor/swarm-editor/internal/swarm/code_node.go:663.124,664.14 1 0
github.com/swarm-editor/swarm-editor/internal/swarm/code_node.go:666.5,666.24 1 12
github.com/swarm-editor/swarm-editor/internal/swarm/code_node.go:666.24,668.6 1 12
github.com/swarm-editor/swarm-editor/internal/swarm/code_node.go:670.4,670.33 1 321
github.com/swarm-editor/swarm-editor/internal/swarm/code_node.go:670.33,671.24 1 8
github.com/swarm-editor/swarm-editor/internal/swarm/code_node.go:671.24,673.6 1 8
github.com/swarm-editor/swarm-editor/internal/swarm/code_node.go:675.4,675.30 1 321
github.com/swarm-editor/swarm-editor/internal/swarm/code_node.go:675.30,676.24 1 6
github.com/swarm-editor/swarm-editor/internal/swarm/code_node.go:676.24,678.6 1 6
github.com/swarm-editor/swarm-editor/internal/swarm/code_node.go:684.2,684.20 1 139
github.com/swarm-editor/swarm-editor/internal/swarm/code_node.go:684.20,686.3 1 12
github.com/swarm-editor/swarm-editor/internal/swarm/code_node.go:687.2,687.20 1 127
github.com/swarm-editor/swarm-editor/internal/swarm/code_node.go:687.20,689.3 1 12
github.com/swarm-editor/swarm-editor/internal/swarm/code_node.go:690.2,690.17 1 115
github.com/swarm-editor/swarm-editor/internal/swarm/code_node.go:690.17,692.3 1 1
github.com/swarm-editor/swarm-editor/internal/swarm/code_node.go:693.2,693.11 1 114
github.com/swarm-editor/swarm-editor/internal/swarm/code_node.go:697.94,701.62 3 24
github.com/swarm-editor/swarm-editor/internal/swarm/code_node.go:701.62,704.3 2 1
github.com/swarm-editor/swarm-editor/internal/swarm/code_node.go:706.2,710.16 4 24
github.com/swarm-editor/swarm-editor/internal/swarm/code_node.go:710.16,712.3 1 0
github.com/swarm-editor/swarm-editor/internal/swarm/code_node.go:713.2,714.16 2 24
github.com/swarm-editor/swarm-editor/internal/swarm/code_node.go:714.16,716.3 1 0
github.com/swarm-editor/swarm-editor/internal/swarm/code_node.go:718.2,720.18 3 24
github.com/swarm-editor/swarm-editor/internal/swarm/code_node.go:720.18,722.3 1 0
github.com/swarm-editor/swarm-editor/internal/swarm/code_node.go:724.2,725.12 2 24
github.com/swarm-editor/swarm-editor/internal/swarm/code_node.go:726.11,727.19 1 9
github.com/swarm-editor/swarm-editor/internal/swarm/code_node.go:728.11,729.19 1 2
github.com/swarm-editor/swarm-editor/internal/swarm/code_node.go:730.11,731.19 1 6
github.com/swarm-editor/swarm-editor/internal/swarm/code_node.go:732.11,733.14 1 4
github.com/swarm-editor/swarm-editor/internal/swarm/code_node.go:733.14,735.4 1 2
github.com/swarm-editor/swarm-editor/internal/swarm/code_node.go:736.3,736.19 1 2
github.com/swarm-editor/swarm-editor/internal/swarm/code_node.go:737.11,738.14 1 2
github.com/swarm-editor/swarm-editor/internal/swarm/code_node.go:738.14,740.4 1 1
github.com/swarm-editor/swarm-editor/internal/swarm/code_node.go:741.3,741.28 1 1
github.com/swarm-editor/swarm-editor/internal/swarm/code_node.go:742.12,743.28 1 1
github.com/swarm-editor/swarm-editor/internal/swarm/code_node.go:744.10,745.64 1 0
github.com/swarm-editor/swarm-editor/internal/swarm/code_node.go:749.2,749.153 1 21
github.com/swarm-editor/swarm-editor/internal/swarm/code_node.go:749.153,751.3 1 20
github.com/swarm-editor/swarm-editor/internal/swarm/code_node.go:752.2,752.20 1 1
github.com/swarm-editor/swarm-editor/internal/swarm/code_node.go:756.85,764.44 6 62
github.com/swarm-editor/swarm-editor/internal/swarm/code_node.go:764.44,765.24 1 376
github.com/swarm-editor/swarm-editor/internal/swarm/code_node.go:766.12,767.16 1 2
github.com/swarm-editor/swarm-editor/internal/swarm/code_node.go:768.12,769.16 1 63
github.com/swarm-editor/swarm-editor/internal/swarm/code_node.go:771.3,771.21 1 376
github.com/swarm-editor/swarm-editor/internal/swarm/code_node.go:771.21,773.4 1 315
github.com/swarm-editor/swarm-editor/internal/swarm/code_node.go:775.2,775.21 1 62
github.com/swarm-editor/swarm-editor/internal/swarm/code_node.go:775.21,777.3 1 1
github.com/swarm-editor/swarm-editor/internal/swarm/code_node.go:779.2,782.35 3 61
github.com/swarm-editor/swarm-editor/internal/swarm/code_node.go:783.13,784.21 1 6
github.com/swarm-editor/swarm-editor/internal/swarm/code_node.go:784.21,786.4 1 2
github.com/swarm-editor/swarm-editor/internal/swarm/code_node.go:787.3,788.17 2 4
github.com/swarm-editor/swarm-editor/internal/swarm/code_node.go:788.17,790.4 1 0
github.com/swarm-editor/swarm-editor/internal/swarm/code_node.go:791.3,792.10 2 4
github.com/swarm-editor/swarm-editor/internal/swarm/code_node.go:792.10,794.4 1 1
github.com/swarm-editor/swarm-editor/internal/swarm/code_node.go:795.3,795.26 1 3
github.com/swarm-editor/swarm-editor/internal/swarm/code_node.go:797.14,798.21 1 3
github.com/swarm-editor/swarm-editor/internal/swarm/code_node.go:798.21,800.4 1 1
github.com/swarm-editor/swarm-editor/internal/swarm/code_node.go:801.3,802.17 2 2
github.com/swarm-editor/swarm-editor/internal/swarm/code_node.go:802.17,804.4 1 0
github.com/swarm-editor/swarm-editor/internal/swarm/code_node.go:805.3,806.10 2 2
github.com/swarm-editor/swarm-editor/internal/swarm/code_node.go:806.10,808.4 1 1
github.com/swarm-editor/swarm-editor/internal/swarm/code_node.go:809.3,810.100 2 1
github.com/swarm-editor/swarm-editor/internal/swarm/code_node.go:810.100,812.4 1 0
github.com/swarm-editor/swarm-editor/internal/swarm/code_node.go:813.3,813.22 1 1
github.com/swarm-editor/swarm-editor/internal/swarm/code_node.go:815.15,816.21 1 4
github.com/swarm-editor/swarm-editor/internal/swarm/code_node.go:816.21,818.4 1 1
github.com/swarm-editor/swarm-editor/internal/swarm/code_node.go:819.3,820.17 2 3
github.com/swarm-editor/swarm-editor/internal/swarm/code_node.go:820.17,822.4 1 0
github.com/swarm-editor/swarm-editor/internal/swarm/code_node.go:823.3,824.10 2 3
github.com/swarm-editor/swarm-editor/internal/swarm/code_node.go:824.10,826.4 1 1
github.com/swarm-editor/swarm-editor/internal/swarm/code_node.go:827.3,828.100 2 2
github.com/swarm-editor/swarm-editor/internal/swarm/code_node.go:828.100,830.4 1 0
github.com/swarm-editor/swarm-editor/internal/swarm/code_node.go:831.3,831.22 1 2
github.com/swarm-editor/swarm-editor/internal/swarm/code_node.go:833.15,834.21 1 3
github.com/swarm-editor/swarm-editor/internal/swarm/code_node.go:834.21,836.4 1 1
github.com/swarm-editor/swarm-editor/internal/swarm/code_node.go:837.3,838.17 2 2
github.com/swarm-editor/swarm-editor/internal/swarm/code_node.go:838.17,840.4 1 0
github.com/swarm-editor/swarm-editor/internal/swarm/code_node.go:841.3,842.10 2 2
github.com/swarm-editor/swarm-editor/internal/swarm/code_node.go:842.10,844.4 1 1
github.com/swarm-editor/swarm-editor/internal/swarm/code_node.go:845.3,846.100 2 1
github.com/swarm-editor/swarm-editor/internal/swarm/code_node.go:846.100,848.4 1 0
github.com/swarm-editor/swarm-editor/internal/swarm/code_node.go:849.3,849.22 1 1
github.com/swarm-editor/swarm-editor/internal/swarm/code_node.go:851.13,852.21 1 4
github.com/swarm-editor/swarm-editor/internal/swarm/code_node.go:852.21,854.4 1 1
github.com/swarm-editor/swarm-editor/internal/swarm/code_node.go:855.3,856.17 2 3
github.com/swarm-editor/swarm-editor/internal/swarm/code_node.go:856.17,858.4 1 0
github.com/swarm-editor/swarm-editor/internal/swarm/code_node.go:859.3,860.17 2 3
github.com/swarm-editor/swarm-editor/internal/swarm/code_node.go:860.17,862.4 1 0
github.com/swarm-editor/swarm-editor/internal/swarm/code_node.go:863.3,865.19 3 3
github.com/swarm-editor/swarm-editor/internal/swarm/code_node.go:865.19,867.4 1 2
github.com/swarm-editor/swarm-editor/internal/swarm/code_node.go:868.3,868.14 1 1
github.com/swarm-editor/swarm-editor/internal/swarm/code_node.go:868.14,870.4 1 1
github.com/swarm-editor/swarm-editor/internal/swarm/code_node.go:871.3,871.17 1 0
github.com/swarm-editor/swarm-editor/internal/swarm/code_node.go:873.13,874.21 1 3
github.com/swarm-editor/swarm-editor/internal/swarm/code_node.go:874.21,876.4 1 1
github.com/swarm-editor/swarm-editor/internal/swarm/code_node.go:877.3,878.17 2 2
github.com/swarm-editor/swarm-editor/internal/swarm/code_node.go:878.17,880.4 1 0
github.com/swarm-editor/swarm-editor/internal/swarm/code_node.go:881.3,882.17 2 2
github.com/swarm-editor/swarm-editor/internal/swarm/code_node.go:882.17,884.4 1 0
github.com/swarm-editor/swarm-editor/internal/swarm/code_node.go:885.3,887.19 3 2
github.com/swarm-editor/swarm-editor/internal/swarm/code_node.go:887.19,889.4 1 1
github.com/swarm-editor/swarm-editor/internal/swarm/code_node.go:890.3,890.14 1 1
github.com/swarm-editor/swarm-editor/internal/swarm/code_node.go:890.14,892.4 1 0
github.com/swarm-editor/swarm-editor/internal/swarm/code_node.go:893.3,893.17 1 1
github.com/swarm-editor/swarm-editor/internal/swarm/code_node.go:895.13,896.21 1 5
github.com/swarm-editor/swarm-editor/internal/swarm/code_node.go:896.21,898.4 1 1
github.com/swarm-editor/swarm-editor/internal/swarm/code_node.go:899.3,900.17 2 4
github.com/swarm-editor/swarm-editor/internal/swarm/code_node.go:900.17,902.4 1 0
github.com/swarm-editor/swarm-editor/internal/swarm/code_node.go:903.3,904.17 2 4
github.com/swarm-editor/swarm-editor/internal/swarm/code_node.go:904.17,906.4 1 0
github.com/swarm-editor/swarm-editor/internal/swarm/code_node.go:907.3,909.19 3 4
github.com/swarm-editor/swarm-editor/internal/swarm/code_node.go:909.19,911.4 1 2
github.com/swarm-editor/swarm-editor/internal/swarm/code_node.go:912.3,913.154 2 2
github.com/swarm-editor/swarm-editor/internal/swarm/code_node.go:913.154,915.4 1 1
github.com/swarm-editor/swarm-editor/internal/swarm/code_node.go:916.3,916.21 1 1
github.com/swarm-editor/swarm-editor/internal/swarm/code_node.go:918.14,919.21 1 6
github.com/swarm-editor/swarm-editor/internal/swarm/code_node.go:919.21,921.4 1 1
github.com/swarm-editor/swarm-editor/internal/swarm/code_node.go:922.3,923.17 2 5
github.com/swarm-editor/swarm-editor/internal/swarm/code_node.go:923.17,925.4 1 0
github.com/swarm-editor/swarm-editor/internal/swarm/code_node.go:926.3,927.10 2 5
github.com/swarm-editor/swarm-editor/internal/swarm/code_node.go:927.10,929.4 1 1
github.com/swarm-editor/swarm-editor/internal/swarm/code_node.go:930.3,930.12 1 4
github.com/swarm-editor/swarm-editor/internal/swarm/code_node.go:930.12,932.4 1 2
github.com/swarm-editor/swarm-editor/internal/swarm/code_node.go:933.3,934.154 2 2
github.com/swarm-editor/swarm-editor/internal/swarm/code_node.go:934.154,936.4 1 1
github.com/swarm-editor/swarm-editor/internal/swarm/code_node.go:937.3,937.21 1 1
github.com/swarm-editor/swarm-editor/internal/swarm/code_node.go:939.13,940.21 1 4
github.com/swarm-editor/swarm-editor/internal/swarm/code_node.go:940.21,942.4 1 1
github.com/swarm-editor/swarm-editor/internal/swarm/code_node.go:943.3,944.17 2 3
github.com/swarm-editor/swarm-editor/internal/swarm/code_node.go:944.17,946.4 1 0
github.com/swarm-editor/swarm-editor/internal/swarm/code_node.go:947.3,947.26 1 3
github.com/swarm-editor/swarm-editor/internal/swarm/code_node.go:948.15,949.22 1 3
github.com/swarm-editor/swarm-editor/internal/swarm/code_node.go:950.14,951.22 1 0
github.com/swarm-editor/swarm-editor/internal/swarm/code_node.go:952.23,953.22 1 0
github.com/swarm-editor/swarm-editor/internal/swarm/code_node.go:954.11,955.34 1 0
github.com/swarm-editor/swarm-editor/internal/swarm/code_node.go:958.16,959.21 1 4
github.com/swarm-editor/swarm-editor/internal/swarm/code_node.go:959.21,961.4 1 1
github.com/swarm-editor/swarm-editor/internal/swarm/code_node.go:962.3,963.17 2 3
github.com/swarm-editor/swarm-editor/internal/swarm/code_node.go:963.17,965.4 1 0
github.com/swarm-editor/swarm-editor/internal/swarm/code_node.go:966.3,967.17 2 3
github.com/swarm-editor/swarm-editor/internal/swarm/code_node.go:967.17,969.4 1 0
github.com/swarm-editor/swarm-editor/internal/swarm/code_node.go:970.3,971.17 2 3
github.com/swarm-editor/swarm-editor/internal/swarm/code_node.go:971.17,973.4 1 0
github.com/swarm-editor/swarm-editor/internal/swarm/code_node.go:974.3,976.10 3 3
github.com/swarm-editor/swarm-editor/internal/swarm/code_node.go:976.10,978.4 1 0
github.com/swarm-editor/swarm-editor/internal/swarm/code_node.go:979.3,980.10 2 3
github.com/swarm-editor/swarm-editor/internal/swarm/code_node.go:980.10,982.4 1 0
github.com/swarm-editor/swarm-editor/internal/swarm/code_node.go:984.3,984.89 1 3
github.com/swarm-editor/swarm-editor/internal/swarm/code_node.go:984.89,986.4 1 0
github.com/swarm-editor/swarm-editor/internal/swarm/code_node.go:987.3,988.40 2 3
github.com/swarm-editor/swarm-editor/internal/swarm/code_node.go:988.40,990.4 1 2
github.com/swarm-editor/swarm-editor/internal/swarm/code_node.go:991.3,991.23 1 1
github.com/swarm-editor/swarm-editor/internal/swarm/code_node.go:993.29,994.21 1 3
github.com/swarm-editor/swarm-editor/internal/swarm/code_node.go:994.21,996.4 1 1
github.com/swarm-editor/swarm-editor/internal/swarm/code_node.go:997.3,998.17 2 2
github.com/swarm-editor/swarm-editor/internal/swarm/code_node.go:998.17,1000.4 1 0
github.com/swarm-editor/swarm-editor/internal/swarm/code_node.go:1001.3,1002.17 2 2
github.com/swarm-editor/swarm-editor/internal/swarm/code_node.go:1002.17,1004.4 1 0
github.com/swarm-editor/swarm-editor/internal/swarm/code_node.go:1005.3,1005.58 1 2
github.com/swarm-editor/swarm-editor/internal/swarm/code_node.go:1007.13,1008.21 1 3
github.com/swarm-editor/swarm-editor/internal/swarm/code_node.go:1008.21,1010.4 1 1
github.com/swarm-editor/swarm-editor/internal/swarm/code_node.go:1011.3,1012.17 2 2
github.com/swarm-editor/swarm-editor/internal/swarm/code_node.go:1012.17,1014.4 1 0
github.com/swarm-editor/swarm-editor/internal/swarm/code_node.go:1015.3,1016.10 2 2
github.com/swarm-editor/swarm-editor/internal/swarm/code_node.go:1016.10,1018.4 1 1
github.com/swarm-editor/swarm-editor/internal/swarm/code_node.go:1020.3,1020.96 1 1
github.com/swarm-editor/swarm-editor/internal/swarm/code_node.go:1020.96,1022.4 1 0
github.com/swarm-editor/swarm-editor/internal/swarm/code_node.go:1023.3,1023.21 1 1
github.com/swarm-editor/swarm-editor/internal/swarm/code_node.go:1025.15,1026.21 1 3
github.com/swarm-editor/swarm-editor/internal/swarm/code_node.go:1026.21,1028.4 1 1
github.com/swarm-editor/swarm-editor/internal/swarm/code_node.go:1029.3,1030.17 2 2
github.com/swarm-editor/swarm-editor/internal/swarm/code_node.go:1030.17,1032.4 1 0
github.com/swarm-editor/swarm-editor/internal/swarm/code_node.go:1033.3,1034.10 2 2
github.com/swarm-editor/swarm-editor/internal/swarm/code_node.go:1034.10,1036.4 1 1
github.com/swarm-editor/swarm-editor/internal/swarm/code_node.go:1037.3,1037.16 1 1
github.com/swarm-editor/swarm-editor/internal/swarm/code_node.go:1039.13,1040.21 1 2
github.com/swarm-editor/swarm-editor/internal/swarm/code_node.go:1040.21,1042.4 1 1
github.com/swarm-editor/swarm-editor/internal/swarm/code_node.go:1043.3,1044.17 2 1
github.com/swarm-editor/swarm-editor/internal/swarm/code_node.go:1044.17,1046.4 1 0
github.com/swarm-editor/swarm-editor/internal/swarm/code_node.go:1047.3,1047.28 1 1
github.com/swarm-editor/swarm-editor/internal/swarm/code_node.go:1049.20,1050.21 1 5
github.com/swarm-editor/swarm-editor/internal/swarm/code_node.go:1050.21,1052.4 1 1
github.com/swarm-editor/swarm-editor/internal/swarm/code_node.go:1053.3,1054.17 2 4
github.com/swarm-editor/swarm-editor/internal/swarm/code_node.go:1054.17,1056.4 1 0
github.com/swarm-editor/swarm-editor/internal/swarm/code_node.go:1057.3,1058.72 2 4
github.com/swarm-editor/swarm-editor/internal/swarm/code_node.go:1058.72,1060.4 1 1
github.com/swarm-editor/swarm-editor/internal/swarm/code_node.go:1061.3,1061.21 1 3
github.com/swarm-editor/swarm-editor/internal/swarm/code_node.go:1063.24,1064.21 1 2
github.com/swarm-editor/swarm-editor/internal/swarm/code_node.go:1064.21,1066.4 1 1
github.com/swarm-editor/swarm-editor/internal/swarm/code_node.go:1067.3,1068.17 2 1
github.com/swarm-editor/swarm-editor/internal/swarm/code_node.go:1068.17,1070.4 1 0
github.com/swarm-editor/swarm-editor/internal/swarm/code_node.go:1071.3,1072.17 2 1
github.com/swarm-editor/swarm-editor/internal/swarm/code_node.go:1072.17,1074.4 1 0
github.com/swarm-editor/swarm-editor/internal/swarm/code_node.go:1075.3,1075.24 1 1
github.com/swarm-editor/swarm-editor/internal/swarm/code_node.go:1077.10,1078.59 1 1
github.com/swarm-editor/swarm-editor/internal/swarm/code_node.go:1083.75,1085.15 2 60
github.com/swarm-editor/swarm-editor/internal/swarm/code_node.go:1085.15,1087.3 1 0
github.com/swarm-editor/swarm-editor/internal/swarm/code_node.go:1090.2,1091.65 1 60
github.com/swarm-editor/swarm-editor/internal/swarm/code_node.go:1091.65,1093.3 1 28
github.com/swarm-editor/swarm-editor/internal/swarm/code_node.go:1096.2,1096.55 1 32
github.com/swarm-editor/swarm-editor/internal/swarm/code_node.go:1096.55,1098.155 1 30
github.com/swarm-editor/swarm-editor/internal/swarm/code_node.go:1098.155,1100.4 1 26
github.com/swarm-editor/swarm-editor/internal/swarm/code_node.go:1101.3,1101.16 1 4
github.com/swarm-editor/swarm-editor/internal/swarm/code_node.go:1105.2,1105.19 1 2
github.com/swarm-editor/swarm-editor/internal/swarm/code_node.go:1105.19,1107.3 1 0
github.com/swarm-editor/swarm-editor/internal/swarm/code_node.go:1108.2,1108.20 1 2
github.com/swarm-editor/swarm-editor/internal/swarm/code_node.go:1108.20,1110.3 1 0
github.com/swarm-editor/swarm-editor/internal/swarm/code_node.go:1111.2,1111.35 1 2
github.com/swarm-editor/swarm-editor/internal/swarm/code_node.go:1111.35,1113.3 1 0
github.com/swarm-editor/swarm-editor/internal/swarm/code_node.go:1116.2,1116.30 1 2
github.com/swarm-editor/swarm-editor/internal/swarm/code_node.go:1116.30,1118.3 1 0
github.com/swarm-editor/swarm-editor/internal/swarm/code_node.go:1121.2,1121.57 1 2
github.com/swarm-editor/swarm-editor/internal/swarm/code_node.go:1125.33,1126.16 1 76
github.com/swarm-editor/swarm-editor/internal/swarm/code_node.go:1126.16,1128.3 1 1
github.com/swarm-editor/swarm-editor/internal/swarm/code_node.go:1129.2,1129.20 1 75
github.com/swarm-editor/swarm-editor/internal/swarm/code_node.go:1130.12,1131.19 1 21
github.com/swarm-editor/swarm-editor/internal/swarm/code_node.go:1132.43,1133.18 1 38
github.com/swarm-editor/swarm-editor/internal/swarm/code_node.go:1134.14,1135.18 1 13
github.com/swarm-editor/swarm-editor/internal/swarm/code_node.go:1136.13,1137.17 1 0
github.com/swarm-editor/swarm-editor/internal/swarm/code_node.go:1138.22,1139.18 1 3
github.com/swarm-editor/swarm-editor/internal/swarm/code_node.go:1140.10,1141.19 1 0
github.com/swarm-editor/swarm-editor/internal/swarm/condition_node.go:68.76,73.31 4 69
github.com/swarm-editor/swarm-editor/internal/swarm/condition_node.go:73.31,75.3 1 1
github.com/swarm-editor/swarm-editor/internal/swarm/condition_node.go:77.2,84.8 2 68
github.com/swarm-editor/swarm-editor/internal/swarm/condition_node.go:88.67,89.18 1 68
github.com/swarm-editor/swarm-editor/internal/swarm/condition_node.go:90.15,91.35 1 14
github.com/swarm-editor/swarm-editor/internal/swarm/condition_node.go:92.18,93.36 1 2
github.com/swarm-editor/swarm-editor/internal/swarm/condition_node.go:94.66,95.47 1 13
github.com/swarm-editor/swarm-editor/internal/swarm/condition_node.go:96.18,97.38 1 2
github.com/swarm-editor/swarm-editor/internal/swarm/condition_node.go:98.21,99.39 1 2
github.com/swarm-editor/swarm-editor/internal/swarm/condition_node.go:100.20,101.42 1 2
github.com/swarm-editor/swarm-editor/internal/swarm/condition_node.go:102.18,103.42 1 2
github.com/swarm-editor/swarm-editor/internal/swarm/condition_node.go:104.17,105.23 1 8
github.com/swarm-editor/swarm-editor/internal/swarm/condition_node.go:106.20,107.24 1 2
github.com/swarm-editor/swarm-editor/internal/swarm/condition_node.go:108.17,109.42 1 3
github.com/swarm-editor/swarm-editor/internal/swarm/condition_node.go:110.20,111.41 1 2
github.com/swarm-editor/swarm-editor/internal/swarm/condition_node.go:112.16,113.24 1 7
github.com/swarm-editor/swarm-editor/internal/swarm/condition_node.go:114.17,115.25 1 2
github.com/swarm-editor/swarm-editor/internal/swarm/condition_node.go:116.12,117.32 1 5
github.com/swarm-editor/swarm-editor/internal/swarm/condition_node.go:118.15,119.33 1 2
github.com/swarm-editor/swarm-editor/internal/swarm/condition_node.go:120.10,121.15 1 0
github.com/swarm-editor/swarm-editor/internal/swarm/condition_node.go:126.41,128.33 1 21
github.com/swarm-editor/swarm-editor/internal/swarm/condition_node.go:128.33,130.3 1 1
github.com/swarm-editor/swarm-editor/internal/swarm/condition_node.go:131.2,131.33 1 20
github.com/swarm-editor/swarm-editor/internal/swarm/condition_node.go:131.33,133.3 1 2
github.com/swarm-editor/swarm-editor/internal/swarm/condition_node.go:136.2,138.37 3 18
github.com/swarm-editor/swarm-editor/internal/swarm/condition_node.go:138.37,141.17 3 8
github.com/swarm-editor/swarm-editor/internal/swarm/condition_node.go:141.17,143.4 1 6
github.com/swarm-editor/swarm-editor/internal/swarm/condition_node.go:147.2,149.18 3 12
github.com/swarm-editor/swarm-editor/internal/swarm/condition_node.go:149.18,151.3 1 9
github.com/swarm-editor/swarm-editor/internal/swarm/condition_node.go:154.2,156.18 3 3
github.com/swarm-editor/swarm-editor/internal/swarm/condition_node.go:156.18,158.3 1 1
github.com/swarm-editor/swarm-editor/internal/swarm/condition_node.go:161.2,161.14 1 2
github.com/swarm-editor/swarm-editor/internal/swarm/condition_node.go:166.64,170.37 3 27
github.com/swarm-editor/swarm-editor/internal/swarm/condition_node.go:170.37,173.17 3 24
github.com/swarm-editor/swarm-editor/internal/swarm/condition_node.go:173.17,174.20 1 24
github.com/swarm-editor/swarm-editor/internal/swarm/condition_node.go:175.23,176.19 1 13
github.com/swarm-editor/swarm-editor/internal/swarm/condition_node.go:177.20,178.19 1 3
github.com/swarm-editor/swarm-editor/internal/swarm/condition_node.go:179.26,180.20 1 4
github.com/swarm-editor/swarm-editor/internal/swarm/condition_node.go:181.23,182.20 1 4
github.com/swarm-editor/swarm-editor/internal/swarm/condition_node.go:188.2,190.16 3 3
github.com/swarm-editor/swarm-editor/internal/swarm/condition_node.go:190.16,191.19 1 3
github.com/swarm-editor/swarm-editor/internal/swarm/condition_node.go:192.22,193.18 1 2
github.com/swarm-editor/swarm-editor/internal/swarm/condition_node.go:194.19,195.18 1 1
github.com/swarm-editor/swarm-editor/internal/swarm/condition_node.go:196.25,197.19 1 0
github.com/swarm-editor/swarm-editor/internal/swarm/condition_node.go:198.22,199.19 1 0
github.com/swarm-editor/swarm-editor/internal/swarm/condition_node.go:203.2,203.14 1 0
github.com/swarm-editor/swarm-editor/internal/swarm/condition_node.go:207.44,211.2 3 4
github.com/swarm-editor/swarm-editor/internal/swarm/condition_node.go:214.48,218.2 3 2
github.com/swarm-editor/swarm-editor/internal/swarm/condition_node.go:221.48,225.2 3 2
github.com/swarm-editor/swarm-editor/internal/swarm/condition_node.go:229.54,232.39 3 5
github.com/swarm-editor/swarm-editor/internal/swarm/condition_node.go:232.39,234.3 1 1
github.com/swarm-editor/swarm-editor/internal/swarm/condition_node.go:235.2,236.16 2 4
github.com/swarm-editor/swarm-editor/internal/swarm/condition_node.go:236.16,238.3 1 0
github.com/swarm-editor/swarm-editor/internal/swarm/condition_node.go:239.2,239.12 1 4
github.com/swarm-editor/swarm-editor/internal/swarm/condition_node.go:239.12,241.3 1 2
github.com/swarm-editor/swarm-editor/internal/swarm/condition_node.go:242.2,242.16 1 2
github.com/swarm-editor/swarm-editor/internal/swarm/condition_node.go:246.38,250.34 2 7
github.com/swarm-editor/swarm-editor/internal/swarm/condition_node.go:250.34,251.28 1 2
github.com/swarm-editor/swarm-editor/internal/swarm/condition_node.go:251.28,252.28 1 5
github.com/swarm-editor/swarm-editor/internal/swarm/condition_node.go:252.28,254.5 1 1
github.com/swarm-editor/swarm-editor/internal/swarm/condition_node.go:256.3,256.15 1 1
github.com/swarm-editor/swarm-editor/internal/swarm/condition_node.go:259.2,262.60 2 5
github.com/swarm-editor/swarm-editor/internal/swarm/condition_node.go:262.60,264.33 2 5
github.com/swarm-editor/swarm-editor/internal/swarm/condition_node.go:264.33,266.4 1 1
github.com/swarm-editor/swarm-editor/internal/swarm/condition_node.go:267.3,268.27 2 5
github.com/swarm-editor/swarm-editor/internal/swarm/condition_node.go:268.27,269.37 1 12
github.com/swarm-editor/swarm-editor/internal/swarm/condition_node.go:269.37,271.5 1 3
github.com/swarm-editor/swarm-editor/internal/swarm/condition_node.go:273.3,273.15 1 2
github.com/swarm-editor/swarm-editor/internal/swarm/condition_node.go:276.2,276.34 1 0
github.com/swarm-editor/swarm-editor/internal/swarm/condition_node.go:280.28,281.16 1 32
github.com/swarm-editor/swarm-editor/internal/swarm/condition_node.go:281.16,283.3 1 4
github.com/swarm-editor/swarm-editor/internal/swarm/condition_node.go:284.2,284.25 1 28
github.com/swarm-editor/swarm-editor/internal/swarm/condition_node.go:285.14,286.17 1 7
github.com/swarm-editor/swarm-editor/internal/swarm/condition_node.go:287.12,288.12 1 4
github.com/swarm-editor/swarm-editor/internal/swarm/condition_node.go:289.11,290.16 1 4
github.com/swarm-editor/swarm-editor/internal/swarm/condition_node.go:291.13,292.16 1 3
github.com/swarm-editor/swarm-editor/internal/swarm/condition_node.go:293.13,294.16 1 2
github.com/swarm-editor/swarm-editor/internal/swarm/condition_node.go:295.13,296.16 1 0
github.com/swarm-editor/swarm-editor/internal/swarm/condition_node.go:297.12,298.16 1 0
github.com/swarm-editor/swarm-editor/internal/swarm/condition_node.go:299.12,300.16 1 1
github.com/swarm-editor/swarm-editor/internal/swarm/condition_node.go:301.14,302.16 1 1
github.com/swarm-editor/swarm-editor/internal/swarm/condition_node.go:303.14,304.16 1 1
github.com/swarm-editor/swarm-editor/internal/swarm/condition_node.go:305.14,306.16 1 0
github.com/swarm-editor/swarm-editor/internal/swarm/condition_node.go:307.13,308.16 1 0
github.com/swarm-editor/swarm-editor/internal/swarm/condition_node.go:309.15,310.16 1 2
github.com/swarm-editor/swarm-editor/internal/swarm/condition_node.go:311.15,312.16 1 2
github.com/swarm-editor/swarm-editor/internal/swarm/condition_node.go:313.13,314.21 1 1
github.com/swarm-editor/swarm-editor/internal/swarm/condition_node.go:315.22,316.21 1 0
github.com/swarm-editor/swarm-editor/internal/swarm/condition_node.go:318.2,318.14 1 0
github.com/swarm-editor/swarm-editor/internal/swarm/condition_node.go:322.29,323.16 1 62
github.com/swarm-editor/swarm-editor/internal/swarm/condition_node.go:323.16,325.3 1 2
github.com/swarm-editor/swarm-editor/internal/swarm/condition_node.go:326.2,326.25 1 60
github.com/swarm-editor/swarm-editor/internal/swarm/condition_node.go:327.14,328.17 1 5
github.com/swarm-editor/swarm-editor/internal/swarm/condition_node.go:329.12,330.11 1 25
github.com/swarm-editor/swarm-editor/internal/swarm/condition_node.go:331.11,332.16 1 4
github.com/swarm-editor/swarm-editor/internal/swarm/condition_node.go:333.13,334.16 1 2
github.com/swarm-editor/swarm-editor/internal/swarm/condition_node.go:335.13,336.16 1 2
github.com/swarm-editor/swarm-editor/internal/swarm/condition_node.go:337.13,338.16 1 2
github.com/swarm-editor/swarm-editor/internal/swarm/condition_node.go:339.12,340.16 1 2
github.com/swarm-editor/swarm-editor/internal/swarm/condition_node.go:341.12,342.16 1 2
github.com/swarm-editor/swarm-editor/internal/swarm/condition_node.go:343.14,344.16 1 2
github.com/swarm-editor/swarm-editor/internal/swarm/condition_node.go:345.14,346.16 1 2
github.com/swarm-editor/swarm-editor/internal/swarm/condition_node.go:347.14,348.16 1 2
github.com/swarm-editor/swarm-editor/internal/swarm/condition_node.go:349.13,350.16 1 2
github.com/swarm-editor/swarm-editor/internal/swarm/condition_node.go:351.15,352.16 1 2
github.com/swarm-editor/swarm-editor/internal/swarm/condition_node.go:353.15,354.16 1 2
github.com/swarm-editor/swarm-editor/internal/swarm/condition_node.go:355.13,356.20 1 2
github.com/swarm-editor/swarm-editor/internal/swarm/condition_node.go:357.22,358.20 1 2
github.com/swarm-editor/swarm-editor/internal/swarm/condition_node.go:360.2,360.13 1 0
github.com/swarm-editor/swarm-editor/internal/swarm/condition_node.go:364.41,365.25 1 223
github.com/swarm-editor/swarm-editor/internal/swarm/condition_node.go:366.15,367.17 1 14
github.com/swarm-editor/swarm-editor/internal/swarm/condition_node.go:368.15,369.26 1 1
github.com/swarm-editor/swarm-editor/internal/swarm/condition_node.go:370.11,371.26 1 168
github.com/swarm-editor/swarm-editor/internal/swarm/condition_node.go:372.13,373.26 1 1
github.com/swarm-editor/swarm-editor/internal/swarm/condition_node.go:374.13,375.26 1 1
github.com/swarm-editor/swarm-editor/internal/swarm/condition_node.go:376.13,377.26 1 1
github.com/swarm-editor/swarm-editor/internal/swarm/condition_node.go:378.12,379.26 1 1
github.com/swarm-editor/swarm-editor/internal/swarm/condition_node.go:380.12,381.26 1 1
github.com/swarm-editor/swarm-editor/internal/swarm/condition_node.go:382.14,383.26 1 1
github.com/swarm-editor/swarm-editor/internal/swarm/condition_node.go:384.14,385.26 1 1
github.com/swarm-editor/swarm-editor/internal/swarm/condition_node.go:386.14,387.26 1 1
github.com/swarm-editor/swarm-editor/internal/swarm/condition_node.go:388.13,389.26 1 1
github.com/swarm-editor/swarm-editor/internal/swarm/condition_node.go:390.14,392.54 2 24
github.com/swarm-editor/swarm-editor/internal/swarm/condition_node.go:392.54,394.4 1 18
github.com/swarm-editor/swarm-editor/internal/swarm/condition_node.go:395.3,395.17 1 6
github.com/swarm-editor/swarm-editor/internal/swarm/condition_node.go:396.10,397.18 1 7
github.com/swarm-editor/swarm-editor/internal/swarm/condition_node.go:402.31,403.16 1 266
github.com/swarm-editor/swarm-editor/internal/swarm/condition_node.go:403.16,405.3 1 5
github.com/swarm-editor/swarm-editor/internal/swarm/condition_node.go:406.2,406.25 1 261
github.com/swarm-editor/swarm-editor/internal/swarm/condition_node.go:407.14,408.11 1 229
github.com/swarm-editor/swarm-editor/internal/swarm/condition_node.go:409.12,410.31 1 9
github.com/swarm-editor/swarm-editor/internal/swarm/condition_node.go:411.11,412.25 1 11
github.com/swarm-editor/swarm-editor/internal/swarm/condition_node.go:413.13,414.34 1 1
github.com/swarm-editor/swarm-editor/internal/swarm/condition_node.go:415.13,416.41 1 1
github.com/swarm-editor/swarm-editor/internal/swarm/condition_node.go:417.13,418.41 1 1
github.com/swarm-editor/swarm-editor/internal/swarm/condition_node.go:419.12,420.41 1 1
github.com/swarm-editor/swarm-editor/internal/swarm/condition_node.go:421.12,422.43 1 1
github.com/swarm-editor/swarm-editor/internal/swarm/condition_node.go:423.14,424.35 1 1
github.com/swarm-editor/swarm-editor/internal/swarm/condition_node.go:425.14,426.43 1 1
github.com/swarm-editor/swarm-editor/internal/swarm/condition_node.go:427.14,428.43 1 1
github.com/swarm-editor/swarm-editor/internal/swarm/condition_node.go:429.13,430.43 1 1
github.com/swarm-editor/swarm-editor/internal/swarm/condition_node.go:431.15,432.45 1 1
github.com/swarm-editor/swarm-editor/internal/swarm/condition_node.go:433.15,434.54 1 1
github.com/swarm-editor/swarm-editor/internal/swarm/condition_node.go:435.20,436.20 1 0
github.com/swarm-editor/swarm-editor/internal/swarm/condition_node.go:437.10,438.30 1 1
github.com/swarm-editor/swarm-editor/internal/swarm/condition_node.go:443.33,445.33 2 1
github.com/swarm-editor/swarm-editor/internal/swarm/condition_node.go:445.33,447.3 1 18
github.com/swarm-editor/swarm-editor/internal/swarm/condition_node.go:448.2,448.32 1 1
github.com/swarm-editor/swarm-editor/internal/swarm/consensus.go:101.92,102.32 1 49
github.com/swarm-editor/swarm-editor/internal/swarm/consensus.go:102.32,104.3 1 43
github.com/swarm-editor/swarm-editor/internal/swarm/consensus.go:105.2,105.35 1 49
github.com/swarm-editor/swarm-editor/internal/swarm/consensus.go:105.35,107.3 1 47
github.com/swarm-editor/swarm-editor/internal/swarm/consensus.go:108.2,108.30 1 49
github.com/swarm-editor/swarm-editor/internal/swarm/consensus.go:108.30,110.3 1 42
github.com/swarm-editor/swarm-editor/internal/swarm/consensus.go:112.2,116.3 1 49
github.com/swarm-editor/swarm-editor/internal/swarm/consensus.go:120.60,124.15 3 16
github.com/swarm-editor/swarm-editor/internal/swarm/consensus.go:124.15,126.3 1 1
github.com/swarm-editor/swarm-editor/internal/swarm/consensus.go:128.2,133.12 5 15
github.com/swarm-editor/swarm-editor/internal/swarm/consensus.go:137.34,139.16 2 16
github.com/swarm-editor/swarm-editor/internal/swarm/consensus.go:139.16,142.3 2 1
github.com/swarm-editor/swarm-editor/internal/swarm/consensus.go:143.2,144.21 2 15
github.com/swarm-editor/swarm-editor/internal/swarm/consensus.go:144.21,146.3 1 15
github.com/swarm-editor/swarm-editor/internal/swarm/consensus.go:147.2,151.20 3 15
github.com/swarm-editor/swarm-editor/internal/swarm/consensus.go:156.129,157.17 1 9
github.com/swarm-editor/swarm-editor/internal/swarm/consensus.go:157.17,159.3 1 0
github.com/swarm-editor/swarm-editor/internal/swarm/consensus.go:160.2,160.21 1 9
github.com/swarm-editor/swarm-editor/internal/swarm/consensus.go:160.21,162.3 1 0
github.com/swarm-editor/swarm-editor/internal/swarm/consensus.go:164.2,176.22 6 9
github.com/swarm-editor/swarm-editor/internal/swarm/consensus.go:176.22,178.3 1 2
github.com/swarm-editor/swarm-editor/internal/swarm/consensus.go:181.2,187.20 4 9
github.com/swarm-editor/swarm-editor/internal/swarm/consensus.go:191.131,193.2 1 2
github.com/swarm-editor/swarm-editor/internal/swarm/consensus.go:196.76,198.15 2 9
github.com/swarm-editor/swarm-editor/internal/swarm/consensus.go:198.15,199.31 1 9
github.com/swarm-editor/swarm-editor/internal/swarm/consensus.go:199.31,201.4 1 0
github.com/swarm-editor/swarm-editor/internal/swarm/consensus.go:204.2,205.22 2 9
github.com/swarm-editor/swarm-editor/internal/swarm/consensus.go:205.22,207.3 1 6
github.com/swarm-editor/swarm-editor/internal/swarm/consensus.go:213.2,219.22 4 9
github.com/swarm-editor/swarm-editor/internal/swarm/consensus.go:219.22,222.3 2 6
github.com/swarm-editor/swarm-editor/internal/swarm/consensus.go:225.2,225.34 1 3
github.com/swarm-editor/swarm-editor/internal/swarm/consensus.go:225.34,233.23 6 0
github.com/swarm-editor/swarm-editor/internal/swarm/consensus.go:233.23,234.11 1 0
github.com/swarm-editor/swarm-editor/internal/swarm/consensus.go:235.24,235.24 0 0
github.com/swarm-editor/swarm-editor/internal/swarm/consensus.go:236.28,237.11 1 0
github.com/swarm-editor/swarm-editor/internal/swarm/consensus.go:239.9,241.4 1 0
github.com/swarm-editor/swarm-editor/internal/swarm/consensus.go:244.2,245.27 2 3
github.com/swarm-editor/swarm-editor/internal/swarm/consensus.go:245.27,247.28 2 9
github.com/swarm-editor/swarm-editor/internal/swarm/consensus.go:247.28,249.17 2 9
github.com/swarm-editor/swarm-editor/internal/swarm/consensus.go:249.17,250.33 1 9
github.com/swarm-editor/swarm-editor/internal/swarm/consensus.go:250.33,252.6 1 0
github.com/swarm-editor/swarm-editor/internal/swarm/consensus.go:254.4,258.25 3 9
github.com/swarm-editor/swarm-editor/internal/swarm/consensus.go:258.25,265.26 5 7
github.com/swarm-editor/swarm-editor/internal/swarm/consensus.go:265.26,267.6 1 0
github.com/swarm-editor/swarm-editor/internal/swarm/consensus.go:269.5,269.23 1 7
github.com/swarm-editor/swarm-editor/internal/swarm/consensus.go:269.23,273.52 4 3
github.com/swarm-editor/swarm-editor/internal/swarm/consensus.go:273.52,275.7 1 1
github.com/swarm-editor/swarm-editor/internal/swarm/consensus.go:277.5,277.11 1 7
github.com/swarm-editor/swarm-editor/internal/swarm/consensus.go:279.4,279.17 1 2
github.com/swarm-editor/swarm-editor/internal/swarm/consensus.go:283.2,283.11 1 3
github.com/swarm-editor/swarm-editor/internal/swarm/consensus.go:288.85,301.22 7 9
github.com/swarm-editor/swarm-editor/internal/swarm/consensus.go:301.22,303.3 1 9
github.com/swarm-editor/swarm-editor/internal/swarm/consensus.go:303.8,305.3 1 0
github.com/swarm-editor/swarm-editor/internal/swarm/consensus.go:306.2,309.16 3 9
github.com/swarm-editor/swarm-editor/internal/swarm/consensus.go:309.16,316.3 1 9
github.com/swarm-editor/swarm-editor/internal/swarm/consensus.go:319.2,319.48 1 0
github.com/swarm-editor/swarm-editor/internal/swarm/consensus.go:323.68,325.24 2 12
github.com/swarm-editor/swarm-editor/internal/swarm/consensus.go:325.24,328.30 2 2
github.com/swarm-editor/swarm-editor/internal/swarm/consensus.go:328.30,330.4 1 1
github.com/swarm-editor/swarm-editor/internal/swarm/consensus.go:333.2,354.76 1 12
github.com/swarm-editor/swarm-editor/internal/swarm/consensus.go:358.118,374.71 4 4
github.com/swarm-editor/swarm-editor/internal/swarm/consensus.go:374.71,378.3 2 1
github.com/swarm-editor/swarm-editor/internal/swarm/consensus.go:378.8,383.30 4 3
github.com/swarm-editor/swarm-editor/internal/swarm/consensus.go:383.30,385.4 1 2
github.com/swarm-editor/swarm-editor/internal/swarm/consensus.go:388.2,388.19 1 4
github.com/swarm-editor/swarm-editor/internal/swarm/consensus.go:392.69,394.35 1 7
github.com/swarm-editor/swarm-editor/internal/swarm/consensus.go:394.35,396.3 1 0
github.com/swarm-editor/swarm-editor/internal/swarm/consensus.go:399.2,406.47 6 7
github.com/swarm-editor/swarm-editor/internal/swarm/consensus.go:406.47,407.45 1 56
github.com/swarm-editor/swarm-editor/internal/swarm/consensus.go:407.45,409.4 1 6
github.com/swarm-editor/swarm-editor/internal/swarm/consensus.go:412.2,412.47 1 7
github.com/swarm-editor/swarm-editor/internal/swarm/consensus.go:412.47,413.45 1 49
github.com/swarm-editor/swarm-editor/internal/swarm/consensus.go:413.45,415.4 1 3
github.com/swarm-editor/swarm-editor/internal/swarm/consensus.go:418.2,418.39 1 7
github.com/swarm-editor/swarm-editor/internal/swarm/consensus.go:422.72,426.16 2 21
github.com/swarm-editor/swarm-editor/internal/swarm/consensus.go:427.32,428.19 1 2
github.com/swarm-editor/swarm-editor/internal/swarm/consensus.go:429.31,430.19 1 2
github.com/swarm-editor/swarm-editor/internal/swarm/consensus.go:431.35,432.19 1 1
github.com/swarm-editor/swarm-editor/internal/swarm/consensus.go:436.2,437.22 2 21
github.com/swarm-editor/swarm-editor/internal/swarm/consensus.go:437.22,439.32 2 3
github.com/swarm-editor/swarm-editor/internal/swarm/consensus.go:439.32,440.42 1 6
github.com/swarm-editor/swarm-editor/internal/swarm/consensus.go:440.42,442.5 1 3
github.com/swarm-editor/swarm-editor/internal/swarm/consensus.go:444.3,445.40 2 3
github.com/swarm-editor/swarm-editor/internal/swarm/consensus.go:448.2,448.19 1 21
github.com/swarm-editor/swarm-editor/internal/swarm/consensus.go:454.148,455.22 1 5
github.com/swarm-editor/swarm-editor/internal/swarm/consensus.go:455.22,457.3 1 1
github.com/swarm-editor/swarm-editor/internal/swarm/consensus.go:459.2,464.17 4 4
github.com/swarm-editor/swarm-editor/internal/swarm/consensus.go:464.17,467.3 2 0
github.com/swarm-editor/swarm-editor/internal/swarm/consensus.go:469.2,469.24 1 4
github.com/swarm-editor/swarm-editor/internal/swarm/consensus.go:473.85,477.44 1 33
github.com/swarm-editor/swarm-editor/internal/swarm/consensus.go:477.44,481.25 2 5
github.com/swarm-editor/swarm-editor/internal/swarm/consensus.go:481.25,483.4 1 3
github.com/swarm-editor/swarm-editor/internal/swarm/consensus.go:484.3,484.25 1 5
github.com/swarm-editor/swarm-editor/internal/swarm/consensus.go:484.25,486.4 1 1
github.com/swarm-editor/swarm-editor/internal/swarm/consensus.go:487.3,487.50 1 4
github.com/swarm-editor/swarm-editor/internal/swarm/consensus.go:491.2,492.22 2 28
github.com/swarm-editor/swarm-editor/internal/swarm/consensus.go:492.22,494.3 1 5
github.com/swarm-editor/swarm-editor/internal/swarm/consensus.go:496.2,497.25 2 23
github.com/swarm-editor/swarm-editor/internal/swarm/consensus.go:497.25,499.3 1 2
github.com/swarm-editor/swarm-editor/internal/swarm/consensus.go:502.2,503.22 2 21
github.com/swarm-editor/swarm-editor/internal/swarm/consensus.go:503.22,505.3 1 0
github.com/swarm-editor/swarm-editor/internal/swarm/consensus.go:506.2,519.26 7 21
github.com/swarm-editor/swarm-editor/internal/swarm/consensus.go:520.31,522.26 1 7
github.com/swarm-editor/swarm-editor/internal/swarm/consensus.go:522.26,524.4 1 1
github.com/swarm-editor/swarm-editor/internal/swarm/consensus.go:526.3,526.26 1 6
github.com/swarm-editor/swarm-editor/internal/swarm/consensus.go:526.26,528.4 1 2
github.com/swarm-editor/swarm-editor/internal/swarm/consensus.go:529.30,530.29 1 3
github.com/swarm-editor/swarm-editor/internal/swarm/consensus.go:530.29,532.4 1 1
github.com/swarm-editor/swarm-editor/internal/swarm/consensus.go:533.3,533.27 1 2
github.com/swarm-editor/swarm-editor/internal/swarm/consensus.go:533.27,535.4 1 0
github.com/swarm-editor/swarm-editor/internal/swarm/consensus.go:536.25,538.33 2 3
github.com/swarm-editor/swarm-editor/internal/swarm/consensus.go:538.33,540.4 1 1
github.com/swarm-editor/swarm-editor/internal/swarm/consensus.go:541.3,541.31 1 2
github.com/swarm-editor/swarm-editor/internal/swarm/consensus.go:541.31,543.4 1 0
github.com/swarm-editor/swarm-editor/internal/swarm/consensus.go:544.26,545.29 1 3
github.com/swarm-editor/swarm-editor/internal/swarm/consensus.go:545.29,547.4 1 1
github.com/swarm-editor/swarm-editor/internal/swarm/consensus.go:548.3,548.27 1 2
github.com/swarm-editor/swarm-editor/internal/swarm/consensus.go:548.27,550.4 1 0
github.com/swarm-editor/swarm-editor/internal/swarm/consensus.go:551.25,553.44 1 5
github.com/swarm-editor/swarm-editor/internal/swarm/consensus.go:553.44,555.4 1 2
github.com/swarm-editor/swarm-editor/internal/swarm/consensus.go:558.2,558.14 1 13
github.com/swarm-editor/swarm-editor/internal/swarm/consensus.go:563.121,565.18 2 9
github.com/swarm-editor/swarm-editor/internal/swarm/consensus.go:565.18,567.3 1 0
github.com/swarm-editor/swarm-editor/internal/swarm/consensus.go:569.2,573.9 3 9
github.com/swarm-editor/swarm-editor/internal/swarm/consensus.go:574.28,579.21 4 3
github.com/swarm-editor/swarm-editor/internal/swarm/consensus.go:581.20,584.24 3 6
github.com/swarm-editor/swarm-editor/internal/swarm/consensus.go:584.24,586.4 1 6
github.com/swarm-editor/swarm-editor/internal/swarm/consensus.go:587.3,589.42 3 6
github.com/swarm-editor/swarm-editor/internal/swarm/consensus.go:589.42,591.4 1 0
github.com/swarm-editor/swarm-editor/internal/swarm/consensus.go:592.3,592.21 1 6
github.com/swarm-editor/swarm-editor/internal/swarm/consensus.go:599.98,600.22 1 20
github.com/swarm-editor/swarm-editor/internal/swarm/consensus.go:600.22,602.3 1 9
github.com/swarm-editor/swarm-editor/internal/swarm/consensus.go:604.2,610.58 5 11
github.com/swarm-editor/swarm-editor/internal/swarm/consensus.go:610.58,612.3 1 2
github.com/swarm-editor/swarm-editor/internal/swarm/consensus.go:612.8,612.31 1 9
github.com/swarm-editor/swarm-editor/internal/swarm/consensus.go:612.31,614.3 1 0
github.com/swarm-editor/swarm-editor/internal/swarm/consensus.go:617.2,618.54 2 11
github.com/swarm-editor/swarm-editor/internal/swarm/consensus.go:618.54,620.26 2 11
github.com/swarm-editor/swarm-editor/internal/swarm/consensus.go:620.26,622.4 1 4
github.com/swarm-editor/swarm-editor/internal/swarm/consensus.go:623.3,628.5 1 11
github.com/swarm-editor/swarm-editor/internal/swarm/consensus.go:632.2,633.54 2 11
github.com/swarm-editor/swarm-editor/internal/swarm/consensus.go:633.54,640.3 1 11
github.com/swarm-editor/swarm-editor/internal/swarm/consensus.go:642.2,651.29 2 11
github.com/swarm-editor/swarm-editor/internal/swarm/consensus.go:651.29,653.3 1 11
github.com/swarm-editor/swarm-editor/internal/swarm/consensus.go:656.2,656.29 1 11
github.com/swarm-editor/swarm-editor/internal/swarm/consensus.go:663.98,665.41 2 34
github.com/swarm-editor/swarm-editor/internal/swarm/consensus.go:665.41,667.26 2 88
github.com/swarm-editor/swarm-editor/internal/swarm/consensus.go:667.26,669.4 1 60
github.com/swarm-editor/swarm-editor/internal/swarm/consensus.go:672.2,672.16 1 34
github.com/swarm-editor/swarm-editor/internal/swarm/consensus.go:672.16,674.3 1 8
github.com/swarm-editor/swarm-editor/internal/swarm/consensus.go:676.2,676.24 1 26
github.com/swarm-editor/swarm-editor/internal/swarm/consensus.go:680.103,681.19 1 24
github.com/swarm-editor/swarm-editor/internal/swarm/consensus.go:682.31,683.28 1 4
github.com/swarm-editor/swarm-editor/internal/swarm/consensus.go:684.30,685.31 1 2
github.com/swarm-editor/swarm-editor/internal/swarm/consensus.go:686.26,687.29 1 2
github.com/swarm-editor/swarm-editor/internal/swarm/consensus.go:688.25,689.47 1 2
github.com/swarm-editor/swarm-editor/internal/swarm/consensus.go:690.26,692.31 1 2
github.com/swarm-editor/swarm-editor/internal/swarm/consensus.go:693.25,695.47 1 11
github.com/swarm-editor/swarm-editor/internal/swarm/consensus.go:696.10,697.47 1 1
github.com/swarm-editor/swarm-editor/internal/swarm/consensus.go:702.45,708.6 4 15
github.com/swarm-editor/swarm-editor/internal/swarm/consensus.go:708.6,709.10 1 15
github.com/swarm-editor/swarm-editor/internal/swarm/consensus.go:710.23,711.10 1 15
github.com/swarm-editor/swarm-editor/internal/swarm/consensus.go:712.19,713.21 1 0
github.com/swarm-editor/swarm-editor/internal/swarm/consensus.go:719.43,725.40 5 1
github.com/swarm-editor/swarm-editor/internal/swarm/consensus.go:725.40,726.54 1 1
github.com/swarm-editor/swarm-editor/internal/swarm/consensus.go:726.54,728.50 2 1
github.com/swarm-editor/swarm-editor/internal/swarm/consensus.go:728.50,730.54 2 0
github.com/swarm-editor/swarm-editor/internal/swarm/consensus.go:730.54,730.77 1 0
github.com/swarm-editor/swarm-editor/internal/swarm/consensus.go:733.4,735.24 3 1
github.com/swarm-editor/swarm-editor/internal/swarm/consensus.go:735.24,736.50 1 1
github.com/swarm-editor/swarm-editor/internal/swarm/consensus.go:736.50,736.71 1 1
github.com/swarm-editor/swarm-editor/internal/swarm/consensus.go:741.3,741.51 1 1
github.com/swarm-editor/swarm-editor/internal/swarm/consensus.go:741.51,746.54 4 1
github.com/swarm-editor/swarm-editor/internal/swarm/consensus.go:746.54,748.18 2 1
github.com/swarm-editor/swarm-editor/internal/swarm/consensus.go:748.18,749.34 1 1
github.com/swarm-editor/swarm-editor/internal/swarm/consensus.go:749.34,751.7 1 0
github.com/swarm-editor/swarm-editor/internal/swarm/consensus.go:754.5,757.25 3 1
github.com/swarm-editor/swarm-editor/internal/swarm/consensus.go:757.25,764.6 5 0
github.com/swarm-editor/swarm-editor/internal/swarm/consensus.go:766.5,766.12 1 1
github.com/swarm-editor/swarm-editor/internal/swarm/consensus.go:767.20,770.19 3 0
github.com/swarm-editor/swarm-editor/internal/swarm/consensus.go:771.29,775.19 3 1
github.com/swarm-editor/swarm-editor/internal/swarm/consensus.go:780.2,783.37 2 1
github.com/swarm-editor/swarm-editor/internal/swarm/consensus.go:783.37,785.3 1 0
github.com/swarm-editor/swarm-editor/internal/swarm/consensus.go:786.2,786.35 1 1
github.com/swarm-editor/swarm-editor/internal/swarm/consensus.go:786.35,788.3 1 1
github.com/swarm-editor/swarm-editor/internal/swarm/consensus.go:792.80,796.26 4 5
github.com/swarm-editor/swarm-editor/internal/swarm/consensus.go:796.26,798.3 1 2
github.com/swarm-editor/swarm-editor/internal/swarm/consensus.go:802.2,812.31 2 3
github.com/swarm-editor/swarm-editor/internal/swarm/consensus.go:812.31,814.40 2 3
github.com/swarm-editor/swarm-editor/internal/swarm/consensus.go:814.40,816.4 1 2
github.com/swarm-editor/swarm-editor/internal/swarm/consensus.go:818.2,818.17 1 3
github.com/swarm-editor/swarm-editor/internal/swarm/consensus.go:822.88,824.2 1 1
github.com/swarm-editor/swarm-editor/internal/swarm/consensus.go:827.68,832.39 4 3
github.com/swarm-editor/swarm-editor/internal/swarm/consensus.go:832.39,833.24 1 6
github.com/swarm-editor/swarm-editor/internal/swarm/consensus.go:833.24,845.33 2 4
github.com/swarm-editor/swarm-editor/internal/swarm/consensus.go:845.33,847.42 2 4
github.com/swarm-editor/swarm-editor/internal/swarm/consensus.go:847.42,849.6 1 0
github.com/swarm-editor/swarm-editor/internal/swarm/consensus.go:851.4,851.31 1 4
github.com/swarm-editor/swarm-editor/internal/swarm/consensus.go:854.2,854.15 1 3
github.com/swarm-editor/swarm-editor/internal/swarm/consensus.go:858.72,860.2 1 1
github.com/swarm-editor/swarm-editor/internal/swarm/consensus.go:863.86,867.9 3 5
github.com/swarm-editor/swarm-editor/internal/swarm/consensus.go:867.9,870.3 2 1
github.com/swarm-editor/swarm-editor/internal/swarm/consensus.go:872.2,872.22 1 4
github.com/swarm-editor/swarm-editor/internal/swarm/consensus.go:872.22,875.3 2 0
github.com/swarm-editor/swarm-editor/internal/swarm/consensus.go:877.2,881.26 4 4
github.com/swarm-editor/swarm-editor/internal/swarm/consensus.go:881.26,883.3 1 0
github.com/swarm-editor/swarm-editor/internal/swarm/consensus.go:884.2,887.23 2 4
github.com/swarm-editor/swarm-editor/internal/swarm/consensus.go:887.23,889.3 1 2
github.com/swarm-editor/swarm-editor/internal/swarm/consensus.go:890.2,890.45 1 4
github.com/swarm-editor/swarm-editor/internal/swarm/consensus.go:890.45,892.3 1 0
github.com/swarm-editor/swarm-editor/internal/swarm/consensus.go:894.2,894.12 1 4
github.com/swarm-editor/swarm-editor/internal/swarm/consensus.go:898.68,906.2 2 2
github.com/swarm-editor/swarm-editor/internal/swarm/consensus.go:911.72,915.2 3 2
github.com/swarm-editor/swarm-editor/internal/swarm/consensus.go:918.95,922.2 3 1
github.com/swarm-editor/swarm-editor/internal/swarm/consensus.go:925.66,927.2 1 1
github.com/swarm-editor/swarm-editor/internal/swarm/consensus.go:930.77,934.70 3 1
github.com/swarm-editor/swarm-editor/internal/swarm/consensus.go:934.70,942.3 2 1
github.com/swarm-editor/swarm-editor/internal/swarm/consensus.go:946.80,950.2 3 1
github.com/swarm-editor/swarm-editor/internal/swarm/consensus.go:953.61,957.2 3 1
github.com/swarm-editor/swarm-editor/internal/swarm/coordinator.go:127.87,129.31 1 57
github.com/swarm-editor/swarm-editor/internal/swarm/coordinator.go:129.31,131.3 1 4
github.com/swarm-editor/swarm-editor/internal/swarm/coordinator.go:132.2,132.29 1 57
github.com/swarm-editor/swarm-editor/internal/swarm/coordinator.go:132.29,134.3 1 56
github.com/swarm-editor/swarm-editor/internal/swarm/coordinator.go:135.2,135.28 1 57
github.com/swarm-editor/swarm-editor/internal/swarm/coordinator.go:135.28,137.3 1 56
github.com/swarm-editor/swarm-editor/internal/swarm/coordinator.go:138.2,138.30 1 57
github.com/swarm-editor/swarm-editor/internal/swarm/coordinator.go:138.30,140.3 1 52
github.com/swarm-editor/swarm-editor/internal/swarm/coordinator.go:142.2,154.3 1 57
github.com/swarm-editor/swarm-editor/internal/swarm/coordinator.go:158.65,159.17 1 3
github.com/swarm-editor/swarm-editor/internal/swarm/coordinator.go:159.17,161.3 1 1
github.com/swarm-editor/swarm-editor/internal/swarm/coordinator.go:162.2,164.22 3 2
github.com/swarm-editor/swarm-editor/internal/swarm/coordinator.go:169.66,173.2 3 1
github.com/swarm-editor/swarm-editor/internal/swarm/coordinator.go:177.70,181.2 3 1
github.com/swarm-editor/swarm-editor/internal/swarm/coordinator.go:184.65,188.2 3 2
github.com/swarm-editor/swarm-editor/internal/swarm/coordinator.go:191.71,192.29 1 22
github.com/swarm-editor/swarm-editor/internal/swarm/coordinator.go:192.29,194.3 1 3
github.com/swarm-editor/swarm-editor/internal/swarm/coordinator.go:195.2,197.22 3 19
github.com/swarm-editor/swarm-editor/internal/swarm/coordinator.go:201.47,205.2 3 3
github.com/swarm-editor/swarm-editor/internal/swarm/coordinator.go:208.56,212.15 3 7
github.com/swarm-editor/swarm-editor/internal/swarm/coordinator.go:212.15,214.3 1 1
github.com/swarm-editor/swarm-editor/internal/swarm/coordinator.go:216.2,224.12 6 6
github.com/swarm-editor/swarm-editor/internal/swarm/coordinator.go:228.30,230.16 2 7
github.com/swarm-editor/swarm-editor/internal/swarm/coordinator.go:230.16,233.3 2 1
github.com/swarm-editor/swarm-editor/internal/swarm/coordinator.go:234.2,235.21 2 6
github.com/swarm-editor/swarm-editor/internal/swarm/coordinator.go:235.21,237.3 1 6
github.com/swarm-editor/swarm-editor/internal/swarm/coordinator.go:238.2,241.13 2 6
github.com/swarm-editor/swarm-editor/internal/swarm/coordinator.go:246.85,248.17 1 9
github.com/swarm-editor/swarm-editor/internal/swarm/coordinator.go:248.17,250.3 1 1
github.com/swarm-editor/swarm-editor/internal/swarm/coordinator.go:251.2,251.19 1 8
github.com/swarm-editor/swarm-editor/internal/swarm/coordinator.go:251.19,253.3 1 1
github.com/swarm-editor/swarm-editor/internal/swarm/coordinator.go:254.2,254.48 1 7
github.com/swarm-editor/swarm-editor/internal/swarm/coordinator.go:254.48,256.3 1 1
github.com/swarm-editor/swarm-editor/internal/swarm/coordinator.go:257.2,257.23 1 6
github.com/swarm-editor/swarm-editor/internal/swarm/coordinator.go:257.23,259.3 1 1
github.com/swarm-editor/swarm-editor/internal/swarm/coordinator.go:262.2,265.23 4 5
github.com/swarm-editor/swarm-editor/internal/swarm/coordinator.go:265.23,267.18 2 5
github.com/swarm-editor/swarm-editor/internal/swarm/coordinator.go:267.18,269.4 1 4
github.com/swarm-editor/swarm-editor/internal/swarm/coordinator.go:270.3,271.17 2 5
github.com/swarm-editor/swarm-editor/internal/swarm/coordinator.go:271.17,273.4 1 0
github.com/swarm-editor/swarm-editor/internal/swarm/coordinator.go:274.3,274.24 1 5
github.com/swarm-editor/swarm-editor/internal/swarm/coordinator.go:275.20,276.91 1 0
github.com/swarm-editor/swarm-editor/internal/swarm/coordinator.go:277.21,278.32 1 0
github.com/swarm-editor/swarm-editor/internal/swarm/coordinator.go:279.20,281.28 1 0
github.com/swarm-editor/swarm-editor/internal/swarm/coordinator.go:281.28,283.5 1 0
github.com/swarm-editor/swarm-editor/internal/swarm/coordinator.go:284.4,285.50 2 0
github.com/swarm-editor/swarm-editor/internal/swarm/coordinator.go:289.2,293.16 3 5
github.com/swarm-editor/swarm-editor/internal/swarm/coordinator.go:293.16,295.3 1 1
github.com/swarm-editor/swarm-editor/internal/swarm/coordinator.go:298.2,298.49 1 4
github.com/swarm-editor/swarm-editor/internal/swarm/coordinator.go:298.49,300.3 1 0
github.com/swarm-editor/swarm-editor/internal/swarm/coordinator.go:303.2,303.35 1 4
github.com/swarm-editor/swarm-editor/internal/swarm/coordinator.go:303.35,304.22 1 1
github.com/swarm-editor/swarm-editor/internal/swarm/coordinator.go:304.22,306.4 1 1
github.com/swarm-editor/swarm-editor/internal/swarm/coordinator.go:310.2,310.37 1 3
github.com/swarm-editor/swarm-editor/internal/swarm/coordinator.go:310.37,311.22 1 0
github.com/swarm-editor/swarm-editor/internal/swarm/coordinator.go:311.22,313.4 1 0
github.com/swarm-editor/swarm-editor/internal/swarm/coordinator.go:316.2,320.54 3 3
github.com/swarm-editor/swarm-editor/internal/swarm/coordinator.go:320.54,322.3 1 0
github.com/swarm-editor/swarm-editor/internal/swarm/coordinator.go:324.2,324.12 1 3
github.com/swarm-editor/swarm-editor/internal/swarm/coordinator.go:328.41,330.15 2 6
github.com/swarm-editor/swarm-editor/internal/swarm/coordinator.go:330.15,331.31 1 6
github.com/swarm-editor/swarm-editor/internal/swarm/coordinator.go:331.31,333.4 1 0
github.com/swarm-editor/swarm-editor/internal/swarm/coordinator.go:335.2,338.6 3 6
github.com/swarm-editor/swarm-editor/internal/swarm/coordinator.go:338.6,339.10 1 6
github.com/swarm-editor/swarm-editor/internal/swarm/coordinator.go:340.23,341.10 1 6
github.com/swarm-editor/swarm-editor/internal/swarm/coordinator.go:342.33,343.26 1 0
github.com/swarm-editor/swarm-editor/internal/swarm/coordinator.go:344.19,345.27 1 0
github.com/swarm-editor/swarm-editor/internal/swarm/coordinator.go:351.46,353.15 2 6
github.com/swarm-editor/swarm-editor/internal/swarm/coordinator.go:353.15,354.31 1 6
github.com/swarm-editor/swarm-editor/internal/swarm/coordinator.go:354.31,356.4 1 0
github.com/swarm-editor/swarm-editor/internal/swarm/coordinator.go:358.2,358.6 1 6
github.com/swarm-editor/swarm-editor/internal/swarm/coordinator.go:358.6,359.10 1 6
github.com/swarm-editor/swarm-editor/internal/swarm/coordinator.go:360.23,361.10 1 6
github.com/swarm-editor/swarm-editor/internal/swarm/coordinator.go:362.33,363.26 1 0
github.com/swarm-editor/swarm-editor/internal/swarm/coordinator.go:369.45,373.30 3 2
github.com/swarm-editor/swarm-editor/internal/swarm/coordinator.go:373.30,375.3 1 0
github.com/swarm-editor/swarm-editor/internal/swarm/coordinator.go:378.2,378.50 1 2
github.com/swarm-editor/swarm-editor/internal/swarm/coordinator.go:378.50,380.3 1 1
github.com/swarm-editor/swarm-editor/internal/swarm/coordinator.go:383.2,384.17 2 1
github.com/swarm-editor/swarm-editor/internal/swarm/coordinator.go:384.17,386.3 1 0
github.com/swarm-editor/swarm-editor/internal/swarm/coordinator.go:389.2,389.35 1 1
github.com/swarm-editor/swarm-editor/internal/swarm/coordinator.go:389.35,390.22 1 1
github.com/swarm-editor/swarm-editor/internal/swarm/coordinator.go:390.22,392.9 2 1
github.com/swarm-editor/swarm-editor/internal/swarm/coordinator.go:397.2,397.32 1 1
github.com/swarm-editor/swarm-editor/internal/swarm/coordinator.go:397.32,399.13 2 0
github.com/swarm-editor/swarm-editor/internal/swarm/coordinator.go:399.13,400.17 1 0
github.com/swarm-editor/swarm-editor/internal/swarm/coordinator.go:400.17,401.33 1 0
github.com/swarm-editor/swarm-editor/internal/swarm/coordinator.go:401.33,403.6 1 0
github.com/swarm-editor/swarm-editor/internal/swarm/coordinator.go:404.5,404.16 1 0
github.com/swarm-editor/swarm-editor/internal/swarm/coordinator.go:406.4,406.25 1 0
github.com/swarm-editor/swarm-editor/internal/swarm/coordinator.go:408.3,408.9 1 0
github.com/swarm-editor/swarm-editor/internal/swarm/coordinator.go:412.2,413.15 2 1
github.com/swarm-editor/swarm-editor/internal/swarm/coordinator.go:413.15,417.3 2 1
github.com/swarm-editor/swarm-editor/internal/swarm/coordinator.go:420.2,422.12 3 0
github.com/swarm-editor/swarm-editor/internal/swarm/coordinator.go:422.12,423.16 1 0
github.com/swarm-editor/swarm-editor/internal/swarm/coordinator.go:423.16,424.32 1 0
github.com/swarm-editor/swarm-editor/internal/swarm/coordinator.go:424.32,426.5 1 0
github.com/swarm-editor/swarm-editor/internal/swarm/coordinator.go:427.4,427.15 1 0
github.com/swarm-editor/swarm-editor/internal/swarm/coordinator.go:429.3,429.22 1 0
github.com/swarm-editor/swarm-editor/internal/swarm/coordinator.go:434.55,435.30 1 3
github.com/swarm-editor/swarm-editor/internal/swarm/coordinator.go:435.30,437.3 1 1
github.com/swarm-editor/swarm-editor/internal/swarm/coordinator.go:440.2,441.35 2 2
github.com/swarm-editor/swarm-editor/internal/swarm/coordinator.go:441.35,442.36 1 4
github.com/swarm-editor/swarm-editor/internal/swarm/coordinator.go:442.36,444.4 1 1
github.com/swarm-editor/swarm-editor/internal/swarm/coordinator.go:446.2,446.16 1 2
github.com/swarm-editor/swarm-editor/internal/swarm/coordinator.go:450.71,453.2 1 5
github.com/swarm-editor/swarm-editor/internal/swarm/coordinator.go:456.61,457.15 1 1
github.com/swarm-editor/swarm-editor/internal/swarm/coordinator.go:457.15,458.31 1 1
github.com/swarm-editor/swarm-editor/internal/swarm/coordinator.go:458.31,460.4 1 0
github.com/swarm-editor/swarm-editor/internal/swarm/coordinator.go:463.2,472.30 6 1
github.com/swarm-editor/swarm-editor/internal/swarm/coordinator.go:472.30,476.3 3 2
github.com/swarm-editor/swarm-editor/internal/swarm/coordinator.go:477.2,477.33 1 1
github.com/swarm-editor/swarm-editor/internal/swarm/coordinator.go:482.82,484.22 2 3
github.com/swarm-editor/swarm-editor/internal/swarm/coordinator.go:484.22,486.3 1 1
github.com/swarm-editor/swarm-editor/internal/swarm/coordinator.go:488.2,489.29 2 2
github.com/swarm-editor/swarm-editor/internal/swarm/coordinator.go:489.29,500.3 1 4
github.com/swarm-editor/swarm-editor/internal/swarm/coordinator.go:502.2,502.17 1 2
github.com/swarm-editor/swarm-editor/internal/swarm/coordinator.go:506.63,508.25 2 4
github.com/swarm-editor/swarm-editor/internal/swarm/coordinator.go:508.25,510.3 1 3
github.com/swarm-editor/swarm-editor/internal/swarm/coordinator.go:513.2,514.18 2 1
github.com/swarm-editor/swarm-editor/internal/swarm/coordinator.go:514.18,516.3 1 0
github.com/swarm-editor/swarm-editor/internal/swarm/coordinator.go:518.2,524.13 4 1
github.com/swarm-editor/swarm-editor/internal/swarm/coordinator.go:528.54,533.37 3 7
github.com/swarm-editor/swarm-editor/internal/swarm/coordinator.go:533.37,534.43 1 1
github.com/swarm-editor/swarm-editor/internal/swarm/coordinator.go:534.43,536.4 1 1
github.com/swarm-editor/swarm-editor/internal/swarm/coordinator.go:540.2,540.28 1 7
github.com/swarm-editor/swarm-editor/internal/swarm/coordinator.go:540.28,541.25 1 5
github.com/swarm-editor/swarm-editor/internal/swarm/coordinator.go:541.25,543.4 1 5
github.com/swarm-editor/swarm-editor/internal/swarm/coordinator.go:546.2,546.18 1 7
github.com/swarm-editor/swarm-editor/internal/swarm/coordinator.go:550.91,551.25 1 3
github.com/swarm-editor/swarm-editor/internal/swarm/coordinator.go:551.25,553.3 1 1
github.com/swarm-editor/swarm-editor/internal/swarm/coordinator.go:554.2,554.21 1 2
github.com/swarm-editor/swarm-editor/internal/swarm/coordinator.go:558.59,559.15 1 4
github.com/swarm-editor/swarm-editor/internal/swarm/coordinator.go:559.15,560.31 1 4
github.com/swarm-editor/swarm-editor/internal/swarm/coordinator.go:560.31,562.4 1 0
github.com/swarm-editor/swarm-editor/internal/swarm/coordinator.go:565.2,571.20 6 4
github.com/swarm-editor/swarm-editor/internal/swarm/coordinator.go:571.20,573.3 1 1
github.com/swarm-editor/swarm-editor/internal/swarm/coordinator.go:577.2,582.26 5 4
github.com/swarm-editor/swarm-editor/internal/swarm/coordinator.go:582.26,583.51 1 0
github.com/swarm-editor/swarm-editor/internal/swarm/coordinator.go:583.51,585.4 1 0
github.com/swarm-editor/swarm-editor/internal/swarm/coordinator.go:587.2,589.42 2 4
github.com/swarm-editor/swarm-editor/internal/swarm/coordinator.go:589.42,591.10 2 4
github.com/swarm-editor/swarm-editor/internal/swarm/coordinator.go:591.10,592.12 1 4
github.com/swarm-editor/swarm-editor/internal/swarm/coordinator.go:595.3,596.76 2 0
github.com/swarm-editor/swarm-editor/internal/swarm/coordinator.go:596.76,598.17 2 0
github.com/swarm-editor/swarm-editor/internal/swarm/coordinator.go:598.17,599.33 1 0
github.com/swarm-editor/swarm-editor/internal/swarm/coordinator.go:599.33,601.6 1 0
github.com/swarm-editor/swarm-editor/internal/swarm/coordinator.go:603.4,603.48 1 0
github.com/swarm-editor/swarm-editor/internal/swarm/coordinator.go:609.134,611.18 1 0
github.com/swarm-editor/swarm-editor/internal/swarm/coordinator.go:611.18,613.38 2 0
github.com/swarm-editor/swarm-editor/internal/swarm/coordinator.go:613.38,616.4 2 0
github.com/swarm-editor/swarm-editor/internal/swarm/coordinator.go:619.2,624.21 6 0
github.com/swarm-editor/swarm-editor/internal/swarm/coordinator.go:624.21,626.3 1 0
github.com/swarm-editor/swarm-editor/internal/swarm/coordinator.go:626.8,628.3 1 0
github.com/swarm-editor/swarm-editor/internal/swarm/coordinator.go:629.2,638.16 6 0
github.com/swarm-editor/swarm-editor/internal/swarm/coordinator.go:638.16,641.3 2 0
github.com/swarm-editor/swarm-editor/internal/swarm/coordinator.go:644.2,649.16 3 0
github.com/swarm-editor/swarm-editor/internal/swarm/coordinator.go:649.16,652.3 2 0
github.com/swarm-editor/swarm-editor/internal/swarm/coordinator.go:655.2,664.9 3 0
github.com/swarm-editor/swarm-editor/internal/swarm/coordinator.go:665.34,665.34 0 0
github.com/swarm-editor/swarm-editor/internal/swarm/coordinator.go:666.10,667.109 1 0
github.com/swarm-editor/swarm-editor/internal/swarm/coordinator.go:672.92,675.25 2 2
github.com/swarm-editor/swarm-editor/internal/swarm/coordinator.go:675.25,677.3 1 0
github.com/swarm-editor/swarm-editor/internal/swarm/coordinator.go:678.2,685.43 3 2
github.com/swarm-editor/swarm-editor/internal/swarm/coordinator.go:685.43,686.60 1 2
github.com/swarm-editor/swarm-editor/internal/swarm/coordinator.go:686.60,688.9 2 0
github.com/swarm-editor/swarm-editor/internal/swarm/coordinator.go:692.2,692.15 1 2
github.com/swarm-editor/swarm-editor/internal/swarm/coordinator.go:692.15,695.43 2 2
github.com/swarm-editor/swarm-editor/internal/swarm/coordinator.go:695.43,697.4 1 2
github.com/swarm-editor/swarm-editor/internal/swarm/coordinator.go:698.3,702.24 5 2
github.com/swarm-editor/swarm-editor/internal/swarm/coordinator.go:702.24,704.4 1 1
github.com/swarm-editor/swarm-editor/internal/swarm/coordinator.go:705.3,705.9 1 2
github.com/swarm-editor/swarm-editor/internal/swarm/coordinator.go:707.2,707.15 1 0
github.com/swarm-editor/swarm-editor/internal/swarm/coordinator.go:711.56,715.19 2 2
github.com/swarm-editor/swarm-editor/internal/swarm/coordinator.go:715.19,718.3 2 0
github.com/swarm-editor/swarm-editor/internal/swarm/coordinator.go:721.2,721.26 1 2
github.com/swarm-editor/swarm-editor/internal/swarm/coordinator.go:721.26,724.3 2 0
github.com/swarm-editor/swarm-editor/internal/swarm/coordinator.go:727.2,727.61 1 2
github.com/swarm-editor/swarm-editor/internal/swarm/coordinator.go:727.61,731.3 2 0
github.com/swarm-editor/swarm-editor/internal/swarm/coordinator.go:734.2,735.13 2 2
github.com/swarm-editor/swarm-editor/internal/swarm/coordinator.go:735.13,739.3 2 1
github.com/swarm-editor/swarm-editor/internal/swarm/coordinator.go:741.2,742.13 2 1
github.com/swarm-editor/swarm-editor/internal/swarm/coordinator.go:742.13,747.3 3 0
github.com/swarm-editor/swarm-editor/internal/swarm/coordinator.go:750.2,750.25 1 1
github.com/swarm-editor/swarm-editor/internal/swarm/coordinator.go:750.25,752.3 1 0
github.com/swarm-editor/swarm-editor/internal/swarm/coordinator.go:753.2,756.47 2 1
github.com/swarm-editor/swarm-editor/internal/swarm/coordinator.go:756.47,759.3 1 1
github.com/swarm-editor/swarm-editor/internal/swarm/coordinator.go:759.8,761.3 1 0
github.com/swarm-editor/swarm-editor/internal/swarm/coordinator.go:765.60,767.81 1 9
github.com/swarm-editor/swarm-editor/internal/swarm/coordinator.go:767.81,771.3 3 1
github.com/swarm-editor/swarm-editor/internal/swarm/coordinator.go:774.2,779.42 4 8
github.com/swarm-editor/swarm-editor/internal/swarm/coordinator.go:779.42,781.3 1 13
github.com/swarm-editor/swarm-editor/internal/swarm/coordinator.go:784.2,789.58 4 8
github.com/swarm-editor/swarm-editor/internal/swarm/coordinator.go:789.58,791.3 1 0
github.com/swarm-editor/swarm-editor/internal/swarm/coordinator.go:793.2,796.23 3 8
github.com/swarm-editor/swarm-editor/internal/swarm/coordinator.go:796.23,798.34 2 1
github.com/swarm-editor/swarm-editor/internal/swarm/coordinator.go:798.34,800.9 2 1
github.com/swarm-editor/swarm-editor/internal/swarm/coordinator.go:802.3,802.32 1 1
github.com/swarm-editor/swarm-editor/internal/swarm/coordinator.go:807.60,809.16 2 5
github.com/swarm-editor/swarm-editor/internal/swarm/coordinator.go:809.16,817.3 3 1
github.com/swarm-editor/swarm-editor/internal/swarm/coordinator.go:819.2,820.38 2 4
github.com/swarm-editor/swarm-editor/internal/swarm/coordinator.go:820.38,821.25 1 9
github.com/swarm-editor/swarm-editor/internal/swarm/coordinator.go:821.25,823.4 1 6
github.com/swarm-editor/swarm-editor/internal/swarm/coordinator.go:826.2,830.40 3 4
github.com/swarm-editor/swarm-editor/internal/swarm/coordinator.go:830.40,832.3 1 2
github.com/swarm-editor/swarm-editor/internal/swarm/coordinator.go:832.8,832.28 1 2
github.com/swarm-editor/swarm-editor/internal/swarm/coordinator.go:832.28,834.3 1 1
github.com/swarm-editor/swarm-editor/internal/swarm/coordinator.go:836.2,842.35 2 4
github.com/swarm-editor/swarm-editor/internal/swarm/coordinator.go:842.35,843.22 1 4
github.com/swarm-editor/swarm-editor/internal/swarm/coordinator.go:843.22,845.9 2 4
github.com/swarm-editor/swarm-editor/internal/swarm/coordinator.go:849.2,849.22 1 4
github.com/swarm-editor/swarm-editor/internal/swarm/coordinator.go:853.64,854.16 1 4
github.com/swarm-editor/swarm-editor/internal/swarm/coordinator.go:854.16,856.3 1 1
github.com/swarm-editor/swarm-editor/internal/swarm/coordinator.go:857.2,857.18 1 3
github.com/swarm-editor/swarm-editor/internal/swarm/coordinator.go:858.21,859.23 1 2
github.com/swarm-editor/swarm-editor/internal/swarm/coordinator.go:859.23,861.4 1 2
github.com/swarm-editor/swarm-editor/internal/swarm/coordinator.go:867.49,872.9 4 4
github.com/swarm-editor/swarm-editor/internal/swarm/coordinator.go:872.9,874.3 1 2
github.com/swarm-editor/swarm-editor/internal/swarm/coordinator.go:876.2,881.42 4 2
github.com/swarm-editor/swarm-editor/internal/swarm/coordinator.go:881.42,883.3 1 0
github.com/swarm-editor/swarm-editor/internal/swarm/coordinator.go:886.2,886.48 1 2
github.com/swarm-editor/swarm-editor/internal/swarm/coordinator.go:886.48,887.32 1 0
github.com/swarm-editor/swarm-editor/internal/swarm/coordinator.go:887.32,889.4 1 0
github.com/swarm-editor/swarm-editor/internal/swarm/coordinator.go:890.3,890.32 1 0
github.com/swarm-editor/swarm-editor/internal/swarm/coordinator.go:894.2,895.58 2 2
github.com/swarm-editor/swarm-editor/internal/swarm/coordinator.go:895.58,897.3 1 0
github.com/swarm-editor/swarm-editor/internal/swarm/coordinator.go:900.2,900.35 1 2
github.com/swarm-editor/swarm-editor/internal/swarm/coordinator.go:900.35,901.52 1 0
github.com/swarm-editor/swarm-editor/internal/swarm/coordinator.go:901.52,906.42 4 0
github.com/swarm-editor/swarm-editor/internal/swarm/coordinator.go:906.42,908.5 1 0
github.com/swarm-editor/swarm-editor/internal/swarm/coordinator.go:910.4,910.49 1 0
github.com/swarm-editor/swarm-editor/internal/swarm/coordinator.go:910.49,911.34 1 0
github.com/swarm-editor/swarm-editor/internal/swarm/coordinator.go:911.34,913.6 1 0
github.com/swarm-editor/swarm-editor/internal/swarm/coordinator.go:914.5,914.33 1 0
github.com/swarm-editor/swarm-editor/internal/swarm/coordinator.go:917.4,918.60 2 0
github.com/swarm-editor/swarm-editor/internal/swarm/coordinator.go:918.60,920.5 1 0
github.com/swarm-editor/swarm-editor/internal/swarm/coordinator.go:923.3,923.37 1 0
github.com/swarm-editor/swarm-editor/internal/swarm/coordinator.go:923.37,924.22 1 0
github.com/swarm-editor/swarm-editor/internal/swarm/coordinator.go:924.22,926.10 2 0
github.com/swarm-editor/swarm-editor/internal/swarm/coordinator.go:933.52,944.2 3 2
github.com/swarm-editor/swarm-editor/internal/swarm/coordinator.go:956.68,960.2 3 2
github.com/swarm-editor/swarm-editor/internal/swarm/coordinator.go:963.91,967.2 3 3
github.com/swarm-editor/swarm-editor/internal/swarm/dead_letter_queue.go:43.80,44.51 1 18
github.com/swarm-editor/swarm-editor/internal/swarm/dead_letter_queue.go:44.51,46.3 1 1
github.com/swarm-editor/swarm-editor/internal/swarm/dead_letter_queue.go:47.2,47.66 1 17
github.com/swarm-editor/swarm-editor/internal/swarm/dead_letter_queue.go:51.86,52.17 1 23
github.com/swarm-editor/swarm-editor/internal/swarm/dead_letter_queue.go:52.17,54.3 1 1
github.com/swarm-editor/swarm-editor/internal/swarm/dead_letter_queue.go:55.2,55.16 1 22
github.com/swarm-editor/swarm-editor/internal/swarm/dead_letter_queue.go:55.16,57.3 1 1
github.com/swarm-editor/swarm-editor/internal/swarm/dead_letter_queue.go:59.2,75.41 5 21
github.com/swarm-editor/swarm-editor/internal/swarm/dead_letter_queue.go:75.41,77.3 1 5
github.com/swarm-editor/swarm-editor/internal/swarm/dead_letter_queue.go:79.2,80.23 2 21
github.com/swarm-editor/swarm-editor/internal/swarm/dead_letter_queue.go:80.23,82.3 1 0
github.com/swarm-editor/swarm-editor/internal/swarm/dead_letter_queue.go:85.2,87.19 3 21
github.com/swarm-editor/swarm-editor/internal/swarm/dead_letter_queue.go:87.19,89.3 1 0
github.com/swarm-editor/swarm-editor/internal/swarm/dead_letter_queue.go:90.2,92.50 2 21
github.com/swarm-editor/swarm-editor/internal/swarm/dead_letter_queue.go:92.50,96.3 3 0
github.com/swarm-editor/swarm-editor/internal/swarm/dead_letter_queue.go:97.2,97.53 1 21
github.com/swarm-editor/swarm-editor/internal/swarm/dead_letter_queue.go:97.53,101.3 3 0
github.com/swarm-editor/swarm-editor/internal/swarm/dead_letter_queue.go:102.2,102.46 1 21
github.com/swarm-editor/swarm-editor/internal/swarm/dead_letter_queue.go:102.46,105.3 2 0
github.com/swarm-editor/swarm-editor/internal/swarm/dead_letter_queue.go:106.2,106.61 1 21
github.com/swarm-editor/swarm-editor/internal/swarm/dead_letter_queue.go:106.61,109.3 2 0
github.com/swarm-editor/swarm-editor/internal/swarm/dead_letter_queue.go:112.2,114.12 2 21
github.com/swarm-editor/swarm-editor/internal/swarm/dead_letter_queue.go:118.61,124.16 5 8
github.com/swarm-editor/swarm-editor/internal/swarm/dead_letter_queue.go:124.16,125.37 1 2
github.com/swarm-editor/swarm-editor/internal/swarm/dead_letter_queue.go:125.37,127.4 1 2
github.com/swarm-editor/swarm-editor/internal/swarm/dead_letter_queue.go:128.3,128.52 1 0
github.com/swarm-editor/swarm-editor/internal/swarm/dead_letter_queue.go:131.2,132.53 2 6
github.com/swarm-editor/swarm-editor/internal/swarm/dead_letter_queue.go:132.53,134.3 1 0
github.com/swarm-editor/swarm-editor/internal/swarm/dead_letter_queue.go:136.2,136.20 1 6
github.com/swarm-editor/swarm-editor/internal/swarm/dead_letter_queue.go:140.55,145.16 4 16
github.com/swarm-editor/swarm-editor/internal/swarm/dead_letter_queue.go:145.16,146.37 1 0
github.com/swarm-editor/swarm-editor/internal/swarm/dead_letter_queue.go:146.37,148.4 1 0
github.com/swarm-editor/swarm-editor/internal/swarm/dead_letter_queue.go:149.3,149.50 1 0
github.com/swarm-editor/swarm-editor/internal/swarm/dead_letter_queue.go:152.2,153.32 2 16
github.com/swarm-editor/swarm-editor/internal/swarm/dead_letter_queue.go:153.32,154.61 1 22
github.com/swarm-editor/swarm-editor/internal/swarm/dead_letter_queue.go:154.61,155.12 1 1
github.com/swarm-editor/swarm-editor/internal/swarm/dead_letter_queue.go:157.3,158.17 2 21
github.com/swarm-editor/swarm-editor/internal/swarm/dead_letter_queue.go:158.17,160.12 2 0
github.com/swarm-editor/swarm-editor/internal/swarm/dead_letter_queue.go:162.3,163.57 2 21
github.com/swarm-editor/swarm-editor/internal/swarm/dead_letter_queue.go:163.57,165.12 2 1
github.com/swarm-editor/swarm-editor/internal/swarm/dead_letter_queue.go:167.3,167.39 1 20
github.com/swarm-editor/swarm-editor/internal/swarm/dead_letter_queue.go:171.2,171.42 1 16
github.com/swarm-editor/swarm-editor/internal/swarm/dead_letter_queue.go:171.42,173.3 1 10
github.com/swarm-editor/swarm-editor/internal/swarm/dead_letter_queue.go:175.2,175.21 1 16
github.com/swarm-editor/swarm-editor/internal/swarm/dead_letter_queue.go:179.51,185.51 5 5
github.com/swarm-editor/swarm-editor/internal/swarm/dead_letter_queue.go:185.51,187.3 1 0
github.com/swarm-editor/swarm-editor/internal/swarm/dead_letter_queue.go:188.2,188.12 1 5
github.com/swarm-editor/swarm-editor/internal/swarm/dead_letter_queue.go:193.91,195.16 2 6
github.com/swarm-editor/swarm-editor/internal/swarm/dead_letter_queue.go:195.16,197.3 1 0
github.com/swarm-editor/swarm-editor/internal/swarm/dead_letter_queue.go:198.2,198.18 1 6
github.com/swarm-editor/swarm-editor/internal/swarm/dead_letter_queue.go:198.18,200.3 1 1
github.com/swarm-editor/swarm-editor/internal/swarm/dead_letter_queue.go:203.2,203.45 1 5
github.com/swarm-editor/swarm-editor/internal/swarm/dead_letter_queue.go:203.45,205.3 1 1
github.com/swarm-editor/swarm-editor/internal/swarm/dead_letter_queue.go:208.2,208.21 1 4
github.com/swarm-editor/swarm-editor/internal/swarm/dead_letter_queue.go:212.90,214.16 2 1
github.com/swarm-editor/swarm-editor/internal/swarm/dead_letter_queue.go:214.16,216.3 1 0
github.com/swarm-editor/swarm-editor/internal/swarm/dead_letter_queue.go:218.2,219.32 2 1
github.com/swarm-editor/swarm-editor/internal/swarm/dead_letter_queue.go:219.32,220.54 1 3
github.com/swarm-editor/swarm-editor/internal/swarm/dead_letter_queue.go:220.54,222.12 2 0
github.com/swarm-editor/swarm-editor/internal/swarm/dead_letter_queue.go:224.3,224.13 1 3
github.com/swarm-editor/swarm-editor/internal/swarm/dead_letter_queue.go:227.2,227.22 1 1
github.com/swarm-editor/swarm-editor/internal/swarm/dead_letter_queue.go:231.71,236.16 4 1
github.com/swarm-editor/swarm-editor/internal/swarm/dead_letter_queue.go:236.16,238.3 1 0
github.com/swarm-editor/swarm-editor/internal/swarm/dead_letter_queue.go:240.2,243.32 3 1
github.com/swarm-editor/swarm-editor/internal/swarm/dead_letter_queue.go:243.32,244.61 1 2
github.com/swarm-editor/swarm-editor/internal/swarm/dead_letter_queue.go:244.61,245.12 1 0
github.com/swarm-editor/swarm-editor/internal/swarm/dead_letter_queue.go:248.3,249.17 2 2
github.com/swarm-editor/swarm-editor/internal/swarm/dead_letter_queue.go:249.17,250.12 1 0
github.com/swarm-editor/swarm-editor/internal/swarm/dead_letter_queue.go:253.3,253.36 1 2
github.com/swarm-editor/swarm-editor/internal/swarm/dead_letter_queue.go:253.36,255.42 2 1
github.com/swarm-editor/swarm-editor/internal/swarm/dead_letter_queue.go:255.42,257.13 2 0
github.com/swarm-editor/swarm-editor/internal/swarm/dead_letter_queue.go:259.4,259.12 1 1
github.com/swarm-editor/swarm-editor/internal/swarm/dead_letter_queue.go:263.2,263.20 1 1
github.com/swarm-editor/swarm-editor/internal/swarm/dead_letter_queue.go:276.57,278.16 2 1
github.com/swarm-editor/swarm-editor/internal/swarm/dead_letter_queue.go:278.16,280.3 1 0
github.com/swarm-editor/swarm-editor/internal/swarm/dead_letter_queue.go:282.2,286.32 2 1
github.com/swarm-editor/swarm-editor/internal/swarm/dead_letter_queue.go:286.32,291.77 4 3
github.com/swarm-editor/swarm-editor/internal/swarm/dead_letter_queue.go:291.77,293.4 1 3
github.com/swarm-editor/swarm-editor/internal/swarm/dead_letter_queue.go:294.3,294.76 1 3
github.com/swarm-editor/swarm-editor/internal/swarm/dead_letter_queue.go:294.76,296.4 1 1
github.com/swarm-editor/swarm-editor/internal/swarm/dead_letter_queue.go:299.2,299.19 1 1
github.com/swarm-editor/swarm-editor/internal/swarm/dead_letter_queue.go:303.43,304.20 1 21
github.com/swarm-editor/swarm-editor/internal/swarm/dead_letter_queue.go:304.20,306.3 1 15
github.com/swarm-editor/swarm-editor/internal/swarm/dead_letter_queue.go:308.2,309.16 2 6
github.com/swarm-editor/swarm-editor/internal/swarm/dead_letter_queue.go:309.16,311.3 1 0
github.com/swarm-editor/swarm-editor/internal/swarm/dead_letter_queue.go:314.2,318.28 2 6
github.com/swarm-editor/swarm-editor/internal/swarm/dead_letter_queue.go:318.28,319.53 1 9
github.com/swarm-editor/swarm-editor/internal/swarm/dead_letter_queue.go:319.53,320.12 1 0
github.com/swarm-editor/swarm-editor/internal/swarm/dead_letter_queue.go:322.3,323.17 2 9
github.com/swarm-editor/swarm-editor/internal/swarm/dead_letter_queue.go:323.17,324.12 1 0
github.com/swarm-editor/swarm-editor/internal/swarm/dead_letter_queue.go:326.3,329.31 1 9
github.com/swarm-editor/swarm-editor/internal/swarm/dead_letter_queue.go:333.2,333.40 1 6
github.com/swarm-editor/swarm-editor/internal/swarm/dead_letter_queue.go:333.40,335.3 1 4
github.com/swarm-editor/swarm-editor/internal/swarm/dead_letter_queue.go:338.2,338.40 1 6
github.com/swarm-editor/swarm-editor/internal/swarm/dead_letter_queue.go:338.40,339.76 1 1
github.com/swarm-editor/swarm-editor/internal/swarm/dead_letter_queue.go:339.76,341.4 1 0
github.com/swarm-editor/swarm-editor/internal/swarm/dead_letter_queue.go:346.66,348.2 1 23
github.com/swarm-editor/swarm-editor/internal/swarm/execution_report.go:92.101,103.2 1 20
github.com/swarm-editor/swarm-editor/internal/swarm/execution_report.go:106.107,118.2 4 13
github.com/swarm-editor/swarm-editor/internal/swarm/execution_report.go:121.142,141.24 6 8
github.com/swarm-editor/swarm-editor/internal/swarm/execution_report.go:141.24,144.3 2 8
github.com/swarm-editor/swarm-editor/internal/swarm/execution_report.go:148.69,157.2 4 3
github.com/swarm-editor/swarm-editor/internal/swarm/execution_report.go:160.55,164.2 3 10
github.com/swarm-editor/swarm-editor/internal/swarm/execution_report.go:167.79,172.2 4 9
github.com/swarm-editor/swarm-editor/internal/swarm/execution_report.go:175.54,179.2 3 2
github.com/swarm-editor/swarm-editor/internal/swarm/execution_report.go:182.53,186.2 3 3
github.com/swarm-editor/swarm-editor/internal/swarm/execution_report.go:190.70,205.24 10 2
github.com/swarm-editor/swarm-editor/internal/swarm/execution_report.go:205.24,208.3 2 1
github.com/swarm-editor/swarm-editor/internal/swarm/execution_report.go:210.2,226.3 1 2
github.com/swarm-editor/swarm-editor/internal/swarm/fallback.go:38.45,45.2 1 144
github.com/swarm-editor/swarm-editor/internal/swarm/fallback.go:65.89,67.2 1 2
github.com/swarm-editor/swarm-editor/internal/swarm/fallback.go:70.70,72.2 1 2
github.com/swarm-editor/swarm-editor/internal/swarm/fallback.go:85.130,93.2 1 7
github.com/swarm-editor/swarm-editor/internal/swarm/fallback.go:97.87,98.48 1 10
github.com/swarm-editor/swarm-editor/internal/swarm/fallback.go:98.48,100.3 1 1
github.com/swarm-editor/swarm-editor/internal/swarm/fallback.go:102.2,104.28 2 9
github.com/swarm-editor/swarm-editor/internal/swarm/fallback.go:105.29,106.35 1 7
github.com/swarm-editor/swarm-editor/internal/swarm/fallback.go:107.28,108.39 1 0
github.com/swarm-editor/swarm-editor/internal/swarm/fallback.go:109.22,110.33 1 2
github.com/swarm-editor/swarm-editor/internal/swarm/fallback.go:111.10,112.35 1 0
github.com/swarm-editor/swarm-editor/internal/swarm/fallback.go:115.2,115.34 1 9
github.com/swarm-editor/swarm-editor/internal/swarm/fallback.go:115.34,116.47 1 10
github.com/swarm-editor/swarm-editor/internal/swarm/fallback.go:116.47,117.12 1 3
github.com/swarm-editor/swarm-editor/internal/swarm/fallback.go:119.3,119.23 1 7
github.com/swarm-editor/swarm-editor/internal/swarm/fallback.go:119.23,121.67 2 4
github.com/swarm-editor/swarm-editor/internal/swarm/fallback.go:121.67,124.13 2 1
github.com/swarm-editor/swarm-editor/internal/swarm/fallback.go:127.3,127.19 1 6
github.com/swarm-editor/swarm-editor/internal/swarm/fallback.go:130.2,130.97 1 3
github.com/swarm-editor/swarm-editor/internal/swarm/fallback.go:134.56,136.2 1 6
github.com/swarm-editor/swarm-editor/internal/swarm/fallback.go:139.50,141.2 1 1
github.com/swarm-editor/swarm-editor/internal/swarm/fallback.go:144.53,146.31 2 1
github.com/swarm-editor/swarm-editor/internal/swarm/fallback.go:146.31,148.3 1 2
github.com/swarm-editor/swarm-editor/internal/swarm/fallback.go:149.2,149.12 1 1
github.com/swarm-editor/swarm-editor/internal/swarm/fallback.go:153.66,155.22 2 8
github.com/swarm-editor/swarm-editor/internal/swarm/fallback.go:155.22,157.3 1 3
github.com/swarm-editor/swarm-editor/internal/swarm/fallback.go:159.2,161.41 3 5
github.com/swarm-editor/swarm-editor/internal/swarm/fallback.go:161.41,163.3 1 5
github.com/swarm-editor/swarm-editor/internal/swarm/fallback.go:164.2,164.15 1 5
github.com/swarm-editor/swarm-editor/internal/swarm/fallback.go:168.70,171.2 1 1
github.com/swarm-editor/swarm-editor/internal/swarm/fallback.go:174.64,175.40 1 2
github.com/swarm-editor/swarm-editor/internal/swarm/fallback.go:175.40,178.52 3 2
github.com/swarm-editor/swarm-editor/internal/swarm/fallback.go:178.52,179.29 1 4
github.com/swarm-editor/swarm-editor/internal/swarm/fallback.go:179.29,180.26 1 10
github.com/swarm-editor/swarm-editor/internal/swarm/fallback.go:180.26,182.11 2 4
github.com/swarm-editor/swarm-editor/internal/swarm/fallback.go:186.3,186.23 1 2
github.com/swarm-editor/swarm-editor/internal/swarm/fallback.go:186.23,188.4 1 2
github.com/swarm-editor/swarm-editor/internal/swarm/fallback.go:190.2,190.28 1 0
github.com/swarm-editor/swarm-editor/internal/swarm/fallback.go:193.65,194.22 1 13
github.com/swarm-editor/swarm-editor/internal/swarm/fallback.go:194.22,196.3 1 1
github.com/swarm-editor/swarm-editor/internal/swarm/fallback.go:197.2,198.14 2 12
github.com/swarm-editor/swarm-editor/internal/swarm/fallback.go:198.14,200.3 1 1
github.com/swarm-editor/swarm-editor/internal/swarm/fallback.go:201.2,201.16 1 11
github.com/swarm-editor/swarm-editor/internal/swarm/goja_executor.go:44.105,50.12 4 13
github.com/swarm-editor/swarm-editor/internal/swarm/goja_executor.go:50.12,51.10 1 13
github.com/swarm-editor/swarm-editor/internal/swarm/goja_executor.go:52.21,53.37 1 2
github.com/swarm-editor/swarm-editor/internal/swarm/goja_executor.go:54.15,54.15 0 11
github.com/swarm-editor/swarm-editor/internal/swarm/goja_executor.go:57.2,57.15 1 13
github.com/swarm-editor/swarm-editor/internal/swarm/goja_executor.go:57.15,59.3 1 13
github.com/swarm-editor/swarm-editor/internal/swarm/goja_executor.go:64.2,64.30 1 13
github.com/swarm-editor/swarm-editor/internal/swarm/goja_executor.go:64.30,66.48 2 6
github.com/swarm-editor/swarm-editor/internal/swarm/goja_executor.go:66.48,68.4 1 0
github.com/swarm-editor/swarm-editor/internal/swarm/goja_executor.go:72.2,73.16 2 13
github.com/swarm-editor/swarm-editor/internal/swarm/goja_executor.go:73.16,75.35 2 4
github.com/swarm-editor/swarm-editor/internal/swarm/goja_executor.go:75.35,77.4 1 2
github.com/swarm-editor/swarm-editor/internal/swarm/goja_executor.go:78.3,78.64 1 2
github.com/swarm-editor/swarm-editor/internal/swarm/goja_executor.go:81.2,81.28 1 9
github.com/swarm-editor/swarm-editor/internal/swarm/guardrails.go:63.52,78.2 3 64
github.com/swarm-editor/swarm-editor/internal/swarm/guardrails.go:81.62,85.2 3 3
github.com/swarm-editor/swarm-editor/internal/swarm/guardrails.go:90.131,91.21 1 11
github.com/swarm-editor/swarm-editor/internal/swarm/guardrails.go:91.21,93.3 1 11
github.com/swarm-editor/swarm-editor/internal/swarm/guardrails.go:95.2,103.31 7 11
github.com/swarm-editor/swarm-editor/internal/swarm/guardrails.go:103.31,105.17 2 23
github.com/swarm-editor/swarm-editor/internal/swarm/guardrails.go:105.17,107.4 1 0
github.com/swarm-editor/swarm-editor/internal/swarm/guardrails.go:108.3,108.20 1 23
github.com/swarm-editor/swarm-editor/internal/swarm/guardrails.go:108.20,109.12 1 0
github.com/swarm-editor/swarm-editor/internal/swarm/guardrails.go:111.3,113.24 2 23
github.com/swarm-editor/swarm-editor/internal/swarm/guardrails.go:114.19,114.19 0 18
github.com/swarm-editor/swarm-editor/internal/swarm/guardrails.go:116.20,117.22 1 3
github.com/swarm-editor/swarm-editor/internal/swarm/guardrails.go:118.21,119.28 1 1
github.com/swarm-editor/swarm-editor/internal/swarm/guardrails.go:119.28,122.5 2 1
github.com/swarm-editor/swarm-editor/internal/swarm/guardrails.go:123.20,124.22 1 1
github.com/swarm-editor/swarm-editor/internal/swarm/guardrails.go:129.2,129.23 1 7
github.com/swarm-editor/swarm-editor/internal/swarm/guardrails.go:129.23,135.3 1 1
github.com/swarm-editor/swarm-editor/internal/swarm/guardrails.go:137.2,137.55 1 6
github.com/swarm-editor/swarm-editor/internal/swarm/guardrails.go:142.108,143.33 1 11
github.com/swarm-editor/swarm-editor/internal/swarm/guardrails.go:143.33,148.3 1 1
github.com/swarm-editor/swarm-editor/internal/swarm/guardrails.go:149.2,149.55 1 10
github.com/swarm-editor/swarm-editor/internal/swarm/guardrails.go:152.104,153.36 1 10
github.com/swarm-editor/swarm-editor/internal/swarm/guardrails.go:153.36,158.3 1 2
github.com/swarm-editor/swarm-editor/internal/swarm/guardrails.go:159.2,159.55 1 8
github.com/swarm-editor/swarm-editor/internal/swarm/guardrails.go:209.44,241.2 3 70
github.com/swarm-editor/swarm-editor/internal/swarm/guardrails.go:244.56,248.2 3 2
github.com/swarm-editor/swarm-editor/internal/swarm/guardrails.go:251.62,255.2 3 3
github.com/swarm-editor/swarm-editor/internal/swarm/guardrails.go:258.65,262.2 3 3
github.com/swarm-editor/swarm-editor/internal/swarm/guardrails.go:265.140,269.2 3 2
github.com/swarm-editor/swarm-editor/internal/swarm/guardrails.go:273.59,277.2 3 3
github.com/swarm-editor/swarm-editor/internal/swarm/guardrails.go:280.61,284.2 3 3
github.com/swarm-editor/swarm-editor/internal/swarm/guardrails.go:288.40,292.2 3 1
github.com/swarm-editor/swarm-editor/internal/swarm/guardrails.go:300.74,301.19 1 35
github.com/swarm-editor/swarm-editor/internal/swarm/guardrails.go:301.19,307.3 1 1
github.com/swarm-editor/swarm-editor/internal/swarm/guardrails.go:309.2,321.29 11 34
github.com/swarm-editor/swarm-editor/internal/swarm/guardrails.go:321.29,323.29 2 85
github.com/swarm-editor/swarm-editor/internal/swarm/guardrails.go:323.29,335.20 8 25
github.com/swarm-editor/swarm-editor/internal/swarm/guardrails.go:335.20,340.5 2 2
github.com/swarm-editor/swarm-editor/internal/swarm/guardrails.go:343.4,343.27 1 25
github.com/swarm-editor/swarm-editor/internal/swarm/guardrails.go:343.27,348.5 4 25
github.com/swarm-editor/swarm-editor/internal/swarm/guardrails.go:351.4,351.30 1 25
github.com/swarm-editor/swarm-editor/internal/swarm/guardrails.go:351.30,353.5 1 10
github.com/swarm-editor/swarm-editor/internal/swarm/guardrails.go:356.4,357.42 2 15
github.com/swarm-editor/swarm-editor/internal/swarm/guardrails.go:361.2,361.14 1 24
github.com/swarm-editor/swarm-editor/internal/swarm/guardrails.go:361.14,364.34 2 9
github.com/swarm-editor/swarm-editor/internal/swarm/guardrails.go:364.34,366.4 1 3
github.com/swarm-editor/swarm-editor/internal/swarm/guardrails.go:367.3,369.40 2 9
github.com/swarm-editor/swarm-editor/internal/swarm/guardrails.go:374.2,375.29 2 15
github.com/swarm-editor/swarm-editor/internal/swarm/guardrails.go:375.29,376.12 1 15
github.com/swarm-editor/swarm-editor/internal/swarm/guardrails.go:376.12,378.4 1 0
github.com/swarm-editor/swarm-editor/internal/swarm/guardrails.go:379.3,379.26 1 15
github.com/swarm-editor/swarm-editor/internal/swarm/guardrails.go:381.2,389.3 1 15
github.com/swarm-editor/swarm-editor/internal/swarm/guardrails.go:394.129,396.14 2 3
github.com/swarm-editor/swarm-editor/internal/swarm/guardrails.go:396.14,398.3 1 0
github.com/swarm-editor/swarm-editor/internal/swarm/guardrails.go:401.2,401.30 1 3
github.com/swarm-editor/swarm-editor/internal/swarm/guardrails.go:401.30,406.22 4 2
github.com/swarm-editor/swarm-editor/internal/swarm/guardrails.go:406.22,408.18 2 1
github.com/swarm-editor/swarm-editor/internal/swarm/guardrails.go:408.18,410.5 1 0
github.com/swarm-editor/swarm-editor/internal/swarm/guardrails.go:411.4,411.15 1 1
github.com/swarm-editor/swarm-editor/internal/swarm/guardrails.go:411.15,413.5 1 1
github.com/swarm-editor/swarm-editor/internal/swarm/guardrails.go:417.2,417.16 1 2
github.com/swarm-editor/swarm-editor/internal/swarm/guardrails.go:434.57,441.2 1 7
github.com/swarm-editor/swarm-editor/internal/swarm/guardrails.go:460.41,462.14 2 7
github.com/swarm-editor/swarm-editor/internal/swarm/guardrails.go:462.14,464.3 1 2
github.com/swarm-editor/swarm-editor/internal/swarm/guardrails.go:467.2,467.42 1 5
github.com/swarm-editor/swarm-editor/internal/swarm/guardrails.go:467.42,469.3 1 1
github.com/swarm-editor/swarm-editor/internal/swarm/guardrails.go:471.2,474.34 3 4
github.com/swarm-editor/swarm-editor/internal/swarm/guardrails.go:474.34,476.23 1 7
github.com/swarm-editor/swarm-editor/internal/swarm/guardrails.go:476.23,478.4 1 0
github.com/swarm-editor/swarm-editor/internal/swarm/guardrails.go:480.3,483.16 2 7
github.com/swarm-editor/swarm-editor/internal/swarm/guardrails.go:483.16,485.4 1 1
github.com/swarm-editor/swarm-editor/internal/swarm/guardrails.go:488.3,489.17 2 6
github.com/swarm-editor/swarm-editor/internal/swarm/guardrails.go:489.17,492.4 1 1
github.com/swarm-editor/swarm-editor/internal/swarm/guardrails.go:493.3,493.23 1 5
github.com/swarm-editor/swarm-editor/internal/swarm/guardrails.go:493.23,495.4 1 0
github.com/swarm-editor/swarm-editor/internal/swarm/guardrails.go:497.3,499.15 3 5
github.com/swarm-editor/swarm-editor/internal/swarm/guardrails.go:499.15,501.4 1 1
github.com/swarm-editor/swarm-editor/internal/swarm/guardrails.go:504.2,504.29 1 1
github.com/swarm-editor/swarm-editor/internal/swarm/guardrails.go:508.82,509.24 1 34
github.com/swarm-editor/swarm-editor/internal/swarm/guardrails.go:509.24,515.3 1 10
github.com/swarm-editor/swarm-editor/internal/swarm/guardrails.go:518.2,524.35 6 24
github.com/swarm-editor/swarm-editor/internal/swarm/guardrails.go:524.35,525.46 1 24
github.com/swarm-editor/swarm-editor/internal/swarm/guardrails.go:525.46,531.4 1 11
github.com/swarm-editor/swarm-editor/internal/swarm/guardrails.go:534.2,534.39 1 13
github.com/swarm-editor/swarm-editor/internal/swarm/guardrails.go:538.87,543.48 4 24
github.com/swarm-editor/swarm-editor/internal/swarm/guardrails.go:543.48,549.3 1 1
github.com/swarm-editor/swarm-editor/internal/swarm/guardrails.go:551.2,551.39 1 23
github.com/swarm-editor/swarm-editor/internal/swarm/guardrails.go:556.82,557.68 1 24
github.com/swarm-editor/swarm-editor/internal/swarm/guardrails.go:557.68,563.3 1 1
github.com/swarm-editor/swarm-editor/internal/swarm/guardrails.go:565.2,565.39 1 23
github.com/swarm-editor/swarm-editor/internal/swarm/handoff.go:142.66,157.2 2 83
github.com/swarm-editor/swarm-editor/internal/swarm/handoff.go:160.156,174.17 5 244
github.com/swarm-editor/swarm-editor/internal/swarm/handoff.go:174.17,176.17 2 4
github.com/swarm-editor/swarm-editor/internal/swarm/handoff.go:176.17,178.4 1 1
github.com/swarm-editor/swarm-editor/internal/swarm/handoff.go:179.3,179.13 1 3
github.com/swarm-editor/swarm-editor/internal/swarm/handoff.go:179.13,181.4 1 1
github.com/swarm-editor/swarm-editor/internal/swarm/handoff.go:182.3,182.25 1 2
github.com/swarm-editor/swarm-editor/internal/swarm/handoff.go:182.25,184.4 1 1
github.com/swarm-editor/swarm-editor/internal/swarm/handoff.go:187.2,190.59 2 242
github.com/swarm-editor/swarm-editor/internal/swarm/handoff.go:190.59,193.3 2 2
github.com/swarm-editor/swarm-editor/internal/swarm/handoff.go:195.2,195.57 1 240
github.com/swarm-editor/swarm-editor/internal/swarm/handoff.go:195.57,198.3 2 1
github.com/swarm-editor/swarm-editor/internal/swarm/handoff.go:201.2,201.46 1 239
github.com/swarm-editor/swarm-editor/internal/swarm/handoff.go:201.46,204.3 2 1
github.com/swarm-editor/swarm-editor/internal/swarm/handoff.go:208.2,208.59 1 238
github.com/swarm-editor/swarm-editor/internal/swarm/handoff.go:208.59,211.3 2 0
github.com/swarm-editor/swarm-editor/internal/swarm/handoff.go:212.2,213.33 2 238
github.com/swarm-editor/swarm-editor/internal/swarm/handoff.go:213.33,216.3 2 1
github.com/swarm-editor/swarm-editor/internal/swarm/handoff.go:219.2,235.24 5 237
github.com/swarm-editor/swarm-editor/internal/swarm/handoff.go:235.24,237.3 1 3
github.com/swarm-editor/swarm-editor/internal/swarm/handoff.go:241.2,242.12 2 237
github.com/swarm-editor/swarm-editor/internal/swarm/handoff.go:242.12,243.16 1 237
github.com/swarm-editor/swarm-editor/internal/swarm/handoff.go:243.16,244.32 1 237
github.com/swarm-editor/swarm-editor/internal/swarm/handoff.go:244.32,246.5 1 0
github.com/swarm-editor/swarm-editor/internal/swarm/handoff.go:247.4,247.16 1 237
github.com/swarm-editor/swarm-editor/internal/swarm/handoff.go:249.3,249.31 1 237
github.com/swarm-editor/swarm-editor/internal/swarm/handoff.go:252.2,252.17 1 237
github.com/swarm-editor/swarm-editor/internal/swarm/handoff.go:256.126,259.9 3 220
github.com/swarm-editor/swarm-editor/internal/swarm/handoff.go:259.9,262.3 2 1
github.com/swarm-editor/swarm-editor/internal/swarm/handoff.go:265.2,265.73 1 219
github.com/swarm-editor/swarm-editor/internal/swarm/handoff.go:265.73,267.3 1 0
github.com/swarm-editor/swarm-editor/internal/swarm/handoff.go:270.2,278.23 7 219
github.com/swarm-editor/swarm-editor/internal/swarm/handoff.go:278.23,280.3 1 1
github.com/swarm-editor/swarm-editor/internal/swarm/handoff.go:282.2,282.12 1 219
github.com/swarm-editor/swarm-editor/internal/swarm/handoff.go:286.94,289.9 3 5
github.com/swarm-editor/swarm-editor/internal/swarm/handoff.go:289.9,292.3 2 2
github.com/swarm-editor/swarm-editor/internal/swarm/handoff.go:295.2,303.23 7 3
github.com/swarm-editor/swarm-editor/internal/swarm/handoff.go:303.23,305.3 1 1
github.com/swarm-editor/swarm-editor/internal/swarm/handoff.go:306.2,306.20 1 3
github.com/swarm-editor/swarm-editor/internal/swarm/handoff.go:306.20,308.3 1 1
github.com/swarm-editor/swarm-editor/internal/swarm/handoff.go:310.2,310.12 1 3
github.com/swarm-editor/swarm-editor/internal/swarm/handoff.go:314.88,317.9 3 220
github.com/swarm-editor/swarm-editor/internal/swarm/handoff.go:317.9,320.3 2 2
github.com/swarm-editor/swarm-editor/internal/swarm/handoff.go:323.2,333.48 5 218
github.com/swarm-editor/swarm-editor/internal/swarm/handoff.go:333.48,336.3 2 0
github.com/swarm-editor/swarm-editor/internal/swarm/handoff.go:336.8,339.3 2 218
github.com/swarm-editor/swarm-editor/internal/swarm/handoff.go:342.2,343.46 2 218
github.com/swarm-editor/swarm-editor/internal/swarm/handoff.go:343.46,347.32 2 1
github.com/swarm-editor/swarm-editor/internal/swarm/handoff.go:347.32,349.4 1 201
github.com/swarm-editor/swarm-editor/internal/swarm/handoff.go:351.3,351.39 1 1
github.com/swarm-editor/swarm-editor/internal/swarm/handoff.go:351.39,354.4 2 1577
github.com/swarm-editor/swarm-editor/internal/swarm/handoff.go:356.3,357.30 2 1
github.com/swarm-editor/swarm-editor/internal/swarm/handoff.go:357.30,359.4 1 101
github.com/swarm-editor/swarm-editor/internal/swarm/handoff.go:362.2,367.24 4 218
github.com/swarm-editor/swarm-editor/internal/swarm/handoff.go:367.24,369.3 1 2
github.com/swarm-editor/swarm-editor/internal/swarm/handoff.go:370.2,370.20 1 218
github.com/swarm-editor/swarm-editor/internal/swarm/handoff.go:370.20,372.3 1 1
github.com/swarm-editor/swarm-editor/internal/swarm/handoff.go:374.2,374.12 1 218
github.com/swarm-editor/swarm-editor/internal/swarm/handoff.go:379.85,389.9 7 237
github.com/swarm-editor/swarm-editor/internal/swarm/handoff.go:390.17,393.38 2 236
github.com/swarm-editor/swarm-editor/internal/swarm/handoff.go:393.38,396.4 2 14
github.com/swarm-editor/swarm-editor/internal/swarm/handoff.go:397.3,401.24 4 236
github.com/swarm-editor/swarm-editor/internal/swarm/handoff.go:401.24,403.4 1 3
github.com/swarm-editor/swarm-editor/internal/swarm/handoff.go:404.3,404.21 1 236
github.com/swarm-editor/swarm-editor/internal/swarm/handoff.go:404.21,406.4 1 2
github.com/swarm-editor/swarm-editor/internal/swarm/handoff.go:407.20,410.38 2 0
github.com/swarm-editor/swarm-editor/internal/swarm/handoff.go:410.38,413.4 2 0
github.com/swarm-editor/swarm-editor/internal/swarm/handoff.go:414.3,415.9 2 0
github.com/swarm-editor/swarm-editor/internal/swarm/handoff.go:416.27,420.38 2 1
github.com/swarm-editor/swarm-editor/internal/swarm/handoff.go:420.38,423.4 2 1
github.com/swarm-editor/swarm-editor/internal/swarm/handoff.go:424.3,425.9 2 1
github.com/swarm-editor/swarm-editor/internal/swarm/handoff.go:430.66,435.33 4 3
github.com/swarm-editor/swarm-editor/internal/swarm/handoff.go:435.33,437.3 1 1
github.com/swarm-editor/swarm-editor/internal/swarm/handoff.go:438.2,438.15 1 3
github.com/swarm-editor/swarm-editor/internal/swarm/handoff.go:442.65,447.32 4 2
github.com/swarm-editor/swarm-editor/internal/swarm/handoff.go:447.32,449.3 1 1
github.com/swarm-editor/swarm-editor/internal/swarm/handoff.go:450.2,450.15 1 2
github.com/swarm-editor/swarm-editor/internal/swarm/handoff.go:454.66,463.2 3 4
github.com/swarm-editor/swarm-editor/internal/swarm/handoff.go:466.79,470.2 3 2
github.com/swarm-editor/swarm-editor/internal/swarm/handoff.go:473.78,477.2 3 2
github.com/swarm-editor/swarm-editor/internal/swarm/handoff.go:480.79,484.2 3 2
github.com/swarm-editor/swarm-editor/internal/swarm/handoff.go:487.78,491.2 3 2
github.com/swarm-editor/swarm-editor/internal/swarm/handoff.go:498.62,502.2 3 4
github.com/swarm-editor/swarm-editor/internal/swarm/handoff.go:506.110,510.2 3 2
github.com/swarm-editor/swarm-editor/internal/swarm/handoff.go:513.62,517.2 3 1
github.com/swarm-editor/swarm-editor/internal/swarm/handoff.go:520.48,524.2 3 2
github.com/swarm-editor/swarm-editor/internal/swarm/handoff.go:530.72,536.24 4 3
github.com/swarm-editor/swarm-editor/internal/swarm/handoff.go:536.24,537.53 1 1
github.com/swarm-editor/swarm-editor/internal/swarm/handoff.go:537.53,547.4 1 0
github.com/swarm-editor/swarm-editor/internal/swarm/handoff.go:548.3,548.52 1 1
github.com/swarm-editor/swarm-editor/internal/swarm/handoff.go:548.52,556.4 1 0
github.com/swarm-editor/swarm-editor/internal/swarm/handoff.go:557.3,557.52 1 1
github.com/swarm-editor/swarm-editor/internal/swarm/handoff.go:557.52,565.4 1 0
github.com/swarm-editor/swarm-editor/internal/swarm/handoff.go:566.3,566.53 1 1
github.com/swarm-editor/swarm-editor/internal/swarm/handoff.go:566.53,573.4 1 0
github.com/swarm-editor/swarm-editor/internal/swarm/handoff.go:582.35,583.25 1 10
github.com/swarm-editor/swarm-editor/internal/swarm/handoff.go:583.25,584.23 1 10
github.com/swarm-editor/swarm-editor/internal/swarm/handoff.go:584.23,586.4 1 10
github.com/swarm-editor/swarm-editor/internal/swarm/handoff.go:587.3,587.15 1 10
github.com/swarm-editor/swarm-editor/internal/swarm/handoff.go:595.65,600.2 4 1
github.com/swarm-editor/swarm-editor/internal/swarm/handoff.go:604.68,608.2 3 1
github.com/swarm-editor/swarm-editor/internal/swarm/handoff.go:611.61,615.2 3 2
github.com/swarm-editor/swarm-editor/internal/swarm/handoff.go:618.66,623.2 4 2
github.com/swarm-editor/swarm-editor/internal/swarm/handoff.go:625.33,627.2 1 239
github.com/swarm-editor/swarm-editor/internal/swarm/handoff.go:634.88,635.23 1 9
github.com/swarm-editor/swarm-editor/internal/swarm/handoff.go:635.23,637.3 1 2
github.com/swarm-editor/swarm-editor/internal/swarm/handoff.go:640.2,642.28 3 7
github.com/swarm-editor/swarm-editor/internal/swarm/handoff.go:642.28,643.36 1 9
github.com/swarm-editor/swarm-editor/internal/swarm/handoff.go:643.36,647.37 3 7
github.com/swarm-editor/swarm-editor/internal/swarm/handoff.go:647.37,652.13 5 3
github.com/swarm-editor/swarm-editor/internal/swarm/handoff.go:655.3,655.16 1 6
github.com/swarm-editor/swarm-editor/internal/swarm/handoff.go:657.2,658.15 2 7
github.com/swarm-editor/swarm-editor/internal/swarm/handoff.go:664.54,665.15 1 6
github.com/swarm-editor/swarm-editor/internal/swarm/handoff.go:665.15,667.3 1 2
github.com/swarm-editor/swarm-editor/internal/swarm/handoff.go:668.2,673.35 2 4
github.com/swarm-editor/swarm-editor/internal/swarm/handoff.go:673.35,676.3 2 1
github.com/swarm-editor/swarm-editor/internal/swarm/handoff.go:677.2,677.29 1 4
github.com/swarm-editor/swarm-editor/internal/swarm/handoff.go:677.29,680.3 2 1
github.com/swarm-editor/swarm-editor/internal/swarm/handoff.go:681.2,681.25 1 4
github.com/swarm-editor/swarm-editor/internal/swarm/handoff.go:681.25,684.3 2 1
github.com/swarm-editor/swarm-editor/internal/swarm/handoff.go:686.2,686.24 1 4
github.com/swarm-editor/swarm-editor/internal/swarm/handoff.go:686.24,688.3 1 2
github.com/swarm-editor/swarm-editor/internal/swarm/handoff.go:689.2,689.32 1 4
github.com/swarm-editor/swarm-editor/internal/swarm/handoff.go:689.32,691.3 1 1
github.com/swarm-editor/swarm-editor/internal/swarm/handoff.go:692.2,692.14 1 4
github.com/swarm-editor/swarm-editor/internal/swarm/handoff.go:696.53,697.14 1 4
github.com/swarm-editor/swarm-editor/internal/swarm/handoff.go:697.14,699.3 1 1
github.com/swarm-editor/swarm-editor/internal/swarm/handoff.go:700.2,711.14 2 3
github.com/swarm-editor/swarm-editor/internal/swarm/handoff.go:715.35,716.23 1 14
github.com/swarm-editor/swarm-editor/internal/swarm/handoff.go:717.13,718.17 1 6
github.com/swarm-editor/swarm-editor/internal/swarm/handoff.go:719.16,721.23 2 2
github.com/swarm-editor/swarm-editor/internal/swarm/handoff.go:721.23,723.4 1 3
github.com/swarm-editor/swarm-editor/internal/swarm/handoff.go:724.3,724.22 1 2
github.com/swarm-editor/swarm-editor/internal/swarm/handoff.go:726.2,726.19 1 6
github.com/swarm-editor/swarm-editor/internal/swarm/handoff.go:730.70,731.32 1 3
github.com/swarm-editor/swarm-editor/internal/swarm/handoff.go:731.32,733.3 1 1
github.com/swarm-editor/swarm-editor/internal/swarm/handoff.go:734.2,735.16 2 2
github.com/swarm-editor/swarm-editor/internal/swarm/handoff.go:739.69,740.32 1 2
github.com/swarm-editor/swarm-editor/internal/swarm/handoff.go:740.32,742.3 1 1
github.com/swarm-editor/swarm-editor/internal/swarm/handoff.go:743.2,743.34 1 2
github.com/swarm-editor/swarm-editor/internal/swarm/http_node.go:66.101,75.18 7 34
github.com/swarm-editor/swarm-editor/internal/swarm/http_node.go:75.18,77.3 1 1
github.com/swarm-editor/swarm-editor/internal/swarm/http_node.go:80.2,81.16 2 33
github.com/swarm-editor/swarm-editor/internal/swarm/http_node.go:81.16,83.3 1 0
github.com/swarm-editor/swarm-editor/internal/swarm/http_node.go:84.2,84.63 1 33
github.com/swarm-editor/swarm-editor/internal/swarm/http_node.go:84.63,86.3 1 1
github.com/swarm-editor/swarm-editor/internal/swarm/http_node.go:91.2,92.19 2 32
github.com/swarm-editor/swarm-editor/internal/swarm/http_node.go:92.19,93.57 1 15
github.com/swarm-editor/swarm-editor/internal/swarm/http_node.go:93.57,95.4 1 14
github.com/swarm-editor/swarm-editor/internal/swarm/http_node.go:99.2,99.21 1 18
github.com/swarm-editor/swarm-editor/internal/swarm/http_node.go:99.21,101.3 1 0
github.com/swarm-editor/swarm-editor/internal/swarm/http_node.go:102.2,102.22 1 18
github.com/swarm-editor/swarm-editor/internal/swarm/http_node.go:102.22,106.3 3 1
github.com/swarm-editor/swarm-editor/internal/swarm/http_node.go:107.2,107.20 1 18
github.com/swarm-editor/swarm-editor/internal/swarm/http_node.go:107.20,109.3 1 0
github.com/swarm-editor/swarm-editor/internal/swarm/http_node.go:110.2,110.29 1 18
github.com/swarm-editor/swarm-editor/internal/swarm/http_node.go:110.29,114.3 3 1
github.com/swarm-editor/swarm-editor/internal/swarm/http_node.go:117.2,121.65 3 18
github.com/swarm-editor/swarm-editor/internal/swarm/http_node.go:121.65,123.3 1 1
github.com/swarm-editor/swarm-editor/internal/swarm/http_node.go:126.2,136.69 2 18
github.com/swarm-editor/swarm-editor/internal/swarm/http_node.go:136.69,138.21 1 0
github.com/swarm-editor/swarm-editor/internal/swarm/http_node.go:138.21,139.57 1 0
github.com/swarm-editor/swarm-editor/internal/swarm/http_node.go:139.57,141.6 1 0
github.com/swarm-editor/swarm-editor/internal/swarm/http_node.go:144.4,144.22 1 0
github.com/swarm-editor/swarm-editor/internal/swarm/http_node.go:144.22,146.5 1 0
github.com/swarm-editor/swarm-editor/internal/swarm/http_node.go:147.4,147.14 1 0
github.com/swarm-editor/swarm-editor/internal/swarm/http_node.go:152.2,155.53 3 18
github.com/swarm-editor/swarm-editor/internal/swarm/http_node.go:155.53,156.18 1 18
github.com/swarm-editor/swarm-editor/internal/swarm/http_node.go:156.18,161.11 4 0
github.com/swarm-editor/swarm-editor/internal/swarm/http_node.go:162.22,164.26 2 0
github.com/swarm-editor/swarm-editor/internal/swarm/http_node.go:165.19,165.19 0 0
github.com/swarm-editor/swarm-editor/internal/swarm/http_node.go:169.3,170.21 2 18
github.com/swarm-editor/swarm-editor/internal/swarm/http_node.go:170.21,171.9 1 15
github.com/swarm-editor/swarm-editor/internal/swarm/http_node.go:175.3,175.23 1 3
github.com/swarm-editor/swarm-editor/internal/swarm/http_node.go:175.23,177.4 1 2
github.com/swarm-editor/swarm-editor/internal/swarm/http_node.go:178.3,178.75 1 1
github.com/swarm-editor/swarm-editor/internal/swarm/http_node.go:178.75,179.9 1 0
github.com/swarm-editor/swarm-editor/internal/swarm/http_node.go:183.2,183.20 1 16
github.com/swarm-editor/swarm-editor/internal/swarm/http_node.go:183.20,185.3 1 1
github.com/swarm-editor/swarm-editor/internal/swarm/http_node.go:188.2,188.77 1 15
github.com/swarm-editor/swarm-editor/internal/swarm/http_node.go:188.77,191.3 1 1
github.com/swarm-editor/swarm-editor/internal/swarm/http_node.go:193.2,193.20 1 14
github.com/swarm-editor/swarm-editor/internal/swarm/http_node.go:197.156,199.16 2 18
github.com/swarm-editor/swarm-editor/internal/swarm/http_node.go:199.16,201.3 1 0
github.com/swarm-editor/swarm-editor/internal/swarm/http_node.go:204.2,204.34 1 18
github.com/swarm-editor/swarm-editor/internal/swarm/http_node.go:204.34,206.3 1 3
github.com/swarm-editor/swarm-editor/internal/swarm/http_node.go:208.2,210.16 3 18
github.com/swarm-editor/swarm-editor/internal/swarm/http_node.go:210.16,212.3 1 3
github.com/swarm-editor/swarm-editor/internal/swarm/http_node.go:213.2,220.16 5 15
github.com/swarm-editor/swarm-editor/internal/swarm/http_node.go:220.16,222.3 1 0
github.com/swarm-editor/swarm-editor/internal/swarm/http_node.go:225.2,226.39 2 15
github.com/swarm-editor/swarm-editor/internal/swarm/http_node.go:226.39,227.22 1 40
github.com/swarm-editor/swarm-editor/internal/swarm/http_node.go:227.22,229.4 1 40
github.com/swarm-editor/swarm-editor/internal/swarm/http_node.go:232.2,240.8 1 15
github.com/swarm-editor/swarm-editor/internal/swarm/http_node.go:245.79,258.36 3 25
github.com/swarm-editor/swarm-editor/internal/swarm/http_node.go:258.36,259.24 1 8
github.com/swarm-editor/swarm-editor/internal/swarm/http_node.go:260.26,261.30 1 2
github.com/swarm-editor/swarm-editor/internal/swarm/http_node.go:261.30,263.33 2 4
github.com/swarm-editor/swarm-editor/internal/swarm/http_node.go:263.33,265.14 2 1
github.com/swarm-editor/swarm-editor/internal/swarm/http_node.go:267.5,267.25 1 3
github.com/swarm-editor/swarm-editor/internal/swarm/http_node.go:269.23,270.30 1 6
github.com/swarm-editor/swarm-editor/internal/swarm/http_node.go:270.30,272.33 2 13
github.com/swarm-editor/swarm-editor/internal/swarm/http_node.go:272.33,274.14 2 6
github.com/swarm-editor/swarm-editor/internal/swarm/http_node.go:276.5,276.41 1 7
github.com/swarm-editor/swarm-editor/internal/swarm/http_node.go:276.41,278.6 1 6
github.com/swarm-editor/swarm-editor/internal/swarm/http_node.go:284.2,284.18 1 25
github.com/swarm-editor/swarm-editor/internal/swarm/http_node.go:284.18,286.3 1 17
github.com/swarm-editor/swarm-editor/internal/swarm/http_node.go:288.2,288.16 1 25
github.com/swarm-editor/swarm-editor/internal/swarm/http_node.go:292.76,293.30 1 630
github.com/swarm-editor/swarm-editor/internal/swarm/http_node.go:293.30,294.35 1 387
github.com/swarm-editor/swarm-editor/internal/swarm/http_node.go:294.35,296.4 1 387
github.com/swarm-editor/swarm-editor/internal/swarm/http_node.go:298.2,298.19 1 243
github.com/swarm-editor/swarm-editor/internal/swarm/http_node.go:303.41,306.38 2 30
github.com/swarm-editor/swarm-editor/internal/swarm/http_node.go:306.38,309.23 2 4
github.com/swarm-editor/swarm-editor/internal/swarm/http_node.go:309.23,312.4 1 4
github.com/swarm-editor/swarm-editor/internal/swarm/http_node.go:313.8,315.51 1 26
github.com/swarm-editor/swarm-editor/internal/swarm/http_node.go:315.51,317.4 1 1
github.com/swarm-editor/swarm-editor/internal/swarm/http_node.go:321.2,327.39 2 30
github.com/swarm-editor/swarm-editor/internal/swarm/http_node.go:327.39,328.26 1 108
github.com/swarm-editor/swarm-editor/internal/swarm/http_node.go:328.26,330.4 1 8
github.com/swarm-editor/swarm-editor/internal/swarm/http_node.go:334.2,334.41 1 22
github.com/swarm-editor/swarm-editor/internal/swarm/http_node.go:334.41,336.3 1 4
github.com/swarm-editor/swarm-editor/internal/swarm/http_node.go:339.2,339.44 1 18
github.com/swarm-editor/swarm-editor/internal/swarm/http_node.go:339.44,340.22 1 16
github.com/swarm-editor/swarm-editor/internal/swarm/http_node.go:340.22,342.4 1 3
github.com/swarm-editor/swarm-editor/internal/swarm/http_node.go:343.3,343.59 1 13
github.com/swarm-editor/swarm-editor/internal/swarm/http_node.go:343.59,345.4 1 1
github.com/swarm-editor/swarm-editor/internal/swarm/http_node.go:346.3,346.21 1 12
github.com/swarm-editor/swarm-editor/internal/swarm/http_node.go:346.21,348.4 1 9
github.com/swarm-editor/swarm-editor/internal/swarm/http_node.go:352.2,352.82 1 5
github.com/swarm-editor/swarm-editor/internal/swarm/http_node.go:352.82,354.3 1 0
github.com/swarm-editor/swarm-editor/internal/swarm/http_node.go:357.2,359.43 1 5
github.com/swarm-editor/swarm-editor/internal/swarm/http_node.go:359.43,361.3 1 0
github.com/swarm-editor/swarm-editor/internal/swarm/http_node.go:363.2,363.41 1 5
github.com/swarm-editor/swarm-editor/internal/swarm/http_node.go:363.41,365.22 2 3
github.com/swarm-editor/swarm-editor/internal/swarm/http_node.go:365.22,368.48 3 3
github.com/swarm-editor/swarm-editor/internal/swarm/http_node.go:368.48,370.5 1 0
github.com/swarm-editor/swarm-editor/internal/swarm/http_node.go:374.2,374.12 1 5
github.com/swarm-editor/swarm-editor/internal/swarm/http_node.go:378.84,379.30 1 106
github.com/swarm-editor/swarm-editor/internal/swarm/http_node.go:379.30,380.24 1 13
github.com/swarm-editor/swarm-editor/internal/swarm/http_node.go:381.16,382.12 1 10
github.com/swarm-editor/swarm-editor/internal/swarm/http_node.go:383.12,384.21 1 1
github.com/swarm-editor/swarm-editor/internal/swarm/http_node.go:385.14,386.21 1 0
github.com/swarm-editor/swarm-editor/internal/swarm/http_node.go:387.15,388.55 1 2
github.com/swarm-editor/swarm-editor/internal/swarm/http_node.go:388.55,390.5 1 1
github.com/swarm-editor/swarm-editor/internal/swarm/http_node.go:393.2,393.19 1 94
github.com/swarm-editor/swarm-editor/internal/swarm/http_node.go:397.77,398.30 1 134
github.com/swarm-editor/swarm-editor/internal/swarm/http_node.go:398.30,399.28 1 22
github.com/swarm-editor/swarm-editor/internal/swarm/http_node.go:399.28,401.4 1 21
github.com/swarm-editor/swarm-editor/internal/swarm/http_node.go:403.2,403.19 1 113
github.com/swarm-editor/swarm-editor/internal/swarm/http_node.go:407.61,420.66 3 3
github.com/swarm-editor/swarm-editor/internal/swarm/http_node.go:420.66,422.3 1 2
github.com/swarm-editor/swarm-editor/internal/swarm/http_node.go:424.2,424.15 1 3
github.com/swarm-editor/swarm-editor/internal/swarm/interrupt.go:18.62,23.2 1 5
github.com/swarm-editor/swarm-editor/internal/swarm/interrupt.go:25.41,27.2 1 2
github.com/swarm-editor/swarm-editor/internal/swarm/interrupt.go:32.39,33.16 1 8
github.com/swarm-editor/swarm-editor/internal/swarm/interrupt.go:33.16,35.3 1 1
github.com/swarm-editor/swarm-editor/internal/swarm/interrupt.go:36.2,37.28 2 7
github.com/swarm-editor/swarm-editor/internal/swarm/iterator_node.go:67.95,70.18 2 13
github.com/swarm-editor/swarm-editor/internal/swarm/iterator_node.go:70.18,72.3 1 2
github.com/swarm-editor/swarm-editor/internal/swarm/iterator_node.go:75.2,81.19 5 11
github.com/swarm-editor/swarm-editor/internal/swarm/iterator_node.go:81.19,83.3 1 0
github.com/swarm-editor/swarm-editor/internal/swarm/iterator_node.go:84.2,84.21 1 11
github.com/swarm-editor/swarm-editor/internal/swarm/iterator_node.go:84.21,88.3 3 1
github.com/swarm-editor/swarm-editor/internal/swarm/iterator_node.go:89.2,89.23 1 11
github.com/swarm-editor/swarm-editor/internal/swarm/iterator_node.go:89.23,91.3 1 0
github.com/swarm-editor/swarm-editor/internal/swarm/iterator_node.go:92.2,92.27 1 11
github.com/swarm-editor/swarm-editor/internal/swarm/iterator_node.go:92.27,96.3 3 1
github.com/swarm-editor/swarm-editor/internal/swarm/iterator_node.go:97.2,97.19 1 11
github.com/swarm-editor/swarm-editor/internal/swarm/iterator_node.go:97.19,99.3 1 0
github.com/swarm-editor/swarm-editor/internal/swarm/iterator_node.go:100.2,100.29 1 11
github.com/swarm-editor/swarm-editor/internal/swarm/iterator_node.go:100.29,102.3 1 2
github.com/swarm-editor/swarm-editor/internal/swarm/iterator_node.go:105.2,106.24 2 11
github.com/swarm-editor/swarm-editor/internal/swarm/iterator_node.go:106.24,108.3 1 0
github.com/swarm-editor/swarm-editor/internal/swarm/iterator_node.go:109.2,109.36 1 11
github.com/swarm-editor/swarm-editor/internal/swarm/iterator_node.go:109.36,111.3 1 10
github.com/swarm-editor/swarm-editor/internal/swarm/iterator_node.go:113.2,119.27 3 11
github.com/swarm-editor/swarm-editor/internal/swarm/iterator_node.go:119.27,121.3 1 0
github.com/swarm-editor/swarm-editor/internal/swarm/iterator_node.go:123.2,123.51 1 11
github.com/swarm-editor/swarm-editor/internal/swarm/iterator_node.go:123.51,125.23 1 21
github.com/swarm-editor/swarm-editor/internal/swarm/iterator_node.go:125.23,127.4 1 1
github.com/swarm-editor/swarm-editor/internal/swarm/iterator_node.go:130.3,131.26 2 20
github.com/swarm-editor/swarm-editor/internal/swarm/iterator_node.go:131.26,133.4 1 2
github.com/swarm-editor/swarm-editor/internal/swarm/iterator_node.go:135.3,135.33 1 20
github.com/swarm-editor/swarm-editor/internal/swarm/iterator_node.go:135.33,150.4 6 31
github.com/swarm-editor/swarm-editor/internal/swarm/iterator_node.go:153.2,155.20 2 10
github.com/swarm-editor/swarm-editor/internal/swarm/iterator_node.go:159.36,160.18 1 20
github.com/swarm-editor/swarm-editor/internal/swarm/iterator_node.go:160.18,162.3 1 3
github.com/swarm-editor/swarm-editor/internal/swarm/iterator_node.go:163.2,163.27 1 17
github.com/swarm-editor/swarm-editor/internal/swarm/iterator_node.go:164.13,165.11 1 11
github.com/swarm-editor/swarm-editor/internal/swarm/iterator_node.go:166.16,168.23 2 1
github.com/swarm-editor/swarm-editor/internal/swarm/iterator_node.go:168.23,170.4 1 2
github.com/swarm-editor/swarm-editor/internal/swarm/iterator_node.go:171.3,171.16 1 1
github.com/swarm-editor/swarm-editor/internal/swarm/iterator_node.go:172.13,174.23 2 1
github.com/swarm-editor/swarm-editor/internal/swarm/iterator_node.go:174.23,176.4 1 4
github.com/swarm-editor/swarm-editor/internal/swarm/iterator_node.go:177.3,177.16 1 1
github.com/swarm-editor/swarm-editor/internal/swarm/iterator_node.go:178.17,180.23 2 1
github.com/swarm-editor/swarm-editor/internal/swarm/iterator_node.go:180.23,182.4 1 2
github.com/swarm-editor/swarm-editor/internal/swarm/iterator_node.go:183.3,183.16 1 1
github.com/swarm-editor/swarm-editor/internal/swarm/iterator_node.go:184.10,186.18 1 3
github.com/swarm-editor/swarm-editor/internal/swarm/loop_detector.go:43.38,51.2 1 55
github.com/swarm-editor/swarm-editor/internal/swarm/loop_detector.go:55.68,56.19 1 40
github.com/swarm-editor/swarm-editor/internal/swarm/loop_detector.go:56.19,58.3 1 1
github.com/swarm-editor/swarm-editor/internal/swarm/loop_detector.go:60.2,68.37 6 39
github.com/swarm-editor/swarm-editor/internal/swarm/loop_detector.go:68.37,71.3 2 7
github.com/swarm-editor/swarm-editor/internal/swarm/loop_detector.go:74.2,75.44 2 39
github.com/swarm-editor/swarm-editor/internal/swarm/loop_detector.go:75.44,76.28 1 34
github.com/swarm-editor/swarm-editor/internal/swarm/loop_detector.go:76.28,78.4 1 14
github.com/swarm-editor/swarm-editor/internal/swarm/loop_detector.go:78.9,79.9 1 20
github.com/swarm-editor/swarm-editor/internal/swarm/loop_detector.go:83.2,83.58 1 39
github.com/swarm-editor/swarm-editor/internal/swarm/loop_detector.go:83.58,87.3 1 4
github.com/swarm-editor/swarm-editor/internal/swarm/loop_detector.go:90.2,90.92 1 35
github.com/swarm-editor/swarm-editor/internal/swarm/loop_detector.go:90.92,92.44 2 1
github.com/swarm-editor/swarm-editor/internal/swarm/loop_detector.go:92.44,96.4 1 1
github.com/swarm-editor/swarm-editor/internal/swarm/loop_detector.go:99.2,99.18 1 34
github.com/swarm-editor/swarm-editor/internal/swarm/loop_detector.go:103.33,108.2 4 4
github.com/swarm-editor/swarm-editor/internal/swarm/loop_detector.go:111.60,115.2 3 2
github.com/swarm-editor/swarm-editor/internal/swarm/loop_detector.go:118.46,122.2 3 1
github.com/swarm-editor/swarm-editor/internal/swarm/loop_detector.go:125.59,129.2 3 2
github.com/swarm-editor/swarm-editor/internal/swarm/loop_detector.go:132.48,135.26 3 1
github.com/swarm-editor/swarm-editor/internal/swarm/loop_detector.go:135.26,137.3 1 0
github.com/swarm-editor/swarm-editor/internal/swarm/loop_detector.go:138.2,140.44 3 1
github.com/swarm-editor/swarm-editor/internal/swarm/loop_detector.go:140.44,141.28 1 3
github.com/swarm-editor/swarm-editor/internal/swarm/loop_detector.go:141.28,143.4 1 2
github.com/swarm-editor/swarm-editor/internal/swarm/loop_detector.go:143.9,144.9 1 1
github.com/swarm-editor/swarm-editor/internal/swarm/loop_detector.go:147.2,147.14 1 1
github.com/swarm-editor/swarm-editor/internal/swarm/loop_detector.go:151.41,156.2 3 39
github.com/swarm-editor/swarm-editor/internal/swarm/loop_detector.go:160.40,161.24 1 6
github.com/swarm-editor/swarm-editor/internal/swarm/loop_detector.go:161.24,163.3 1 0
github.com/swarm-editor/swarm-editor/internal/swarm/loop_detector.go:165.2,168.42 3 6
github.com/swarm-editor/swarm-editor/internal/swarm/loop_detector.go:168.42,170.3 1 0
github.com/swarm-editor/swarm-editor/internal/swarm/loop_detector.go:173.2,174.27 2 6
github.com/swarm-editor/swarm-editor/internal/swarm/loop_detector.go:174.27,176.3 1 27
github.com/swarm-editor/swarm-editor/internal/swarm/loop_detector.go:177.2,178.27 2 6
github.com/swarm-editor/swarm-editor/internal/swarm/loop_detector.go:178.27,180.3 1 29
github.com/swarm-editor/swarm-editor/internal/swarm/loop_detector.go:183.2,184.22 2 6
github.com/swarm-editor/swarm-editor/internal/swarm/loop_detector.go:184.22,185.27 1 26
github.com/swarm-editor/swarm-editor/internal/swarm/loop_detector.go:185.27,187.4 1 25
github.com/swarm-editor/swarm-editor/internal/swarm/loop_detector.go:189.2,190.16 2 6
github.com/swarm-editor/swarm-editor/internal/swarm/loop_detector.go:190.16,192.3 1 0
github.com/swarm-editor/swarm-editor/internal/swarm/loop_detector.go:194.2,195.26 2 6
github.com/swarm-editor/swarm-editor/internal/swarm/loop_detector.go:199.36,203.22 4 12
github.com/swarm-editor/swarm-editor/internal/swarm/loop_detector.go:203.22,204.89 1 273
github.com/swarm-editor/swarm-editor/internal/swarm/loop_detector.go:204.89,205.25 1 45
github.com/swarm-editor/swarm-editor/internal/swarm/loop_detector.go:205.25,208.5 2 45
github.com/swarm-editor/swarm-editor/internal/swarm/loop_detector.go:209.9,211.4 1 228
github.com/swarm-editor/swarm-editor/internal/swarm/loop_detector.go:213.2,213.23 1 12
github.com/swarm-editor/swarm-editor/internal/swarm/loop_detector.go:213.23,215.3 1 11
github.com/swarm-editor/swarm-editor/internal/swarm/loop_detector.go:216.2,216.14 1 12
github.com/swarm-editor/swarm-editor/internal/swarm/merge_node.go:56.68,58.28 2 20
github.com/swarm-editor/swarm-editor/internal/swarm/merge_node.go:58.28,60.3 1 1
github.com/swarm-editor/swarm-editor/internal/swarm/merge_node.go:63.2,64.35 2 19
github.com/swarm-editor/swarm-editor/internal/swarm/merge_node.go:64.35,65.31 1 18
github.com/swarm-editor/swarm-editor/internal/swarm/merge_node.go:65.31,67.4 1 18
github.com/swarm-editor/swarm-editor/internal/swarm/merge_node.go:70.2,77.8 2 19
github.com/swarm-editor/swarm-editor/internal/swarm/merge_node.go:81.77,82.14 1 19
github.com/swarm-editor/swarm-editor/internal/swarm/merge_node.go:83.19,84.29 1 8
github.com/swarm-editor/swarm-editor/internal/swarm/merge_node.go:85.20,86.30 1 5
github.com/swarm-editor/swarm-editor/internal/swarm/merge_node.go:87.25,88.29 1 5
github.com/swarm-editor/swarm-editor/internal/swarm/merge_node.go:89.20,90.30 1 1
github.com/swarm-editor/swarm-editor/internal/swarm/merge_node.go:91.10,92.29 1 0
github.com/swarm-editor/swarm-editor/internal/swarm/merge_node.go:97.60,99.31 2 8
github.com/swarm-editor/swarm-editor/internal/swarm/merge_node.go:99.31,100.28 1 15
github.com/swarm-editor/swarm-editor/internal/swarm/merge_node.go:101.14,102.27 1 3
github.com/swarm-editor/swarm-editor/internal/swarm/merge_node.go:102.27,104.5 1 6
github.com/swarm-editor/swarm-editor/internal/swarm/merge_node.go:105.12,105.12 0 2
github.com/swarm-editor/swarm-editor/internal/swarm/merge_node.go:107.11,108.39 1 10
github.com/swarm-editor/swarm-editor/internal/swarm/merge_node.go:111.2,111.17 1 8
github.com/swarm-editor/swarm-editor/internal/swarm/merge_node.go:111.17,113.3 1 3
github.com/swarm-editor/swarm-editor/internal/swarm/merge_node.go:114.2,114.21 1 8
github.com/swarm-editor/swarm-editor/internal/swarm/merge_node.go:118.61,120.31 2 5
github.com/swarm-editor/swarm-editor/internal/swarm/merge_node.go:120.31,121.42 1 8
github.com/swarm-editor/swarm-editor/internal/swarm/merge_node.go:121.42,122.24 1 7
github.com/swarm-editor/swarm-editor/internal/swarm/merge_node.go:122.24,124.5 1 9
github.com/swarm-editor/swarm-editor/internal/swarm/merge_node.go:127.2,127.25 1 5
github.com/swarm-editor/swarm-editor/internal/swarm/merge_node.go:131.60,132.31 1 5
github.com/swarm-editor/swarm-editor/internal/swarm/merge_node.go:132.31,133.19 1 8
github.com/swarm-editor/swarm-editor/internal/swarm/merge_node.go:133.19,135.4 1 3
github.com/swarm-editor/swarm-editor/internal/swarm/merge_node.go:137.2,137.20 1 2
github.com/swarm-editor/swarm-editor/internal/swarm/merge_node.go:141.61,142.19 1 1
github.com/swarm-editor/swarm-editor/internal/swarm/merge_node.go:142.19,144.3 1 0
github.com/swarm-editor/swarm-editor/internal/swarm/merge_node.go:145.2,146.27 2 1
github.com/swarm-editor/swarm-editor/internal/swarm/merge_node.go:146.27,148.3 1 4
github.com/swarm-editor/swarm-editor/internal/swarm/merge_node.go:149.2,149.23 1 1
github.com/swarm-editor/swarm-editor/internal/swarm/orchestration.go:319.58,332.2 1 116
github.com/swarm-editor/swarm-editor/internal/swarm/orchestration.go:336.32,338.2 1 1
github.com/swarm-editor/swarm-editor/internal/swarm/orchestration.go:342.63,346.2 3 1
github.com/swarm-editor/swarm-editor/internal/swarm/orchestration.go:350.46,354.2 3 4
github.com/swarm-editor/swarm-editor/internal/swarm/orchestration.go:359.69,363.2 3 1
github.com/swarm-editor/swarm-editor/internal/swarm/orchestration.go:366.58,370.2 3 61
github.com/swarm-editor/swarm-editor/internal/swarm/orchestration.go:373.66,375.2 1 1
github.com/swarm-editor/swarm-editor/internal/swarm/orchestration.go:378.66,380.2 1 2
github.com/swarm-editor/swarm-editor/internal/swarm/orchestration.go:383.64,387.2 3 31
github.com/swarm-editor/swarm-editor/internal/swarm/orchestration.go:390.55,394.2 3 2
github.com/swarm-editor/swarm-editor/internal/swarm/orchestration.go:397.61,401.2 3 1
github.com/swarm-editor/swarm-editor/internal/swarm/orchestration.go:407.84,413.21 5 21
github.com/swarm-editor/swarm-editor/internal/swarm/orchestration.go:413.21,415.3 1 13
github.com/swarm-editor/swarm-editor/internal/swarm/orchestration.go:417.2,417.29 1 8
github.com/swarm-editor/swarm-editor/internal/swarm/orchestration.go:417.29,419.30 1 10
github.com/swarm-editor/swarm-editor/internal/swarm/orchestration.go:419.30,421.12 2 0
github.com/swarm-editor/swarm-editor/internal/swarm/orchestration.go:425.3,425.25 1 10
github.com/swarm-editor/swarm-editor/internal/swarm/orchestration.go:426.21,427.37 1 2
github.com/swarm-editor/swarm-editor/internal/swarm/orchestration.go:427.37,428.13 1 0
github.com/swarm-editor/swarm-editor/internal/swarm/orchestration.go:430.21,431.34 1 2
github.com/swarm-editor/swarm-editor/internal/swarm/orchestration.go:431.34,432.13 1 2
github.com/swarm-editor/swarm-editor/internal/swarm/orchestration.go:434.21,434.21 0 6
github.com/swarm-editor/swarm-editor/internal/swarm/orchestration.go:436.11,437.117 1 0
github.com/swarm-editor/swarm-editor/internal/swarm/orchestration.go:441.3,444.13 4 8
github.com/swarm-editor/swarm-editor/internal/swarm/orchestration.go:444.13,445.17 1 8
github.com/swarm-editor/swarm-editor/internal/swarm/orchestration.go:445.17,446.33 1 8
github.com/swarm-editor/swarm-editor/internal/swarm/orchestration.go:446.33,448.6 1 0
github.com/swarm-editor/swarm-editor/internal/swarm/orchestration.go:449.5,449.16 1 8
github.com/swarm-editor/swarm-editor/internal/swarm/orchestration.go:451.4,458.18 6 8
github.com/swarm-editor/swarm-editor/internal/swarm/orchestration.go:458.18,461.5 2 8
github.com/swarm-editor/swarm-editor/internal/swarm/orchestration.go:461.10,463.5 1 0
github.com/swarm-editor/swarm-editor/internal/swarm/orchestration.go:465.4,465.41 1 8
github.com/swarm-editor/swarm-editor/internal/swarm/orchestration.go:465.41,471.5 1 0
github.com/swarm-editor/swarm-editor/internal/swarm/orchestration.go:478.70,484.39 5 30
github.com/swarm-editor/swarm-editor/internal/swarm/orchestration.go:484.39,489.3 1 0
github.com/swarm-editor/swarm-editor/internal/swarm/orchestration.go:494.2,494.46 1 30
github.com/swarm-editor/swarm-editor/internal/swarm/orchestration.go:494.46,501.3 3 30
github.com/swarm-editor/swarm-editor/internal/swarm/orchestration.go:504.2,504.49 1 30
github.com/swarm-editor/swarm-editor/internal/swarm/orchestration.go:504.49,506.3 1 12
github.com/swarm-editor/swarm-editor/internal/swarm/orchestration.go:511.50,515.2 3 1
github.com/swarm-editor/swarm-editor/internal/swarm/orchestration.go:519.54,521.2 1 1
github.com/swarm-editor/swarm-editor/internal/swarm/orchestration.go:524.54,526.2 1 1
github.com/swarm-editor/swarm-editor/internal/swarm/orchestration.go:529.41,531.2 1 1
github.com/swarm-editor/swarm-editor/internal/swarm/orchestration.go:534.86,554.26 6 81
github.com/swarm-editor/swarm-editor/internal/swarm/orchestration.go:554.26,559.3 1 81
github.com/swarm-editor/swarm-editor/internal/swarm/orchestration.go:561.2,561.17 1 81
github.com/swarm-editor/swarm-editor/internal/swarm/orchestration.go:565.48,570.2 4 79
github.com/swarm-editor/swarm-editor/internal/swarm/orchestration.go:573.48,577.2 3 1
github.com/swarm-editor/swarm-editor/internal/swarm/orchestration.go:580.41,584.2 3 1
github.com/swarm-editor/swarm-editor/internal/swarm/orchestration.go:606.48,611.28 4 3
github.com/swarm-editor/swarm-editor/internal/swarm/orchestration.go:611.28,613.3 1 3
github.com/swarm-editor/swarm-editor/internal/swarm/orchestration.go:615.2,616.28 2 3
github.com/swarm-editor/swarm-editor/internal/swarm/orchestration.go:616.28,618.3 1 1
github.com/swarm-editor/swarm-editor/internal/swarm/orchestration.go:621.2,638.3 3 3
github.com/swarm-editor/swarm-editor/internal/swarm/orchestration.go:642.54,649.28 5 33
github.com/swarm-editor/swarm-editor/internal/swarm/orchestration.go:649.28,650.24 1 94
github.com/swarm-editor/swarm-editor/internal/swarm/orchestration.go:650.24,652.4 1 33
github.com/swarm-editor/swarm-editor/internal/swarm/orchestration.go:653.3,653.22 1 94
github.com/swarm-editor/swarm-editor/internal/swarm/orchestration.go:653.22,655.4 1 30
github.com/swarm-editor/swarm-editor/internal/swarm/orchestration.go:658.2,658.30 1 33
github.com/swarm-editor/swarm-editor/internal/swarm/orchestration.go:658.30,660.3 1 3
github.com/swarm-editor/swarm-editor/internal/swarm/orchestration.go:662.2,664.12 3 30
github.com/swarm-editor/swarm-editor/internal/swarm/orchestration.go:669.58,678.28 6 10
github.com/swarm-editor/swarm-editor/internal/swarm/orchestration.go:678.28,680.22 2 13
github.com/swarm-editor/swarm-editor/internal/swarm/orchestration.go:680.22,683.4 2 0
github.com/swarm-editor/swarm-editor/internal/swarm/orchestration.go:684.3,684.27 1 13
github.com/swarm-editor/swarm-editor/internal/swarm/orchestration.go:687.2,688.28 2 10
github.com/swarm-editor/swarm-editor/internal/swarm/orchestration.go:688.28,691.3 2 3
github.com/swarm-editor/swarm-editor/internal/swarm/orchestration.go:693.2,705.18 4 10
github.com/swarm-editor/swarm-editor/internal/swarm/orchestration.go:710.57,716.37 4 4
github.com/swarm-editor/swarm-editor/internal/swarm/orchestration.go:716.37,717.27 1 4
github.com/swarm-editor/swarm-editor/internal/swarm/orchestration.go:717.27,719.9 2 3
github.com/swarm-editor/swarm-editor/internal/swarm/orchestration.go:723.2,723.26 1 4
github.com/swarm-editor/swarm-editor/internal/swarm/orchestration.go:723.26,725.3 1 1
github.com/swarm-editor/swarm-editor/internal/swarm/orchestration.go:728.2,729.40 2 3
github.com/swarm-editor/swarm-editor/internal/swarm/orchestration.go:729.40,731.22 2 3
github.com/swarm-editor/swarm-editor/internal/swarm/orchestration.go:731.22,734.4 2 0
github.com/swarm-editor/swarm-editor/internal/swarm/orchestration.go:735.3,735.27 1 3
github.com/swarm-editor/swarm-editor/internal/swarm/orchestration.go:738.2,739.40 2 3
github.com/swarm-editor/swarm-editor/internal/swarm/orchestration.go:739.40,742.3 2 1
github.com/swarm-editor/swarm-editor/internal/swarm/orchestration.go:744.2,751.12 7 3
github.com/swarm-editor/swarm-editor/internal/swarm/orchestration.go:755.59,762.2 5 1
github.com/swarm-editor/swarm-editor/internal/swarm/orchestration.go:765.61,769.37 3 2
github.com/swarm-editor/swarm-editor/internal/swarm/orchestration.go:769.37,770.27 1 2
github.com/swarm-editor/swarm-editor/internal/swarm/orchestration.go:770.27,772.4 1 1
github.com/swarm-editor/swarm-editor/internal/swarm/orchestration.go:774.2,774.12 1 1
github.com/swarm-editor/swarm-editor/internal/swarm/orchestration.go:778.64,782.28 3 20
github.com/swarm-editor/swarm-editor/internal/swarm/orchestration.go:782.28,783.21 1 28
github.com/swarm-editor/swarm-editor/internal/swarm/orchestration.go:783.21,785.9 2 20
github.com/swarm-editor/swarm-editor/internal/swarm/orchestration.go:789.2,790.31 2 20
github.com/swarm-editor/swarm-editor/internal/swarm/orchestration.go:790.31,791.26 1 36
github.com/swarm-editor/swarm-editor/internal/swarm/orchestration.go:791.26,794.28 2 21
github.com/swarm-editor/swarm-editor/internal/swarm/orchestration.go:794.28,795.27 1 10
github.com/swarm-editor/swarm-editor/internal/swarm/orchestration.go:796.20,797.32 1 2
github.com/swarm-editor/swarm-editor/internal/swarm/orchestration.go:797.32,798.60 1 4
github.com/swarm-editor/swarm-editor/internal/swarm/orchestration.go:798.60,800.13 2 1
github.com/swarm-editor/swarm-editor/internal/swarm/orchestration.go:803.20,804.32 1 2
github.com/swarm-editor/swarm-editor/internal/swarm/orchestration.go:804.32,805.57 1 4
github.com/swarm-editor/swarm-editor/internal/swarm/orchestration.go:805.57,807.13 2 1
github.com/swarm-editor/swarm-editor/internal/swarm/orchestration.go:810.19,810.19 0 0
github.com/swarm-editor/swarm-editor/internal/swarm/orchestration.go:811.26,814.62 1 0
github.com/swarm-editor/swarm-editor/internal/swarm/orchestration.go:814.62,816.7 1 0
github.com/swarm-editor/swarm-editor/internal/swarm/orchestration.go:817.13,819.28 1 6
github.com/swarm-editor/swarm-editor/internal/swarm/orchestration.go:819.28,820.41 1 4
github.com/swarm-editor/swarm-editor/internal/swarm/orchestration.go:820.41,822.8 1 2
github.com/swarm-editor/swarm-editor/internal/swarm/orchestration.go:823.12,830.7 2 2
github.com/swarm-editor/swarm-editor/internal/swarm/orchestration.go:833.4,833.17 1 21
github.com/swarm-editor/swarm-editor/internal/swarm/orchestration.go:833.17,835.5 1 15
github.com/swarm-editor/swarm-editor/internal/swarm/orchestration.go:839.2,840.28 2 20
github.com/swarm-editor/swarm-editor/internal/swarm/orchestration.go:840.28,841.30 1 52
github.com/swarm-editor/swarm-editor/internal/swarm/orchestration.go:841.30,842.18 1 47
github.com/swarm-editor/swarm-editor/internal/swarm/orchestration.go:842.18,844.5 1 15
github.com/swarm-editor/swarm-editor/internal/swarm/orchestration.go:847.2,852.24 2 20
github.com/swarm-editor/swarm-editor/internal/swarm/orchestration.go:852.24,854.29 2 2
github.com/swarm-editor/swarm-editor/internal/swarm/orchestration.go:854.29,855.22 1 2
github.com/swarm-editor/swarm-editor/internal/swarm/orchestration.go:855.22,857.10 2 2
github.com/swarm-editor/swarm-editor/internal/swarm/orchestration.go:860.3,860.16 1 2
github.com/swarm-editor/swarm-editor/internal/swarm/orchestration.go:863.2,863.14 1 20
github.com/swarm-editor/swarm-editor/internal/swarm/orchestration.go:867.52,872.31 4 13
github.com/swarm-editor/swarm-editor/internal/swarm/orchestration.go:872.31,874.3 1 11
github.com/swarm-editor/swarm-editor/internal/swarm/orchestration.go:877.2,877.28 1 13
github.com/swarm-editor/swarm-editor/internal/swarm/orchestration.go:877.28,878.35 1 23
github.com/swarm-editor/swarm-editor/internal/swarm/orchestration.go:878.35,881.4 2 0
github.com/swarm-editor/swarm-editor/internal/swarm/orchestration.go:884.2,885.28 2 13
github.com/swarm-editor/swarm-editor/internal/swarm/orchestration.go:885.28,886.25 1 23
github.com/swarm-editor/swarm-editor/internal/swarm/orchestration.go:886.25,888.4 1 14
github.com/swarm-editor/swarm-editor/internal/swarm/orchestration.go:890.2,890.19 1 13
github.com/swarm-editor/swarm-editor/internal/swarm/orchestration.go:897.68,902.31 4 5
github.com/swarm-editor/swarm-editor/internal/swarm/orchestration.go:902.31,903.24 1 12
github.com/swarm-editor/swarm-editor/internal/swarm/orchestration.go:903.24,905.4 1 4
github.com/swarm-editor/swarm-editor/internal/swarm/orchestration.go:908.2,909.28 2 5
github.com/swarm-editor/swarm-editor/internal/swarm/orchestration.go:909.28,910.30 1 16
github.com/swarm-editor/swarm-editor/internal/swarm/orchestration.go:910.30,911.18 1 13
github.com/swarm-editor/swarm-editor/internal/swarm/orchestration.go:911.18,914.10 2 4
github.com/swarm-editor/swarm-editor/internal/swarm/orchestration.go:918.2,918.14 1 5
github.com/swarm-editor/swarm-editor/internal/swarm/orchestration.go:922.58,923.14 1 9
github.com/swarm-editor/swarm-editor/internal/swarm/orchestration.go:923.14,925.3 1 1
github.com/swarm-editor/swarm-editor/internal/swarm/orchestration.go:926.2,928.21 2 8
github.com/swarm-editor/swarm-editor/internal/swarm/orchestration.go:928.21,930.3 1 1
github.com/swarm-editor/swarm-editor/internal/swarm/orchestration.go:932.2,934.31 2 8
github.com/swarm-editor/swarm-editor/internal/swarm/orchestration.go:934.31,937.3 2 1
github.com/swarm-editor/swarm-editor/internal/swarm/orchestration.go:938.2,938.12 1 8
github.com/swarm-editor/swarm-editor/internal/swarm/orchestration.go:945.63,951.28 4 6
github.com/swarm-editor/swarm-editor/internal/swarm/orchestration.go:951.28,953.3 1 17
github.com/swarm-editor/swarm-editor/internal/swarm/orchestration.go:956.2,959.31 3 6
github.com/swarm-editor/swarm-editor/internal/swarm/orchestration.go:959.31,962.3 2 3
github.com/swarm-editor/swarm-editor/internal/swarm/orchestration.go:963.2,963.28 1 6
github.com/swarm-editor/swarm-editor/internal/swarm/orchestration.go:963.28,964.35 1 17
github.com/swarm-editor/swarm-editor/internal/swarm/orchestration.go:964.35,965.34 1 12
github.com/swarm-editor/swarm-editor/internal/swarm/orchestration.go:965.34,967.5 1 1
github.com/swarm-editor/swarm-editor/internal/swarm/orchestration.go:968.4,969.20 2 11
github.com/swarm-editor/swarm-editor/internal/swarm/orchestration.go:974.2,975.28 2 5
github.com/swarm-editor/swarm-editor/internal/swarm/orchestration.go:975.28,976.26 1 16
github.com/swarm-editor/swarm-editor/internal/swarm/orchestration.go:976.26,978.4 1 4
github.com/swarm-editor/swarm-editor/internal/swarm/orchestration.go:981.2,982.21 2 5
github.com/swarm-editor/swarm-editor/internal/swarm/orchestration.go:982.21,987.36 4 14
github.com/swarm-editor/swarm-editor/internal/swarm/orchestration.go:987.36,989.27 2 12
github.com/swarm-editor/swarm-editor/internal/swarm/orchestration.go:989.27,991.5 1 10
github.com/swarm-editor/swarm-editor/internal/swarm/orchestration.go:995.2,995.33 1 5
github.com/swarm-editor/swarm-editor/internal/swarm/orchestration.go:995.33,997.3 1 1
github.com/swarm-editor/swarm-editor/internal/swarm/orchestration.go:998.2,998.20 1 4
github.com/swarm-editor/swarm-editor/internal/swarm/orchestration.go:1003.57,1008.28 4 2
github.com/swarm-editor/swarm-editor/internal/swarm/orchestration.go:1008.28,1009.38 1 6
github.com/swarm-editor/swarm-editor/internal/swarm/orchestration.go:1009.38,1011.4 1 1
github.com/swarm-editor/swarm-editor/internal/swarm/orchestration.go:1014.2,1015.28 2 2
github.com/swarm-editor/swarm-editor/internal/swarm/orchestration.go:1015.28,1016.21 1 6
github.com/swarm-editor/swarm-editor/internal/swarm/orchestration.go:1016.21,1017.12 1 1
github.com/swarm-editor/swarm-editor/internal/swarm/orchestration.go:1019.3,1020.35 2 5
github.com/swarm-editor/swarm-editor/internal/swarm/orchestration.go:1020.35,1021.23 1 4
github.com/swarm-editor/swarm-editor/internal/swarm/orchestration.go:1021.23,1023.10 2 3
github.com/swarm-editor/swarm-editor/internal/swarm/orchestration.go:1026.3,1026.17 1 5
github.com/swarm-editor/swarm-editor/internal/swarm/orchestration.go:1026.17,1028.4 1 2
github.com/swarm-editor/swarm-editor/internal/swarm/orchestration.go:1030.2,1030.14 1 2
github.com/swarm-editor/swarm-editor/internal/swarm/orchestration.go:1037.78,1044.13 6 34
github.com/swarm-editor/swarm-editor/internal/swarm/orchestration.go:1044.13,1046.3 1 17
github.com/swarm-editor/swarm-editor/internal/swarm/orchestration.go:1049.2,1049.24 1 17
github.com/swarm-editor/swarm-editor/internal/swarm/orchestration.go:1049.24,1056.3 3 17
github.com/swarm-editor/swarm-editor/internal/swarm/orchestration.go:1059.2,1059.24 1 17
github.com/swarm-editor/swarm-editor/internal/swarm/orchestration.go:1059.24,1061.3 1 13
github.com/swarm-editor/swarm-editor/internal/swarm/orchestration.go:1064.2,1065.6 2 4
github.com/swarm-editor/swarm-editor/internal/swarm/orchestration.go:1065.6,1067.17 2 5
github.com/swarm-editor/swarm-editor/internal/swarm/orchestration.go:1067.17,1069.4 1 2
github.com/swarm-editor/swarm-editor/internal/swarm/orchestration.go:1074.3,1076.48 3 3
github.com/swarm-editor/swarm-editor/internal/swarm/orchestration.go:1076.48,1077.27 1 3
github.com/swarm-editor/swarm-editor/internal/swarm/orchestration.go:1077.27,1079.5 1 1
github.com/swarm-editor/swarm-editor/internal/swarm/orchestration.go:1081.4,1081.45 1 2
github.com/swarm-editor/swarm-editor/internal/swarm/orchestration.go:1084.3,1087.80 2 2
github.com/swarm-editor/swarm-editor/internal/swarm/orchestration.go:1087.80,1089.4 1 1
github.com/swarm-editor/swarm-editor/internal/swarm/orchestration.go:1092.3,1093.37 2 1
github.com/swarm-editor/swarm-editor/internal/swarm/orchestration.go:1093.37,1095.4 1 0
github.com/swarm-editor/swarm-editor/internal/swarm/orchestration.go:1098.3,1099.10 2 1
github.com/swarm-editor/swarm-editor/internal/swarm/orchestration.go:1100.21,1102.91 2 0
github.com/swarm-editor/swarm-editor/internal/swarm/orchestration.go:1103.18,1105.37 1 1
github.com/swarm-editor/swarm-editor/internal/swarm/orchestration.go:1111.87,1118.25 4 20
github.com/swarm-editor/swarm-editor/internal/swarm/orchestration.go:1118.25,1122.3 3 5
github.com/swarm-editor/swarm-editor/internal/swarm/orchestration.go:1125.2,1125.34 1 20
github.com/swarm-editor/swarm-editor/internal/swarm/orchestration.go:1125.34,1127.3 1 7
github.com/swarm-editor/swarm-editor/internal/swarm/orchestration.go:1129.2,1131.34 2 13
github.com/swarm-editor/swarm-editor/internal/swarm/orchestration.go:1131.34,1134.3 2 1
github.com/swarm-editor/swarm-editor/internal/swarm/orchestration.go:1135.2,1141.14 5 12
github.com/swarm-editor/swarm-editor/internal/swarm/orchestration.go:1142.22,1143.44 1 8
github.com/swarm-editor/swarm-editor/internal/swarm/orchestration.go:1144.20,1145.42 1 1
github.com/swarm-editor/swarm-editor/internal/swarm/orchestration.go:1146.24,1147.46 1 0
github.com/swarm-editor/swarm-editor/internal/swarm/orchestration.go:1148.22,1149.44 1 0
github.com/swarm-editor/swarm-editor/internal/swarm/orchestration.go:1150.21,1151.43 1 1
github.com/swarm-editor/swarm-editor/internal/swarm/orchestration.go:1152.17,1153.39 1 0
github.com/swarm-editor/swarm-editor/internal/swarm/orchestration.go:1154.10,1156.60 2 2
github.com/swarm-editor/swarm-editor/internal/swarm/orchestration.go:1161.53,1165.2 3 10
github.com/swarm-editor/swarm-editor/internal/swarm/orchestration.go:1168.82,1171.26 3 8
github.com/swarm-editor/swarm-editor/internal/swarm/orchestration.go:1171.26,1174.3 2 1
github.com/swarm-editor/swarm-editor/internal/swarm/orchestration.go:1177.2,1187.21 8 7
github.com/swarm-editor/swarm-editor/internal/swarm/orchestration.go:1187.21,1189.23 1 10
github.com/swarm-editor/swarm-editor/internal/swarm/orchestration.go:1189.23,1192.63 3 0
github.com/swarm-editor/swarm-editor/internal/swarm/orchestration.go:1192.63,1194.5 1 0
github.com/swarm-editor/swarm-editor/internal/swarm/orchestration.go:1195.4,1196.9 2 0
github.com/swarm-editor/swarm-editor/internal/swarm/orchestration.go:1200.3,1200.26 1 10
github.com/swarm-editor/swarm-editor/internal/swarm/orchestration.go:1200.26,1202.9 2 0
github.com/swarm-editor/swarm-editor/internal/swarm/orchestration.go:1204.3,1210.18 5 10
github.com/swarm-editor/swarm-editor/internal/swarm/orchestration.go:1210.18,1216.46 6 0
github.com/swarm-editor/swarm-editor/internal/swarm/orchestration.go:1216.46,1218.5 1 0
github.com/swarm-editor/swarm-editor/internal/swarm/orchestration.go:1219.4,1220.21 2 0
github.com/swarm-editor/swarm-editor/internal/swarm/orchestration.go:1220.21,1222.5 1 0
github.com/swarm-editor/swarm-editor/internal/swarm/orchestration.go:1222.10,1224.5 1 0
github.com/swarm-editor/swarm-editor/internal/swarm/orchestration.go:1225.4,1225.12 1 0
github.com/swarm-editor/swarm-editor/internal/swarm/orchestration.go:1231.3,1231.24 1 10
github.com/swarm-editor/swarm-editor/internal/swarm/orchestration.go:1231.24,1233.4 1 10
github.com/swarm-editor/swarm-editor/internal/swarm/orchestration.go:1236.3,1237.56 2 10
github.com/swarm-editor/swarm-editor/internal/swarm/orchestration.go:1237.56,1240.29 1 2
github.com/swarm-editor/swarm-editor/internal/swarm/orchestration.go:1240.29,1247.5 5 0
github.com/swarm-editor/swarm-editor/internal/swarm/orchestration.go:1249.4,1260.63 9 2
github.com/swarm-editor/swarm-editor/internal/swarm/orchestration.go:1260.63,1262.5 1 0
github.com/swarm-editor/swarm-editor/internal/swarm/orchestration.go:1263.4,1264.9 2 2
github.com/swarm-editor/swarm-editor/internal/swarm/orchestration.go:1268.3,1273.51 6 8
github.com/swarm-editor/swarm-editor/internal/swarm/orchestration.go:1273.51,1275.4 1 8
github.com/swarm-editor/swarm-editor/internal/swarm/orchestration.go:1278.3,1279.26 2 8
github.com/swarm-editor/swarm-editor/internal/swarm/orchestration.go:1279.26,1280.9 1 5
github.com/swarm-editor/swarm-editor/internal/swarm/orchestration.go:1282.3,1282.25 1 3
github.com/swarm-editor/swarm-editor/internal/swarm/orchestration.go:1286.2,1286.20 1 7
github.com/swarm-editor/swarm-editor/internal/swarm/orchestration.go:1286.20,1288.3 1 2
github.com/swarm-editor/swarm-editor/internal/swarm/orchestration.go:1288.8,1291.3 2 5
github.com/swarm-editor/swarm-editor/internal/swarm/orchestration.go:1294.2,1298.16 4 7
github.com/swarm-editor/swarm-editor/internal/swarm/orchestration.go:1302.43,1303.16 1 11
github.com/swarm-editor/swarm-editor/internal/swarm/orchestration.go:1303.16,1305.3 1 1
github.com/swarm-editor/swarm-editor/internal/swarm/orchestration.go:1308.2,1309.33 2 10
github.com/swarm-editor/swarm-editor/internal/swarm/orchestration.go:1309.33,1311.3 1 1
github.com/swarm-editor/swarm-editor/internal/swarm/orchestration.go:1313.2,1314.35 2 9
github.com/swarm-editor/swarm-editor/internal/swarm/orchestration.go:1314.35,1316.3 1 1
github.com/swarm-editor/swarm-editor/internal/swarm/orchestration.go:1319.2,1319.46 1 8
github.com/swarm-editor/swarm-editor/internal/swarm/orchestration.go:1319.46,1321.3 1 1
github.com/swarm-editor/swarm-editor/internal/swarm/orchestration.go:1322.2,1322.38 1 7
github.com/swarm-editor/swarm-editor/internal/swarm/orchestration.go:1322.38,1324.3 1 1
github.com/swarm-editor/swarm-editor/internal/swarm/orchestration.go:1327.2,1328.72 2 6
github.com/swarm-editor/swarm-editor/internal/swarm/orchestration.go:1328.72,1330.3 1 1
github.com/swarm-editor/swarm-editor/internal/swarm/orchestration.go:1331.2,1331.80 1 5
github.com/swarm-editor/swarm-editor/internal/swarm/orchestration.go:1331.80,1333.3 1 1
github.com/swarm-editor/swarm-editor/internal/swarm/orchestration.go:1334.2,1334.58 1 4
github.com/swarm-editor/swarm-editor/internal/swarm/orchestration.go:1334.58,1336.3 1 0
github.com/swarm-editor/swarm-editor/internal/swarm/orchestration.go:1337.2,1337.57 1 4
github.com/swarm-editor/swarm-editor/internal/swarm/orchestration.go:1337.57,1339.3 1 0
github.com/swarm-editor/swarm-editor/internal/swarm/orchestration.go:1340.2,1340.27 1 4
github.com/swarm-editor/swarm-editor/internal/swarm/orchestration.go:1344.51,1345.30 1 19
github.com/swarm-editor/swarm-editor/internal/swarm/orchestration.go:1345.30,1346.65 1 45
github.com/swarm-editor/swarm-editor/internal/swarm/orchestration.go:1346.65,1348.4 1 2
github.com/swarm-editor/swarm-editor/internal/swarm/orchestration.go:1350.2,1350.14 1 17
github.com/swarm-editor/swarm-editor/internal/swarm/orchestration.go:1354.80,1356.26 2 1
github.com/swarm-editor/swarm-editor/internal/swarm/orchestration.go:1356.26,1359.3 2 0
github.com/swarm-editor/swarm-editor/internal/swarm/orchestration.go:1361.2,1375.34 11 1
github.com/swarm-editor/swarm-editor/internal/swarm/orchestration.go:1375.34,1378.28 3 2
github.com/swarm-editor/swarm-editor/internal/swarm/orchestration.go:1378.28,1379.17 1 2
github.com/swarm-editor/swarm-editor/internal/swarm/orchestration.go:1379.17,1380.33 1 2
github.com/swarm-editor/swarm-editor/internal/swarm/orchestration.go:1380.33,1389.6 8 0
github.com/swarm-editor/swarm-editor/internal/swarm/orchestration.go:1390.5,1390.14 1 2
github.com/swarm-editor/swarm-editor/internal/swarm/orchestration.go:1392.4,1392.51 1 2
github.com/swarm-editor/swarm-editor/internal/swarm/orchestration.go:1392.51,1393.31 1 1
github.com/swarm-editor/swarm-editor/internal/swarm/orchestration.go:1393.31,1400.6 6 1
github.com/swarm-editor/swarm-editor/internal/swarm/orchestration.go:1401.5,1401.19 1 1
github.com/swarm-editor/swarm-editor/internal/swarm/orchestration.go:1402.10,1410.47 6 1
github.com/swarm-editor/swarm-editor/internal/swarm/orchestration.go:1410.47,1412.6 1 1
github.com/swarm-editor/swarm-editor/internal/swarm/orchestration.go:1418.2,1418.16 1 1
github.com/swarm-editor/swarm-editor/internal/swarm/orchestration.go:1419.29,1426.28 4 1
github.com/swarm-editor/swarm-editor/internal/swarm/orchestration.go:1426.28,1427.23 1 1
github.com/swarm-editor/swarm-editor/internal/swarm/orchestration.go:1427.23,1429.5 1 1
github.com/swarm-editor/swarm-editor/internal/swarm/orchestration.go:1431.3,1431.22 1 1
github.com/swarm-editor/swarm-editor/internal/swarm/orchestration.go:1431.22,1432.34 1 1
github.com/swarm-editor/swarm-editor/internal/swarm/orchestration.go:1432.34,1440.5 5 0
github.com/swarm-editor/swarm-editor/internal/swarm/orchestration.go:1441.4,1442.63 2 1
github.com/swarm-editor/swarm-editor/internal/swarm/orchestration.go:1442.63,1444.5 1 0
github.com/swarm-editor/swarm-editor/internal/swarm/orchestration.go:1445.4,1449.19 5 1
github.com/swarm-editor/swarm-editor/internal/swarm/orchestration.go:1452.33,1458.28 6 0
github.com/swarm-editor/swarm-editor/internal/swarm/orchestration.go:1458.28,1460.23 2 0
github.com/swarm-editor/swarm-editor/internal/swarm/orchestration.go:1460.23,1462.5 1 0
github.com/swarm-editor/swarm-editor/internal/swarm/orchestration.go:1464.3,1464.26 1 0
github.com/swarm-editor/swarm-editor/internal/swarm/orchestration.go:1464.26,1467.63 2 0
github.com/swarm-editor/swarm-editor/internal/swarm/orchestration.go:1467.63,1469.5 1 0
github.com/swarm-editor/swarm-editor/internal/swarm/orchestration.go:1470.4,1474.80 5 0
github.com/swarm-editor/swarm-editor/internal/swarm/orchestration.go:1477.36,1481.28 4 0
github.com/swarm-editor/swarm-editor/internal/swarm/orchestration.go:1481.28,1483.4 1 0
github.com/swarm-editor/swarm-editor/internal/swarm/orchestration.go:1484.3,1484.20 1 0
github.com/swarm-editor/swarm-editor/internal/swarm/orchestration.go:1484.20,1491.4 6 0
github.com/swarm-editor/swarm-editor/internal/swarm/orchestration.go:1493.10,1497.28 3 0
github.com/swarm-editor/swarm-editor/internal/swarm/orchestration.go:1497.28,1498.18 1 0
github.com/swarm-editor/swarm-editor/internal/swarm/orchestration.go:1498.18,1505.5 6 0
github.com/swarm-editor/swarm-editor/internal/swarm/orchestration.go:1509.2,1514.12 6 0
github.com/swarm-editor/swarm-editor/internal/swarm/orchestration.go:1518.84,1529.26 7 0
github.com/swarm-editor/swarm-editor/internal/swarm/orchestration.go:1529.26,1530.52 1 0
github.com/swarm-editor/swarm-editor/internal/swarm/orchestration.go:1530.52,1532.4 1 0
github.com/swarm-editor/swarm-editor/internal/swarm/orchestration.go:1532.9,1534.4 1 0
github.com/swarm-editor/swarm-editor/internal/swarm/orchestration.go:1537.2,1537.24 1 0
github.com/swarm-editor/swarm-editor/internal/swarm/orchestration.go:1537.24,1540.3 2 0
github.com/swarm-editor/swarm-editor/internal/swarm/orchestration.go:1543.2,1551.59 7 0
github.com/swarm-editor/swarm-editor/internal/swarm/orchestration.go:1551.59,1552.28 1 0
github.com/swarm-editor/swarm-editor/internal/swarm/orchestration.go:1552.28,1558.4 5 0
github.com/swarm-editor/swarm-editor/internal/swarm/orchestration.go:1559.3,1570.62 12 0
github.com/swarm-editor/swarm-editor/internal/swarm/orchestration.go:1570.62,1572.4 1 0
github.com/swarm-editor/swarm-editor/internal/swarm/orchestration.go:1573.3,1573.13 1 0
github.com/swarm-editor/swarm-editor/internal/swarm/orchestration.go:1575.2,1580.62 6 0
github.com/swarm-editor/swarm-editor/internal/swarm/orchestration.go:1580.62,1582.3 1 0
github.com/swarm-editor/swarm-editor/internal/swarm/orchestration.go:1585.2,1592.33 6 0
github.com/swarm-editor/swarm-editor/internal/swarm/orchestration.go:1592.33,1595.28 3 0
github.com/swarm-editor/swarm-editor/internal/swarm/orchestration.go:1595.28,1596.17 1 0
github.com/swarm-editor/swarm-editor/internal/swarm/orchestration.go:1596.17,1597.33 1 0
github.com/swarm-editor/swarm-editor/internal/swarm/orchestration.go:1597.33,1606.6 8 0
github.com/swarm-editor/swarm-editor/internal/swarm/orchestration.go:1607.5,1607.14 1 0
github.com/swarm-editor/swarm-editor/internal/swarm/orchestration.go:1609.4,1609.51 1 0
github.com/swarm-editor/swarm-editor/internal/swarm/orchestration.go:1609.51,1610.31 1 0
github.com/swarm-editor/swarm-editor/internal/swarm/orchestration.go:1610.31,1617.6 6 0
github.com/swarm-editor/swarm-editor/internal/swarm/orchestration.go:1618.5,1618.19 1 0
github.com/swarm-editor/swarm-editor/internal/swarm/orchestration.go:1619.10,1626.47 6 0
github.com/swarm-editor/swarm-editor/internal/swarm/orchestration.go:1626.47,1628.6 1 0
github.com/swarm-editor/swarm-editor/internal/swarm/orchestration.go:1633.2,1633.16 1 0
github.com/swarm-editor/swarm-editor/internal/swarm/orchestration.go:1634.29,1641.28 4 0
github.com/swarm-editor/swarm-editor/internal/swarm/orchestration.go:1641.28,1642.23 1 0
github.com/swarm-editor/swarm-editor/internal/swarm/orchestration.go:1642.23,1644.5 1 0
github.com/swarm-editor/swarm-editor/internal/swarm/orchestration.go:1646.3,1646.22 1 0
github.com/swarm-editor/swarm-editor/internal/swarm/orchestration.go:1646.22,1647.34 1 0
github.com/swarm-editor/swarm-editor/internal/swarm/orchestration.go:1647.34,1653.5 5 0
github.com/swarm-editor/swarm-editor/internal/swarm/orchestration.go:1654.4,1655.63 2 0
github.com/swarm-editor/swarm-editor/internal/swarm/orchestration.go:1655.63,1657.5 1 0
github.com/swarm-editor/swarm-editor/internal/swarm/orchestration.go:1658.4,1662.19 5 0
github.com/swarm-editor/swarm-editor/internal/swarm/orchestration.go:1665.33,1671.28 6 0
github.com/swarm-editor/swarm-editor/internal/swarm/orchestration.go:1671.28,1673.23 2 0
github.com/swarm-editor/swarm-editor/internal/swarm/orchestration.go:1673.23,1675.5 1 0
github.com/swarm-editor/swarm-editor/internal/swarm/orchestration.go:1677.3,1677.39 1 0
github.com/swarm-editor/swarm-editor/internal/swarm/orchestration.go:1677.39,1680.63 2 0
github.com/swarm-editor/swarm-editor/internal/swarm/orchestration.go:1680.63,1682.5 1 0
github.com/swarm-editor/swarm-editor/internal/swarm/orchestration.go:1683.4,1687.91 5 0
github.com/swarm-editor/swarm-editor/internal/swarm/orchestration.go:1690.36,1694.21 4 0
github.com/swarm-editor/swarm-editor/internal/swarm/orchestration.go:1694.21,1696.4 1 0
github.com/swarm-editor/swarm-editor/internal/swarm/orchestration.go:1697.3,1697.15 1 0
github.com/swarm-editor/swarm-editor/internal/swarm/orchestration.go:1697.15,1699.4 1 0
github.com/swarm-editor/swarm-editor/internal/swarm/orchestration.go:1701.10,1704.28 3 0
github.com/swarm-editor/swarm-editor/internal/swarm/orchestration.go:1704.28,1705.18 1 0
github.com/swarm-editor/swarm-editor/internal/swarm/orchestration.go:1705.18,1707.5 1 0
github.com/swarm-editor/swarm-editor/internal/swarm/orchestration.go:1711.2,1716.12 6 0
github.com/swarm-editor/swarm-editor/internal/swarm/orchestration.go:1720.82,1722.26 2 0
github.com/swarm-editor/swarm-editor/internal/swarm/orchestration.go:1722.26,1725.3 2 0
github.com/swarm-editor/swarm-editor/internal/swarm/orchestration.go:1728.2,1739.34 9 0
github.com/swarm-editor/swarm-editor/internal/swarm/orchestration.go:1739.34,1742.28 3 0
github.com/swarm-editor/swarm-editor/internal/swarm/orchestration.go:1742.28,1743.17 1 0
github.com/swarm-editor/swarm-editor/internal/swarm/orchestration.go:1743.17,1744.33 1 0
github.com/swarm-editor/swarm-editor/internal/swarm/orchestration.go:1744.33,1752.6 7 0
github.com/swarm-editor/swarm-editor/internal/swarm/orchestration.go:1753.5,1753.14 1 0
github.com/swarm-editor/swarm-editor/internal/swarm/orchestration.go:1755.4,1755.51 1 0
github.com/swarm-editor/swarm-editor/internal/swarm/orchestration.go:1755.51,1756.31 1 0
github.com/swarm-editor/swarm-editor/internal/swarm/orchestration.go:1756.31,1763.6 6 0
github.com/swarm-editor/swarm-editor/internal/swarm/orchestration.go:1764.5,1764.75 1 0
github.com/swarm-editor/swarm-editor/internal/swarm/orchestration.go:1765.10,1775.47 9 0
github.com/swarm-editor/swarm-editor/internal/swarm/orchestration.go:1775.47,1777.6 1 0
github.com/swarm-editor/swarm-editor/internal/swarm/orchestration.go:1781.2,1787.14 5 0
github.com/swarm-editor/swarm-editor/internal/swarm/orchestration.go:1787.14,1793.3 5 0
github.com/swarm-editor/swarm-editor/internal/swarm/orchestration.go:1797.2,1799.31 3 0
github.com/swarm-editor/swarm-editor/internal/swarm/orchestration.go:1799.31,1800.63 1 0
github.com/swarm-editor/swarm-editor/internal/swarm/orchestration.go:1800.63,1804.4 2 0
github.com/swarm-editor/swarm-editor/internal/swarm/orchestration.go:1806.2,1811.35 4 0
github.com/swarm-editor/swarm-editor/internal/swarm/orchestration.go:1811.35,1812.23 1 0
github.com/swarm-editor/swarm-editor/internal/swarm/orchestration.go:1812.23,1815.4 2 0
github.com/swarm-editor/swarm-editor/internal/swarm/orchestration.go:1819.2,1820.35 2 0
github.com/swarm-editor/swarm-editor/internal/swarm/orchestration.go:1820.35,1823.26 2 0
github.com/swarm-editor/swarm-editor/internal/swarm/orchestration.go:1823.26,1827.4 3 0
github.com/swarm-editor/swarm-editor/internal/swarm/orchestration.go:1828.3,1828.78 1 0
github.com/swarm-editor/swarm-editor/internal/swarm/orchestration.go:1829.8,1834.62 3 0
github.com/swarm-editor/swarm-editor/internal/swarm/orchestration.go:1834.62,1836.4 1 0
github.com/swarm-editor/swarm-editor/internal/swarm/orchestration.go:1838.2,1842.36 4 0
github.com/swarm-editor/swarm-editor/internal/swarm/orchestration.go:1842.36,1844.3 1 0
github.com/swarm-editor/swarm-editor/internal/swarm/orchestration.go:1845.2,1845.12 1 0
github.com/swarm-editor/swarm-editor/internal/swarm/orchestration.go:1886.93,1887.21 1 8
github.com/swarm-editor/swarm-editor/internal/swarm/orchestration.go:1887.21,1889.3 1 1
github.com/swarm-editor/swarm-editor/internal/swarm/orchestration.go:1890.2,1892.12 3 7
github.com/swarm-editor/swarm-editor/internal/swarm/orchestration.go:1901.89,1902.21 1 2
github.com/swarm-editor/swarm-editor/internal/swarm/orchestration.go:1902.21,1904.3 1 1
github.com/swarm-editor/swarm-editor/internal/swarm/orchestration.go:1906.2,1906.48 1 1
github.com/swarm-editor/swarm-editor/internal/swarm/orchestration.go:1914.98,1915.17 1 3
github.com/swarm-editor/swarm-editor/internal/swarm/orchestration.go:1915.17,1917.3 1 1
github.com/swarm-editor/swarm-editor/internal/swarm/orchestration.go:1918.2,1918.37 1 2
github.com/swarm-editor/swarm-editor/internal/swarm/orchestration.go:1923.81,1930.28 4 1
github.com/swarm-editor/swarm-editor/internal/swarm/orchestration.go:1930.28,1931.40 1 0
github.com/swarm-editor/swarm-editor/internal/swarm/orchestration.go:1931.40,1933.4 1 0
github.com/swarm-editor/swarm-editor/internal/swarm/orchestration.go:1935.2,1937.21 2 1
github.com/swarm-editor/swarm-editor/internal/swarm/orchestration.go:1937.21,1940.3 2 1
github.com/swarm-editor/swarm-editor/internal/swarm/orchestration.go:1943.2,1956.26 10 0
github.com/swarm-editor/swarm-editor/internal/swarm/orchestration.go:1956.26,1958.41 1 0
github.com/swarm-editor/swarm-editor/internal/swarm/orchestration.go:1958.41,1965.4 6 0
github.com/swarm-editor/swarm-editor/internal/swarm/orchestration.go:1968.3,1968.23 1 0
github.com/swarm-editor/swarm-editor/internal/swarm/orchestration.go:1968.23,1975.4 6 0
github.com/swarm-editor/swarm-editor/internal/swarm/orchestration.go:1978.3,1979.35 2 0
github.com/swarm-editor/swarm-editor/internal/swarm/orchestration.go:1979.35,1986.4 6 0
github.com/swarm-editor/swarm-editor/internal/swarm/orchestration.go:1988.3,1991.25 2 0
github.com/swarm-editor/swarm-editor/internal/swarm/orchestration.go:1991.25,1992.61 1 0
github.com/swarm-editor/swarm-editor/internal/swarm/orchestration.go:1992.61,1994.5 1 0
github.com/swarm-editor/swarm-editor/internal/swarm/orchestration.go:1998.3,1999.56 2 0
github.com/swarm-editor/swarm-editor/internal/swarm/orchestration.go:1999.56,2000.29 1 0
github.com/swarm-editor/swarm-editor/internal/swarm/orchestration.go:2000.29,2006.5 5 0
github.com/swarm-editor/swarm-editor/internal/swarm/orchestration.go:2007.4,2018.63 12 0
github.com/swarm-editor/swarm-editor/internal/swarm/orchestration.go:2018.63,2020.5 1 0
github.com/swarm-editor/swarm-editor/internal/swarm/orchestration.go:2021.4,2021.92 1 0
github.com/swarm-editor/swarm-editor/internal/swarm/orchestration.go:2025.3,2030.49 6 0
github.com/swarm-editor/swarm-editor/internal/swarm/orchestration.go:2030.49,2032.4 1 0
github.com/swarm-editor/swarm-editor/internal/swarm/orchestration.go:2035.3,2036.22 2 0
github.com/swarm-editor/swarm-editor/internal/swarm/orchestration.go:2036.22,2038.4 1 0
github.com/swarm-editor/swarm-editor/internal/swarm/orchestration.go:2040.3,2048.26 3 0
github.com/swarm-editor/swarm-editor/internal/swarm/orchestration.go:2048.26,2050.4 1 0
github.com/swarm-editor/swarm-editor/internal/swarm/orchestration.go:2051.3,2051.16 1 0
github.com/swarm-editor/swarm-editor/internal/swarm/orchestration.go:2056.76,2059.28 3 1
github.com/swarm-editor/swarm-editor/internal/swarm/orchestration.go:2059.28,2060.24 1 0
github.com/swarm-editor/swarm-editor/internal/swarm/orchestration.go:2060.24,2062.9 2 0
github.com/swarm-editor/swarm-editor/internal/swarm/orchestration.go:2065.2,2068.52 3 1
github.com/swarm-editor/swarm-editor/internal/swarm/orchestration.go:2068.52,2070.3 1 0
github.com/swarm-editor/swarm-editor/internal/swarm/orchestration.go:2072.2,2072.16 1 1
github.com/swarm-editor/swarm-editor/internal/swarm/orchestration.go:2073.27,2074.27 1 0
github.com/swarm-editor/swarm-editor/internal/swarm/orchestration.go:2075.25,2076.103 1 0
github.com/swarm-editor/swarm-editor/internal/swarm/orchestration.go:2076.103,2078.4 1 0
github.com/swarm-editor/swarm-editor/internal/swarm/orchestration.go:2080.3,2080.31 1 0
github.com/swarm-editor/swarm-editor/internal/swarm/orchestration.go:2081.27,2085.100 1 0
github.com/swarm-editor/swarm-editor/internal/swarm/orchestration.go:2085.100,2086.26 1 0
github.com/swarm-editor/swarm-editor/internal/swarm/orchestration.go:2086.26,2088.33 2 0
github.com/swarm-editor/swarm-editor/internal/swarm/orchestration.go:2088.33,2089.36 1 0
github.com/swarm-editor/swarm-editor/internal/swarm/orchestration.go:2089.36,2090.48 1 0
github.com/swarm-editor/swarm-editor/internal/swarm/orchestration.go:2090.48,2091.32 1 0
github.com/swarm-editor/swarm-editor/internal/swarm/orchestration.go:2091.32,2092.33 1 0
github.com/swarm-editor/swarm-editor/internal/swarm/orchestration.go:2092.33,2095.10 2 0
github.com/swarm-editor/swarm-editor/internal/swarm/orchestration.go:2101.4,2101.13 1 0
github.com/swarm-editor/swarm-editor/internal/swarm/orchestration.go:2103.10,2104.31 1 1
github.com/swarm-editor/swarm-editor/internal/swarm/orchestration.go:2109.77,2111.26 2 0
github.com/swarm-editor/swarm-editor/internal/swarm/orchestration.go:2111.26,2114.3 2 0
github.com/swarm-editor/swarm-editor/internal/swarm/orchestration.go:2117.2,2127.21 8 0
github.com/swarm-editor/swarm-editor/internal/swarm/orchestration.go:2127.21,2129.35 1 0
github.com/swarm-editor/swarm-editor/internal/swarm/orchestration.go:2129.35,2135.63 5 0
github.com/swarm-editor/swarm-editor/internal/swarm/orchestration.go:2135.63,2137.5 1 0
github.com/swarm-editor/swarm-editor/internal/swarm/orchestration.go:2138.4,2139.84 2 0
github.com/swarm-editor/swarm-editor/internal/swarm/orchestration.go:2143.3,2146.26 3 0
github.com/swarm-editor/swarm-editor/internal/swarm/orchestration.go:2146.26,2147.12 1 0
github.com/swarm-editor/swarm-editor/internal/swarm/orchestration.go:2149.3,2155.18 5 0
github.com/swarm-editor/swarm-editor/internal/swarm/orchestration.go:2155.18,2161.46 6 0
github.com/swarm-editor/swarm-editor/internal/swarm/orchestration.go:2161.46,2163.5 1 0
github.com/swarm-editor/swarm-editor/internal/swarm/orchestration.go:2164.4,2165.12 2 0
github.com/swarm-editor/swarm-editor/internal/swarm/orchestration.go:2169.3,2169.25 1 0
github.com/swarm-editor/swarm-editor/internal/swarm/orchestration.go:2169.25,2170.61 1 0
github.com/swarm-editor/swarm-editor/internal/swarm/orchestration.go:2170.61,2172.5 1 0
github.com/swarm-editor/swarm-editor/internal/swarm/orchestration.go:2176.3,2177.56 2 0
github.com/swarm-editor/swarm-editor/internal/swarm/orchestration.go:2177.56,2178.29 1 0
github.com/swarm-editor/swarm-editor/internal/swarm/orchestration.go:2178.29,2184.5 5 0
github.com/swarm-editor/swarm-editor/internal/swarm/orchestration.go:2185.4,2193.63 8 0
github.com/swarm-editor/swarm-editor/internal/swarm/orchestration.go:2193.63,2195.5 1 0
github.com/swarm-editor/swarm-editor/internal/swarm/orchestration.go:2196.4,2200.14 5 0
github.com/swarm-editor/swarm-editor/internal/swarm/orchestration.go:2204.3,2209.55 6 0
github.com/swarm-editor/swarm-editor/internal/swarm/orchestration.go:2209.55,2211.4 1 0
github.com/swarm-editor/swarm-editor/internal/swarm/orchestration.go:2214.3,2215.38 2 0
github.com/swarm-editor/swarm-editor/internal/swarm/orchestration.go:2218.2,2223.12 6 0
github.com/swarm-editor/swarm-editor/internal/swarm/orchestration.go:2227.96,2232.19 4 13
github.com/swarm-editor/swarm-editor/internal/swarm/orchestration.go:2232.19,2237.31 5 5
github.com/swarm-editor/swarm-editor/internal/swarm/orchestration.go:2237.31,2239.4 1 2
github.com/swarm-editor/swarm-editor/internal/swarm/orchestration.go:2242.2,2250.21 5 11
github.com/swarm-editor/swarm-editor/internal/swarm/orchestration.go:2250.21,2252.20 2 0
github.com/swarm-editor/swarm-editor/internal/swarm/orchestration.go:2252.20,2254.53 2 0
github.com/swarm-editor/swarm-editor/internal/swarm/orchestration.go:2254.53,2258.5 3 0
github.com/swarm-editor/swarm-editor/internal/swarm/orchestration.go:2258.10,2260.5 1 0
github.com/swarm-editor/swarm-editor/internal/swarm/orchestration.go:2261.4,2261.50 1 0
github.com/swarm-editor/swarm-editor/internal/swarm/orchestration.go:2261.50,2286.42 12 0
github.com/swarm-editor/swarm-editor/internal/swarm/orchestration.go:2286.42,2293.6 1 0
github.com/swarm-editor/swarm-editor/internal/swarm/orchestration.go:2294.5,2294.15 1 0
github.com/swarm-editor/swarm-editor/internal/swarm/orchestration.go:2300.2,2311.39 6 11
github.com/swarm-editor/swarm-editor/internal/swarm/orchestration.go:2311.39,2320.3 2 0
github.com/swarm-editor/swarm-editor/internal/swarm/orchestration.go:2324.2,2327.21 4 11
github.com/swarm-editor/swarm-editor/internal/swarm/orchestration.go:2327.21,2335.40 8 0
github.com/swarm-editor/swarm-editor/internal/swarm/orchestration.go:2335.40,2342.4 1 0
github.com/swarm-editor/swarm-editor/internal/swarm/orchestration.go:2343.3,2343.46 1 0
github.com/swarm-editor/swarm-editor/internal/swarm/orchestration.go:2348.2,2348.28 1 11
github.com/swarm-editor/swarm-editor/internal/swarm/orchestration.go:2348.28,2353.25 4 11
github.com/swarm-editor/swarm-editor/internal/swarm/orchestration.go:2353.25,2355.18 2 0
github.com/swarm-editor/swarm-editor/internal/swarm/orchestration.go:2355.18,2357.5 1 0
github.com/swarm-editor/swarm-editor/internal/swarm/orchestration.go:2357.10,2361.5 3 0
github.com/swarm-editor/swarm-editor/internal/swarm/orchestration.go:2366.2,2366.54 1 11
github.com/swarm-editor/swarm-editor/internal/swarm/orchestration.go:2366.54,2368.25 2 1
github.com/swarm-editor/swarm-editor/internal/swarm/orchestration.go:2368.25,2370.4 1 1
github.com/swarm-editor/swarm-editor/internal/swarm/orchestration.go:2372.3,2372.57 1 0
github.com/swarm-editor/swarm-editor/internal/swarm/orchestration.go:2372.57,2375.4 1 0
github.com/swarm-editor/swarm-editor/internal/swarm/orchestration.go:2377.3,2384.16 4 0
github.com/swarm-editor/swarm-editor/internal/swarm/orchestration.go:2386.8,2386.40 1 10
github.com/swarm-editor/swarm-editor/internal/swarm/orchestration.go:2386.40,2389.17 2 0
github.com/swarm-editor/swarm-editor/internal/swarm/orchestration.go:2389.17,2391.4 1 0
github.com/swarm-editor/swarm-editor/internal/swarm/orchestration.go:2392.3,2394.16 3 0
github.com/swarm-editor/swarm-editor/internal/swarm/orchestration.go:2395.8,2395.36 1 10
github.com/swarm-editor/swarm-editor/internal/swarm/orchestration.go:2395.36,2398.17 2 0
github.com/swarm-editor/swarm-editor/internal/swarm/orchestration.go:2398.17,2400.4 1 0
github.com/swarm-editor/swarm-editor/internal/swarm/orchestration.go:2401.3,2410.16 3 0
github.com/swarm-editor/swarm-editor/internal/swarm/orchestration.go:2411.8,2411.37 1 10
github.com/swarm-editor/swarm-editor/internal/swarm/orchestration.go:2411.37,2414.17 2 0
github.com/swarm-editor/swarm-editor/internal/swarm/orchestration.go:2414.17,2416.4 1 0
github.com/swarm-editor/swarm-editor/internal/swarm/orchestration.go:2417.3,2420.24 2 0
github.com/swarm-editor/swarm-editor/internal/swarm/orchestration.go:2420.24,2422.4 1 0
github.com/swarm-editor/swarm-editor/internal/swarm/orchestration.go:2422.9,2424.4 1 0
github.com/swarm-editor/swarm-editor/internal/swarm/orchestration.go:2425.3,2431.16 2 0
github.com/swarm-editor/swarm-editor/internal/swarm/orchestration.go:2432.8,2432.64 1 10
github.com/swarm-editor/swarm-editor/internal/swarm/orchestration.go:2432.64,2435.17 2 0
github.com/swarm-editor/swarm-editor/internal/swarm/orchestration.go:2435.17,2437.4 1 0
github.com/swarm-editor/swarm-editor/internal/swarm/orchestration.go:2438.3,2440.16 3 0
github.com/swarm-editor/swarm-editor/internal/swarm/orchestration.go:2441.8,2441.33 1 10
github.com/swarm-editor/swarm-editor/internal/swarm/orchestration.go:2441.33,2446.34 3 0
github.com/swarm-editor/swarm-editor/internal/swarm/orchestration.go:2446.34,2447.26 1 0
github.com/swarm-editor/swarm-editor/internal/swarm/orchestration.go:2447.26,2449.5 1 0
github.com/swarm-editor/swarm-editor/internal/swarm/orchestration.go:2452.3,2453.33 2 0
github.com/swarm-editor/swarm-editor/internal/swarm/orchestration.go:2453.33,2455.4 1 0
github.com/swarm-editor/swarm-editor/internal/swarm/orchestration.go:2457.3,2457.56 1 0
github.com/swarm-editor/swarm-editor/internal/swarm/orchestration.go:2457.56,2459.4 1 0
github.com/swarm-editor/swarm-editor/internal/swarm/orchestration.go:2461.3,2462.17 2 0
github.com/swarm-editor/swarm-editor/internal/swarm/orchestration.go:2462.17,2464.4 1 0
github.com/swarm-editor/swarm-editor/internal/swarm/orchestration.go:2465.3,2472.16 3 0
github.com/swarm-editor/swarm-editor/internal/swarm/orchestration.go:2473.8,2473.34 1 10
github.com/swarm-editor/swarm-editor/internal/swarm/orchestration.go:2473.34,2476.33 2 0
github.com/swarm-editor/swarm-editor/internal/swarm/orchestration.go:2476.33,2478.4 1 0
github.com/swarm-editor/swarm-editor/internal/swarm/orchestration.go:2480.3,2481.55 2 0
github.com/swarm-editor/swarm-editor/internal/swarm/orchestration.go:2481.55,2482.55 1 0
github.com/swarm-editor/swarm-editor/internal/swarm/orchestration.go:2482.55,2484.5 1 0
github.com/swarm-editor/swarm-editor/internal/swarm/orchestration.go:2486.3,2487.17 2 0
github.com/swarm-editor/swarm-editor/internal/swarm/orchestration.go:2487.17,2489.4 1 0
github.com/swarm-editor/swarm-editor/internal/swarm/orchestration.go:2490.3,2497.32 3 0
github.com/swarm-editor/swarm-editor/internal/swarm/orchestration.go:2497.32,2499.4 1 0
github.com/swarm-editor/swarm-editor/internal/swarm/orchestration.go:2500.3,2500.16 1 0
github.com/swarm-editor/swarm-editor/internal/swarm/orchestration.go:2501.8,2501.56 1 10
github.com/swarm-editor/swarm-editor/internal/swarm/orchestration.go:2501.56,2504.17 2 0
github.com/swarm-editor/swarm-editor/internal/swarm/orchestration.go:2504.17,2506.4 1 0
github.com/swarm-editor/swarm-editor/internal/swarm/orchestration.go:2507.3,2514.16 3 0
github.com/swarm-editor/swarm-editor/internal/swarm/orchestration.go:2515.8,2515.38 1 10
github.com/swarm-editor/swarm-editor/internal/swarm/orchestration.go:2515.38,2519.34 3 0
github.com/swarm-editor/swarm-editor/internal/swarm/orchestration.go:2519.34,2520.26 1 0
github.com/swarm-editor/swarm-editor/internal/swarm/orchestration.go:2520.26,2522.5 1 0
github.com/swarm-editor/swarm-editor/internal/swarm/orchestration.go:2524.3,2525.33 2 0
github.com/swarm-editor/swarm-editor/internal/swarm/orchestration.go:2525.33,2527.4 1 0
github.com/swarm-editor/swarm-editor/internal/swarm/orchestration.go:2528.3,2528.54 1 0
github.com/swarm-editor/swarm-editor/internal/swarm/orchestration.go:2528.54,2530.4 1 0
github.com/swarm-editor/swarm-editor/internal/swarm/orchestration.go:2531.3,2532.17 2 0
github.com/swarm-editor/swarm-editor/internal/swarm/orchestration.go:2532.17,2534.4 1 0
github.com/swarm-editor/swarm-editor/internal/swarm/orchestration.go:2535.3,2542.16 3 0
github.com/swarm-editor/swarm-editor/internal/swarm/orchestration.go:2543.8,2543.32 1 10
github.com/swarm-editor/swarm-editor/internal/swarm/orchestration.go:2543.32,2546.33 2 0
github.com/swarm-editor/swarm-editor/internal/swarm/orchestration.go:2546.33,2548.4 1 0
github.com/swarm-editor/swarm-editor/internal/swarm/orchestration.go:2550.3,2552.34 3 0
github.com/swarm-editor/swarm-editor/internal/swarm/orchestration.go:2552.34,2553.26 1 0
github.com/swarm-editor/swarm-editor/internal/swarm/orchestration.go:2553.26,2555.5 1 0
github.com/swarm-editor/swarm-editor/internal/swarm/orchestration.go:2557.3,2557.71 1 0
github.com/swarm-editor/swarm-editor/internal/swarm/orchestration.go:2557.71,2559.4 1 0
github.com/swarm-editor/swarm-editor/internal/swarm/orchestration.go:2560.3,2561.17 2 0
github.com/swarm-editor/swarm-editor/internal/swarm/orchestration.go:2561.17,2563.4 1 0
github.com/swarm-editor/swarm-editor/internal/swarm/orchestration.go:2564.3,2570.16 3 0
github.com/swarm-editor/swarm-editor/internal/swarm/orchestration.go:2571.8,2584.25 2 10
github.com/swarm-editor/swarm-editor/internal/swarm/orchestration.go:2584.25,2585.55 1 0
github.com/swarm-editor/swarm-editor/internal/swarm/orchestration.go:2585.55,2587.5 1 0
github.com/swarm-editor/swarm-editor/internal/swarm/orchestration.go:2592.2,2599.20 5 10
github.com/swarm-editor/swarm-editor/internal/swarm/orchestration.go:2599.20,2623.40 12 0
github.com/swarm-editor/swarm-editor/internal/swarm/orchestration.go:2623.40,2630.4 1 0
github.com/swarm-editor/swarm-editor/internal/swarm/orchestration.go:2631.3,2631.45 1 0
github.com/swarm-editor/swarm-editor/internal/swarm/orchestration.go:2634.2,2652.41 7 10
github.com/swarm-editor/swarm-editor/internal/swarm/orchestration.go:2652.41,2654.3 1 0
github.com/swarm-editor/swarm-editor/internal/swarm/orchestration.go:2656.2,2659.25 4 10
github.com/swarm-editor/swarm-editor/internal/swarm/orchestration.go:2659.25,2661.3 1 0
github.com/swarm-editor/swarm-editor/internal/swarm/orchestration.go:2662.2,2666.67 3 10
github.com/swarm-editor/swarm-editor/internal/swarm/orchestration.go:2666.67,2668.56 2 0
github.com/swarm-editor/swarm-editor/internal/swarm/orchestration.go:2668.56,2670.4 1 0
github.com/swarm-editor/swarm-editor/internal/swarm/orchestration.go:2670.9,2672.4 1 0
github.com/swarm-editor/swarm-editor/internal/swarm/orchestration.go:2673.3,2673.60 1 0
github.com/swarm-editor/swarm-editor/internal/swarm/orchestration.go:2677.2,2677.22 1 10
github.com/swarm-editor/swarm-editor/internal/swarm/orchestration.go:2677.22,2679.3 1 0
github.com/swarm-editor/swarm-editor/internal/swarm/orchestration.go:2682.2,2682.39 1 10
github.com/swarm-editor/swarm-editor/internal/swarm/orchestration.go:2682.39,2693.3 3 0
github.com/swarm-editor/swarm-editor/internal/swarm/orchestration.go:2695.2,2695.12 1 10
github.com/swarm-editor/swarm-editor/internal/swarm/orchestration.go:2702.86,2704.14 2 8
github.com/swarm-editor/swarm-editor/internal/swarm/orchestration.go:2704.14,2706.3 1 1
github.com/swarm-editor/swarm-editor/internal/swarm/orchestration.go:2710.2,2710.49 1 7
github.com/swarm-editor/swarm-editor/internal/swarm/orchestration.go:2710.49,2712.3 1 0
github.com/swarm-editor/swarm-editor/internal/swarm/orchestration.go:2713.2,2720.23 6 7
github.com/swarm-editor/swarm-editor/internal/swarm/orchestration.go:2720.23,2722.3 1 2
github.com/swarm-editor/swarm-editor/internal/swarm/orchestration.go:2724.2,2729.41 4 5
github.com/swarm-editor/swarm-editor/internal/swarm/orchestration.go:2729.41,2731.35 2 8
github.com/swarm-editor/swarm-editor/internal/swarm/orchestration.go:2731.35,2732.12 1 0
github.com/swarm-editor/swarm-editor/internal/swarm/orchestration.go:2736.3,2737.10 2 8
github.com/swarm-editor/swarm-editor/internal/swarm/orchestration.go:2737.10,2739.12 2 4
github.com/swarm-editor/swarm-editor/internal/swarm/orchestration.go:2742.3,2743.70 2 4
github.com/swarm-editor/swarm-editor/internal/swarm/orchestration.go:2743.70,2747.4 3 1
github.com/swarm-editor/swarm-editor/internal/swarm/orchestration.go:2747.9,2750.4 2 3
github.com/swarm-editor/swarm-editor/internal/swarm/orchestration.go:2756.2,2757.25 2 5
github.com/swarm-editor/swarm-editor/internal/swarm/orchestration.go:2757.25,2758.87 1 8
github.com/swarm-editor/swarm-editor/internal/swarm/orchestration.go:2758.87,2760.4 1 4
github.com/swarm-editor/swarm-editor/internal/swarm/orchestration.go:2762.2,2763.27 2 5
github.com/swarm-editor/swarm-editor/internal/swarm/orchestration.go:2763.27,2764.62 1 8
github.com/swarm-editor/swarm-editor/internal/swarm/orchestration.go:2764.62,2766.4 1 4
github.com/swarm-editor/swarm-editor/internal/swarm/orchestration.go:2768.2,2770.28 2 5
github.com/swarm-editor/swarm-editor/internal/swarm/orchestration.go:2770.28,2772.3 1 1
github.com/swarm-editor/swarm-editor/internal/swarm/orchestration.go:2773.2,2773.12 1 4
github.com/swarm-editor/swarm-editor/internal/swarm/orchestration.go:2778.66,2782.28 3 22
github.com/swarm-editor/swarm-editor/internal/swarm/orchestration.go:2782.28,2785.3 2 30
github.com/swarm-editor/swarm-editor/internal/swarm/orchestration.go:2786.2,2810.58 11 22
github.com/swarm-editor/swarm-editor/internal/swarm/orchestration.go:2810.58,2813.3 1 0
github.com/swarm-editor/swarm-editor/internal/swarm/orchestration.go:2814.2,2816.11 2 22
github.com/swarm-editor/swarm-editor/internal/swarm/orchestration.go:2820.86,2825.47 4 0
github.com/swarm-editor/swarm-editor/internal/swarm/orchestration.go:2825.47,2826.34 1 0
github.com/swarm-editor/swarm-editor/internal/swarm/orchestration.go:2826.34,2827.29 1 0
github.com/swarm-editor/swarm-editor/internal/swarm/orchestration.go:2827.29,2830.10 3 0
github.com/swarm-editor/swarm-editor/internal/swarm/orchestration.go:2833.3,2833.21 1 0
github.com/swarm-editor/swarm-editor/internal/swarm/orchestration.go:2833.21,2834.9 1 0
github.com/swarm-editor/swarm-editor/internal/swarm/orchestration.go:2837.2,2839.20 2 0
github.com/swarm-editor/swarm-editor/internal/swarm/orchestration.go:2839.20,2841.3 1 0
github.com/swarm-editor/swarm-editor/internal/swarm/orchestration.go:2842.2,2842.21 1 0
github.com/swarm-editor/swarm-editor/internal/swarm/orchestration.go:2842.21,2844.3 1 0
github.com/swarm-editor/swarm-editor/internal/swarm/orchestration.go:2847.2,2848.35 2 0
github.com/swarm-editor/swarm-editor/internal/swarm/orchestration.go:2848.35,2849.48 1 0
github.com/swarm-editor/swarm-editor/internal/swarm/orchestration.go:2849.48,2854.4 4 0
github.com/swarm-editor/swarm-editor/internal/swarm/orchestration.go:2856.2,2859.28 3 0
github.com/swarm-editor/swarm-editor/internal/swarm/orchestration.go:2859.28,2862.3 2 0
github.com/swarm-editor/swarm-editor/internal/swarm/orchestration.go:2862.8,2864.3 1 0
github.com/swarm-editor/swarm-editor/internal/swarm/orchestration.go:2865.2,2873.22 6 0
github.com/swarm-editor/swarm-editor/internal/swarm/orchestration.go:2877.72,2881.16 4 4
github.com/swarm-editor/swarm-editor/internal/swarm/orchestration.go:2881.16,2883.3 1 1
github.com/swarm-editor/swarm-editor/internal/swarm/orchestration.go:2884.2,2886.15 3 3
github.com/swarm-editor/swarm-editor/internal/swarm/orchestration.go:2899.100,2905.47 5 6
github.com/swarm-editor/swarm-editor/internal/swarm/orchestration.go:2905.47,2906.34 1 5
github.com/swarm-editor/swarm-editor/internal/swarm/orchestration.go:2906.34,2907.29 1 5
github.com/swarm-editor/swarm-editor/internal/swarm/orchestration.go:2907.29,2910.10 3 5
github.com/swarm-editor/swarm-editor/internal/swarm/orchestration.go:2913.3,2913.21 1 5
github.com/swarm-editor/swarm-editor/internal/swarm/orchestration.go:2913.21,2914.9 1 5
github.com/swarm-editor/swarm-editor/internal/swarm/orchestration.go:2918.2,2918.27 1 6
github.com/swarm-editor/swarm-editor/internal/swarm/orchestration.go:2918.27,2920.33 2 5
github.com/swarm-editor/swarm-editor/internal/swarm/orchestration.go:2920.33,2921.41 1 5
github.com/swarm-editor/swarm-editor/internal/swarm/orchestration.go:2921.41,2923.5 1 0
github.com/swarm-editor/swarm-editor/internal/swarm/orchestration.go:2926.2,2928.20 2 6
github.com/swarm-editor/swarm-editor/internal/swarm/orchestration.go:2928.20,2930.3 1 1
github.com/swarm-editor/swarm-editor/internal/swarm/orchestration.go:2931.2,2931.27 1 5
github.com/swarm-editor/swarm-editor/internal/swarm/orchestration.go:2931.27,2933.3 1 0
github.com/swarm-editor/swarm-editor/internal/swarm/orchestration.go:2936.2,2936.20 1 5
github.com/swarm-editor/swarm-editor/internal/swarm/orchestration.go:2936.20,2938.3 1 1
github.com/swarm-editor/swarm-editor/internal/swarm/orchestration.go:2941.2,2961.41 4 5
github.com/swarm-editor/swarm-editor/internal/swarm/orchestration.go:2961.41,2964.3 2 1
github.com/swarm-editor/swarm-editor/internal/swarm/orchestration.go:2965.2,2965.41 1 5
github.com/swarm-editor/swarm-editor/internal/swarm/orchestration.go:2965.41,2966.48 1 6
github.com/swarm-editor/swarm-editor/internal/swarm/orchestration.go:2966.48,2970.4 2 6
github.com/swarm-editor/swarm-editor/internal/swarm/orchestration.go:2970.9,2978.4 6 0
github.com/swarm-editor/swarm-editor/internal/swarm/orchestration.go:2980.2,3003.18 7 5
github.com/swarm-editor/swarm-editor/internal/swarm/orchestration.go:3008.73,3010.2 1 1
github.com/swarm-editor/swarm-editor/internal/swarm/orchestration.go:3013.57,3017.2 3 12
github.com/swarm-editor/swarm-editor/internal/swarm/orchestration.go:3020.52,3025.32 4 1
github.com/swarm-editor/swarm-editor/internal/swarm/orchestration.go:3025.32,3027.3 1 3
github.com/swarm-editor/swarm-editor/internal/swarm/orchestration.go:3028.2,3028.18 1 1
github.com/swarm-editor/swarm-editor/internal/swarm/orchestration.go:3032.87,3037.14 4 3
github.com/swarm-editor/swarm-editor/internal/swarm/orchestration.go:3037.14,3039.3 1 2
github.com/swarm-editor/swarm-editor/internal/swarm/orchestration.go:3041.2,3045.19 4 1
github.com/swarm-editor/swarm-editor/internal/swarm/orchestration.go:3045.19,3047.3 1 0
github.com/swarm-editor/swarm-editor/internal/swarm/orchestration.go:3050.2,3051.18 2 1
github.com/swarm-editor/swarm-editor/internal/swarm/orchestration.go:3061.109,3066.13 4 2
github.com/swarm-editor/swarm-editor/internal/swarm/orchestration.go:3066.13,3068.3 1 0
github.com/swarm-editor/swarm-editor/internal/swarm/orchestration.go:3073.2,3076.26 3 2
github.com/swarm-editor/swarm-editor/internal/swarm/orchestration.go:3076.26,3078.3 1 0
github.com/swarm-editor/swarm-editor/internal/swarm/orchestration.go:3080.2,3083.29 3 2
github.com/swarm-editor/swarm-editor/internal/swarm/orchestration.go:3083.29,3085.3 1 0
github.com/swarm-editor/swarm-editor/internal/swarm/orchestration.go:3088.2,3089.28 2 2
github.com/swarm-editor/swarm-editor/internal/swarm/orchestration.go:3089.28,3090.32 1 2
github.com/swarm-editor/swarm-editor/internal/swarm/orchestration.go:3090.32,3092.9 2 2
github.com/swarm-editor/swarm-editor/internal/swarm/orchestration.go:3096.2,3096.28 1 2
github.com/swarm-editor/swarm-editor/internal/swarm/orchestration.go:3096.28,3098.3 1 0
github.com/swarm-editor/swarm-editor/internal/swarm/orchestration.go:3101.2,3101.24 1 2
github.com/swarm-editor/swarm-editor/internal/swarm/orchestration.go:3102.16,3107.42 3 0
github.com/swarm-editor/swarm-editor/internal/swarm/orchestration.go:3108.15,3112.41 3 2
github.com/swarm-editor/swarm-editor/internal/swarm/orchestration.go:3118.2,3118.47 1 2
github.com/swarm-editor/swarm-editor/internal/swarm/orchestration.go:3118.47,3119.41 1 2
github.com/swarm-editor/swarm-editor/internal/swarm/orchestration.go:3119.41,3121.55 2 2
github.com/swarm-editor/swarm-editor/internal/swarm/orchestration.go:3121.55,3122.25 1 2
github.com/swarm-editor/swarm-editor/internal/swarm/orchestration.go:3122.25,3124.11 2 1
github.com/swarm-editor/swarm-editor/internal/swarm/orchestration.go:3127.4,3127.13 1 2
github.com/swarm-editor/swarm-editor/internal/swarm/orchestration.go:3127.13,3130.5 2 1
github.com/swarm-editor/swarm-editor/internal/swarm/orchestration.go:3130.10,3132.5 1 1
github.com/swarm-editor/swarm-editor/internal/swarm/orchestration.go:3137.2,3146.12 6 2
github.com/swarm-editor/swarm-editor/internal/swarm/orchestration.go:3146.12,3147.16 1 2
github.com/swarm-editor/swarm-editor/internal/swarm/orchestration.go:3147.16,3148.32 1 2
github.com/swarm-editor/swarm-editor/internal/swarm/orchestration.go:3148.32,3150.5 1 0
github.com/swarm-editor/swarm-editor/internal/swarm/orchestration.go:3151.4,3151.15 1 2
github.com/swarm-editor/swarm-editor/internal/swarm/orchestration.go:3153.3,3155.57 3 2
github.com/swarm-editor/swarm-editor/internal/swarm/orchestration.go:3155.57,3157.4 1 2
github.com/swarm-editor/swarm-editor/internal/swarm/orchestration.go:3160.2,3160.15 1 2
github.com/swarm-editor/swarm-editor/internal/swarm/orchestration.go:3164.50,3170.35 4 1
github.com/swarm-editor/swarm-editor/internal/swarm/orchestration.go:3170.35,3172.3 1 1
github.com/swarm-editor/swarm-editor/internal/swarm/orchestration.go:3174.2,3178.24 3 1
github.com/swarm-editor/swarm-editor/internal/swarm/orchestration.go:3178.24,3180.3 1 1
github.com/swarm-editor/swarm-editor/internal/swarm/orchestration.go:3183.2,3183.28 1 1
github.com/swarm-editor/swarm-editor/internal/swarm/orchestration.go:3183.28,3185.3 1 1
github.com/swarm-editor/swarm-editor/internal/swarm/orchestration.go:3188.2,3188.28 1 1
github.com/swarm-editor/swarm-editor/internal/swarm/orchestration.go:3188.28,3190.3 1 1
github.com/swarm-editor/swarm-editor/internal/swarm/orchestration.go:3193.2,3193.26 1 1
github.com/swarm-editor/swarm-editor/internal/swarm/orchestration.go:3193.26,3197.3 1 1
github.com/swarm-editor/swarm-editor/internal/swarm/orchestration.go:3211.118,3216.13 4 8
github.com/swarm-editor/swarm-editor/internal/swarm/orchestration.go:3216.13,3218.3 1 1
github.com/swarm-editor/swarm-editor/internal/swarm/orchestration.go:3221.2,3221.30 1 7
github.com/swarm-editor/swarm-editor/internal/swarm/orchestration.go:3221.30,3224.38 3 6
github.com/swarm-editor/swarm-editor/internal/swarm/orchestration.go:3224.38,3226.4 1 0
github.com/swarm-editor/swarm-editor/internal/swarm/orchestration.go:3227.3,3227.16 1 6
github.com/swarm-editor/swarm-editor/internal/swarm/orchestration.go:3228.8,3232.3 3 1
github.com/swarm-editor/swarm-editor/internal/swarm/orchestration.go:3235.2,3238.34 2 7
github.com/swarm-editor/swarm-editor/internal/swarm/orchestration.go:3238.34,3241.3 2 1
github.com/swarm-editor/swarm-editor/internal/swarm/orchestration.go:3243.2,3255.35 9 6
github.com/swarm-editor/swarm-editor/internal/swarm/orchestration.go:3255.35,3256.28 1 5
github.com/swarm-editor/swarm-editor/internal/swarm/orchestration.go:3256.28,3260.4 3 4
github.com/swarm-editor/swarm-editor/internal/swarm/orchestration.go:3261.3,3261.29 1 5
github.com/swarm-editor/swarm-editor/internal/swarm/orchestration.go:3261.29,3263.4 1 1
github.com/swarm-editor/swarm-editor/internal/swarm/orchestration.go:3266.3,3269.22 4 5
github.com/swarm-editor/swarm-editor/internal/swarm/orchestration.go:3275.2,3282.23 5 6
github.com/swarm-editor/swarm-editor/internal/swarm/orchestration.go:3301.57,3307.2 1 7
github.com/swarm-editor/swarm-editor/internal/swarm/orchestration.go:3313.45,3317.2 3 1
github.com/swarm-editor/swarm-editor/internal/swarm/orchestration.go:3320.47,3322.49 2 1
github.com/swarm-editor/swarm-editor/internal/swarm/orchestration.go:3322.49,3324.3 1 0
github.com/swarm-editor/swarm-editor/internal/swarm/orchestration.go:3325.2,3326.16 2 1
github.com/swarm-editor/swarm-editor/internal/swarm/orchestrator.go:99.42,123.2 6 45
github.com/swarm-editor/swarm-editor/internal/swarm/orchestrator.go:126.42,127.14 1 75
github.com/swarm-editor/swarm-editor/internal/swarm/orchestrator.go:127.14,129.3 1 1
github.com/swarm-editor/swarm-editor/internal/swarm/orchestrator.go:130.2,133.47 4 74
github.com/swarm-editor/swarm-editor/internal/swarm/orchestrator.go:133.47,135.3 1 1
github.com/swarm-editor/swarm-editor/internal/swarm/orchestrator.go:138.2,138.19 1 74
github.com/swarm-editor/swarm-editor/internal/swarm/orchestrator.go:142.45,146.50 4 1
github.com/swarm-editor/swarm-editor/internal/swarm/orchestrator.go:146.50,148.3 1 0
github.com/swarm-editor/swarm-editor/internal/swarm/orchestrator.go:149.2,149.19 1 1
github.com/swarm-editor/swarm-editor/internal/swarm/orchestrator.go:153.48,154.14 1 5
github.com/swarm-editor/swarm-editor/internal/swarm/orchestrator.go:154.14,156.3 1 1
github.com/swarm-editor/swarm-editor/internal/swarm/orchestrator.go:157.2,160.19 4 4
github.com/swarm-editor/swarm-editor/internal/swarm/orchestrator.go:164.33,166.27 2 79
github.com/swarm-editor/swarm-editor/internal/swarm/orchestrator.go:166.27,168.3 1 204
github.com/swarm-editor/swarm-editor/internal/swarm/orchestrator.go:171.2,173.20 2 79
github.com/swarm-editor/swarm-editor/internal/swarm/orchestrator.go:174.20,176.27 1 55
github.com/swarm-editor/swarm-editor/internal/swarm/orchestrator.go:176.27,177.32 1 9
github.com/swarm-editor/swarm-editor/internal/swarm/orchestrator.go:177.32,178.31 1 17
github.com/swarm-editor/swarm-editor/internal/swarm/orchestrator.go:178.31,181.6 2 12
github.com/swarm-editor/swarm-editor/internal/swarm/orchestrator.go:185.20,187.32 1 4
github.com/swarm-editor/swarm-editor/internal/swarm/orchestrator.go:187.32,188.33 1 10
github.com/swarm-editor/swarm-editor/internal/swarm/orchestrator.go:188.33,189.19 1 30
github.com/swarm-editor/swarm-editor/internal/swarm/orchestrator.go:189.19,191.6 1 20
github.com/swarm-editor/swarm-editor/internal/swarm/orchestrator.go:195.20,197.31 1 4
github.com/swarm-editor/swarm-editor/internal/swarm/orchestrator.go:197.31,200.4 2 10
github.com/swarm-editor/swarm-editor/internal/swarm/orchestrator.go:202.20,204.24 1 7
github.com/swarm-editor/swarm-editor/internal/swarm/orchestrator.go:204.24,206.4 1 7
github.com/swarm-editor/swarm-editor/internal/swarm/orchestrator.go:208.22,211.27 1 6
github.com/swarm-editor/swarm-editor/internal/swarm/orchestrator.go:211.27,212.32 1 5
github.com/swarm-editor/swarm-editor/internal/swarm/orchestrator.go:212.32,213.31 1 15
github.com/swarm-editor/swarm-editor/internal/swarm/orchestrator.go:213.31,216.6 2 10
github.com/swarm-editor/swarm-editor/internal/swarm/orchestrator.go:220.3,220.31 1 6
github.com/swarm-editor/swarm-editor/internal/swarm/orchestrator.go:220.31,223.4 2 16
github.com/swarm-editor/swarm-editor/internal/swarm/orchestrator.go:225.10,227.32 1 3
github.com/swarm-editor/swarm-editor/internal/swarm/orchestrator.go:227.32,228.33 1 6
github.com/swarm-editor/swarm-editor/internal/swarm/orchestrator.go:228.33,229.19 1 14
github.com/swarm-editor/swarm-editor/internal/swarm/orchestrator.go:229.19,231.6 1 8
github.com/swarm-editor/swarm-editor/internal/swarm/orchestrator.go:238.64,239.30 1 28
github.com/swarm-editor/swarm-editor/internal/swarm/orchestrator.go:239.30,241.3 1 0
github.com/swarm-editor/swarm-editor/internal/swarm/orchestrator.go:243.2,247.29 4 28
github.com/swarm-editor/swarm-editor/internal/swarm/orchestrator.go:247.29,251.3 3 12
github.com/swarm-editor/swarm-editor/internal/swarm/orchestrator.go:253.2,253.30 1 28
github.com/swarm-editor/swarm-editor/internal/swarm/orchestrator.go:253.30,257.3 3 9
github.com/swarm-editor/swarm-editor/internal/swarm/orchestrator.go:261.60,265.22 4 29
github.com/swarm-editor/swarm-editor/internal/swarm/orchestrator.go:265.22,267.3 1 2
github.com/swarm-editor/swarm-editor/internal/swarm/orchestrator.go:268.2,270.15 3 27
github.com/swarm-editor/swarm-editor/internal/swarm/orchestrator.go:274.44,278.29 4 27
github.com/swarm-editor/swarm-editor/internal/swarm/orchestrator.go:278.29,280.3 1 42
github.com/swarm-editor/swarm-editor/internal/swarm/orchestrator.go:281.2,281.15 1 27
github.com/swarm-editor/swarm-editor/internal/swarm/orchestrator.go:285.46,289.2 3 1002
github.com/swarm-editor/swarm-editor/internal/swarm/orchestrator.go:292.50,297.33 3 10
github.com/swarm-editor/swarm-editor/internal/swarm/orchestrator.go:297.33,299.3 1 1
github.com/swarm-editor/swarm-editor/internal/swarm/orchestrator.go:301.2,305.29 3 9
github.com/swarm-editor/swarm-editor/internal/swarm/orchestrator.go:305.29,307.3 1 10
github.com/swarm-editor/swarm-editor/internal/swarm/orchestrator.go:309.2,309.12 1 9
github.com/swarm-editor/swarm-editor/internal/swarm/orchestrator.go:314.30,317.21 3 9
github.com/swarm-editor/swarm-editor/internal/swarm/orchestrator.go:317.21,319.3 1 9
github.com/swarm-editor/swarm-editor/internal/swarm/orchestrator.go:320.2,326.29 3 9
github.com/swarm-editor/swarm-editor/internal/swarm/orchestrator.go:326.29,328.3 1 9
github.com/swarm-editor/swarm-editor/internal/swarm/orchestrator.go:331.2,331.34 1 9
github.com/swarm-editor/swarm-editor/internal/swarm/orchestrator.go:331.34,333.3 1 10
github.com/swarm-editor/swarm-editor/internal/swarm/orchestrator.go:335.2,339.12 4 9
github.com/swarm-editor/swarm-editor/internal/swarm/orchestrator.go:343.67,344.17 1 3
github.com/swarm-editor/swarm-editor/internal/swarm/orchestrator.go:344.17,346.3 1 1
github.com/swarm-editor/swarm-editor/internal/swarm/orchestrator.go:348.2,356.12 7 2
github.com/swarm-editor/swarm-editor/internal/swarm/orchestrator.go:360.81,361.17 1 3
github.com/swarm-editor/swarm-editor/internal/swarm/orchestrator.go:361.17,363.3 1 1
github.com/swarm-editor/swarm-editor/internal/swarm/orchestrator.go:366.2,366.28 1 2
github.com/swarm-editor/swarm-editor/internal/swarm/orchestrator.go:366.28,368.3 1 1
github.com/swarm-editor/swarm-editor/internal/swarm/orchestrator.go:371.2,376.22 5 1
github.com/swarm-editor/swarm-editor/internal/swarm/orchestrator.go:380.83,381.17 1 4
github.com/swarm-editor/swarm-editor/internal/swarm/orchestrator.go:381.17,383.3 1 1
github.com/swarm-editor/swarm-editor/internal/swarm/orchestrator.go:386.2,386.31 1 3
github.com/swarm-editor/swarm-editor/internal/swarm/orchestrator.go:386.31,388.3 1 0
github.com/swarm-editor/swarm-editor/internal/swarm/orchestrator.go:390.2,397.20 5 3
github.com/swarm-editor/swarm-editor/internal/swarm/orchestrator.go:398.24,399.51 1 1
github.com/swarm-editor/swarm-editor/internal/swarm/orchestrator.go:400.26,401.52 1 0
github.com/swarm-editor/swarm-editor/internal/swarm/orchestrator.go:402.24,403.51 1 1
github.com/swarm-editor/swarm-editor/internal/swarm/orchestrator.go:404.25,405.52 1 1
github.com/swarm-editor/swarm-editor/internal/swarm/orchestrator.go:406.10,407.51 1 0
github.com/swarm-editor/swarm-editor/internal/swarm/orchestrator.go:411.2,425.87 4 3
github.com/swarm-editor/swarm-editor/internal/swarm/orchestrator.go:425.87,442.25 10 3
github.com/swarm-editor/swarm-editor/internal/swarm/orchestrator.go:442.25,444.4 1 0
github.com/swarm-editor/swarm-editor/internal/swarm/orchestrator.go:444.9,446.4 1 3
github.com/swarm-editor/swarm-editor/internal/swarm/orchestrator.go:449.2,450.16 2 3
github.com/swarm-editor/swarm-editor/internal/swarm/orchestrator.go:450.16,452.3 1 3
github.com/swarm-editor/swarm-editor/internal/swarm/orchestrator.go:455.2,455.16 1 3
github.com/swarm-editor/swarm-editor/internal/swarm/orchestrator.go:455.16,457.24 2 0
github.com/swarm-editor/swarm-editor/internal/swarm/orchestrator.go:457.24,460.38 2 0
github.com/swarm-editor/swarm-editor/internal/swarm/orchestrator.go:460.38,463.5 2 0
github.com/swarm-editor/swarm-editor/internal/swarm/orchestrator.go:467.2,468.16 2 3
github.com/swarm-editor/swarm-editor/internal/swarm/orchestrator.go:468.16,470.3 1 3
github.com/swarm-editor/swarm-editor/internal/swarm/orchestrator.go:470.8,472.3 1 0
github.com/swarm-editor/swarm-editor/internal/swarm/orchestrator.go:473.2,478.42 4 3
github.com/swarm-editor/swarm-editor/internal/swarm/orchestrator.go:478.42,480.3 1 0
github.com/swarm-editor/swarm-editor/internal/swarm/orchestrator.go:482.2,485.23 3 3
github.com/swarm-editor/swarm-editor/internal/swarm/orchestrator.go:485.23,487.3 1 0
github.com/swarm-editor/swarm-editor/internal/swarm/orchestrator.go:489.2,489.20 1 3
github.com/swarm-editor/swarm-editor/internal/swarm/orchestrator.go:492.68,498.29 4 6
github.com/swarm-editor/swarm-editor/internal/swarm/orchestrator.go:498.29,499.38 1 15
github.com/swarm-editor/swarm-editor/internal/swarm/orchestrator.go:499.38,501.4 1 15
github.com/swarm-editor/swarm-editor/internal/swarm/orchestrator.go:503.2,503.17 1 6
github.com/swarm-editor/swarm-editor/internal/swarm/orchestrator.go:506.69,512.29 4 2
github.com/swarm-editor/swarm-editor/internal/swarm/orchestrator.go:512.29,513.38 1 4
github.com/swarm-editor/swarm-editor/internal/swarm/orchestrator.go:513.38,514.75 1 3
github.com/swarm-editor/swarm-editor/internal/swarm/orchestrator.go:514.75,516.5 1 1
github.com/swarm-editor/swarm-editor/internal/swarm/orchestrator.go:519.2,519.17 1 2
github.com/swarm-editor/swarm-editor/internal/swarm/orchestrator.go:519.17,521.3 1 1
github.com/swarm-editor/swarm-editor/internal/swarm/orchestrator.go:522.2,522.12 1 1
github.com/swarm-editor/swarm-editor/internal/swarm/orchestrator.go:525.68,528.2 1 2
github.com/swarm-editor/swarm-editor/internal/swarm/orchestrator.go:530.69,533.2 1 2
github.com/swarm-editor/swarm-editor/internal/swarm/orchestrator.go:535.115,537.2 1 3
github.com/swarm-editor/swarm-editor/internal/swarm/orchestrator.go:540.144,541.22 1 6
github.com/swarm-editor/swarm-editor/internal/swarm/orchestrator.go:541.22,543.3 1 2
github.com/swarm-editor/swarm-editor/internal/swarm/orchestrator.go:546.2,557.27 7 4
github.com/swarm-editor/swarm-editor/internal/swarm/orchestrator.go:557.27,559.28 2 12
github.com/swarm-editor/swarm-editor/internal/swarm/orchestrator.go:559.28,562.17 3 12
github.com/swarm-editor/swarm-editor/internal/swarm/orchestrator.go:562.17,563.33 1 12
github.com/swarm-editor/swarm-editor/internal/swarm/orchestrator.go:563.33,565.6 1 0
github.com/swarm-editor/swarm-editor/internal/swarm/orchestrator.go:569.4,582.18 6 12
github.com/swarm-editor/swarm-editor/internal/swarm/orchestrator.go:582.18,585.5 2 12
github.com/swarm-editor/swarm-editor/internal/swarm/orchestrator.go:588.4,588.52 1 0
github.com/swarm-editor/swarm-editor/internal/swarm/orchestrator.go:588.52,592.5 3 0
github.com/swarm-editor/swarm-editor/internal/swarm/orchestrator.go:596.2,601.25 4 4
github.com/swarm-editor/swarm-editor/internal/swarm/orchestrator.go:601.25,603.3 1 12
github.com/swarm-editor/swarm-editor/internal/swarm/orchestrator.go:606.2,606.21 1 4
github.com/swarm-editor/swarm-editor/internal/swarm/orchestrator.go:606.21,608.3 1 4
github.com/swarm-editor/swarm-editor/internal/swarm/orchestrator.go:612.2,613.32 2 0
github.com/swarm-editor/swarm-editor/internal/swarm/orchestrator.go:613.32,615.28 2 0
github.com/swarm-editor/swarm-editor/internal/swarm/orchestrator.go:615.28,618.4 1 0
github.com/swarm-editor/swarm-editor/internal/swarm/orchestrator.go:622.2,622.48 1 0
github.com/swarm-editor/swarm-editor/internal/swarm/orchestrator.go:622.48,624.3 1 0
github.com/swarm-editor/swarm-editor/internal/swarm/orchestrator.go:626.2,626.12 1 0
github.com/swarm-editor/swarm-editor/internal/swarm/orchestrator.go:631.61,635.26 3 2
github.com/swarm-editor/swarm-editor/internal/swarm/orchestrator.go:635.26,637.30 1 0
github.com/swarm-editor/swarm-editor/internal/swarm/orchestrator.go:637.30,638.39 1 0
github.com/swarm-editor/swarm-editor/internal/swarm/orchestrator.go:638.39,641.5 2 0
github.com/swarm-editor/swarm-editor/internal/swarm/orchestrator.go:643.3,643.13 1 0
github.com/swarm-editor/swarm-editor/internal/swarm/orchestrator.go:650.2,653.29 3 2
github.com/swarm-editor/swarm-editor/internal/swarm/orchestrator.go:653.29,654.31 1 6
github.com/swarm-editor/swarm-editor/internal/swarm/orchestrator.go:654.31,655.12 1 0
github.com/swarm-editor/swarm-editor/internal/swarm/orchestrator.go:658.3,659.24 2 6
github.com/swarm-editor/swarm-editor/internal/swarm/orchestrator.go:659.24,662.4 2 3
github.com/swarm-editor/swarm-editor/internal/swarm/orchestrator.go:665.2,665.23 1 2
github.com/swarm-editor/swarm-editor/internal/swarm/orchestrator.go:665.23,667.3 1 2
github.com/swarm-editor/swarm-editor/internal/swarm/orchestrator.go:669.2,669.19 1 2
github.com/swarm-editor/swarm-editor/internal/swarm/orchestrator.go:673.74,677.37 2 6
github.com/swarm-editor/swarm-editor/internal/swarm/orchestrator.go:677.37,679.3 1 4
github.com/swarm-editor/swarm-editor/internal/swarm/orchestrator.go:679.8,679.48 1 2
github.com/swarm-editor/swarm-editor/internal/swarm/orchestrator.go:679.48,681.3 1 0
github.com/swarm-editor/swarm-editor/internal/swarm/orchestrator.go:681.8,683.3 1 2
github.com/swarm-editor/swarm-editor/internal/swarm/orchestrator.go:686.2,690.73 3 4
github.com/swarm-editor/swarm-editor/internal/swarm/orchestrator.go:690.73,692.3 1 0
github.com/swarm-editor/swarm-editor/internal/swarm/orchestrator.go:692.8,692.76 1 4
github.com/swarm-editor/swarm-editor/internal/swarm/orchestrator.go:692.76,694.3 1 1
github.com/swarm-editor/swarm-editor/internal/swarm/orchestrator.go:694.8,694.84 1 3
github.com/swarm-editor/swarm-editor/internal/swarm/orchestrator.go:694.84,696.3 1 0
github.com/swarm-editor/swarm-editor/internal/swarm/orchestrator.go:696.8,696.121 1 3
github.com/swarm-editor/swarm-editor/internal/swarm/orchestrator.go:696.121,698.3 1 1
github.com/swarm-editor/swarm-editor/internal/swarm/orchestrator.go:701.2,702.21 2 4
github.com/swarm-editor/swarm-editor/internal/swarm/orchestrator.go:702.21,704.3 1 4
github.com/swarm-editor/swarm-editor/internal/swarm/orchestrator.go:704.8,704.28 1 0
github.com/swarm-editor/swarm-editor/internal/swarm/orchestrator.go:704.28,706.3 1 0
github.com/swarm-editor/swarm-editor/internal/swarm/orchestrator.go:708.2,708.14 1 4
github.com/swarm-editor/swarm-editor/internal/swarm/orchestrator.go:713.95,719.30 3 1
github.com/swarm-editor/swarm-editor/internal/swarm/orchestrator.go:719.30,720.55 1 0
github.com/swarm-editor/swarm-editor/internal/swarm/orchestrator.go:720.55,721.12 1 0
github.com/swarm-editor/swarm-editor/internal/swarm/orchestrator.go:723.3,726.23 1 0
github.com/swarm-editor/swarm-editor/internal/swarm/orchestrator.go:728.2,737.27 6 1
github.com/swarm-editor/swarm-editor/internal/swarm/orchestrator.go:737.27,739.52 2 0
github.com/swarm-editor/swarm-editor/internal/swarm/orchestrator.go:739.52,742.17 3 0
github.com/swarm-editor/swarm-editor/internal/swarm/orchestrator.go:742.17,743.33 1 0
github.com/swarm-editor/swarm-editor/internal/swarm/orchestrator.go:743.33,745.6 1 0
github.com/swarm-editor/swarm-editor/internal/swarm/orchestrator.go:747.4,750.18 2 0
github.com/swarm-editor/swarm-editor/internal/swarm/orchestrator.go:750.18,754.5 3 0
github.com/swarm-editor/swarm-editor/internal/swarm/orchestrator.go:758.2,759.15 2 1
github.com/swarm-editor/swarm-editor/internal/swarm/orchestrator.go:763.53,767.2 3 1
github.com/swarm-editor/swarm-editor/internal/swarm/orchestrator.go:770.40,776.29 5 3
github.com/swarm-editor/swarm-editor/internal/swarm/orchestrator.go:776.29,777.23 1 3
github.com/swarm-editor/swarm-editor/internal/swarm/orchestrator.go:778.24,779.10 1 3
github.com/swarm-editor/swarm-editor/internal/swarm/orchestrator.go:780.50,781.15 1 0
github.com/swarm-editor/swarm-editor/internal/swarm/orchestrator.go:785.2,794.3 1 3
github.com/swarm-editor/swarm-editor/internal/swarm/orchestrator.go:810.146,812.2 1 1
github.com/swarm-editor/swarm-editor/internal/swarm/orchestrator.go:815.116,817.2 1 0
github.com/swarm-editor/swarm-editor/internal/swarm/orchestrator.go:820.84,822.2 1 1
github.com/swarm-editor/swarm-editor/internal/swarm/orchestrator.go:825.78,827.2 1 1
github.com/swarm-editor/swarm-editor/internal/swarm/orchestrator.go:830.56,832.2 1 1
github.com/swarm-editor/swarm-editor/internal/swarm/orchestrator.go:835.66,837.2 1 1
github.com/swarm-editor/swarm-editor/internal/swarm/orchestrator.go:840.65,842.2 1 1
github.com/swarm-editor/swarm-editor/internal/swarm/orchestrator.go:845.66,847.2 1 1
github.com/swarm-editor/swarm-editor/internal/swarm/orchestrator.go:850.65,852.2 1 1
github.com/swarm-editor/swarm-editor/internal/swarm/orchestrator.go:855.55,857.2 1 1
github.com/swarm-editor/swarm-editor/internal/swarm/orchestrator.go:861.68,863.2 1 1
github.com/swarm-editor/swarm-editor/internal/swarm/orchestrator.go:867.69,871.29 4 1
github.com/swarm-editor/swarm-editor/internal/swarm/orchestrator.go:871.29,873.3 1 1
github.com/swarm-editor/swarm-editor/internal/swarm/orchestrator.go:879.72,883.14 4 12
github.com/swarm-editor/swarm-editor/internal/swarm/orchestrator.go:883.14,885.3 1 12
github.com/swarm-editor/swarm-editor/internal/swarm/orchestrator.go:886.2,890.4 1 0
github.com/swarm-editor/swarm-editor/internal/swarm/orchestrator.go:895.84,899.14 4 12
github.com/swarm-editor/swarm-editor/internal/swarm/orchestrator.go:899.14,901.3 1 12
github.com/swarm-editor/swarm-editor/internal/swarm/orchestrator.go:902.2,907.4 1 0
github.com/swarm-editor/swarm-editor/internal/swarm/orchestrator.go:911.53,913.2 1 1
github.com/swarm-editor/swarm-editor/internal/swarm/planner_worker.go:164.55,172.2 1 31
github.com/swarm-editor/swarm-editor/internal/swarm/planner_worker.go:175.106,176.21 1 31
github.com/swarm-editor/swarm-editor/internal/swarm/planner_worker.go:176.21,178.3 1 1
github.com/swarm-editor/swarm-editor/internal/swarm/planner_worker.go:180.2,188.3 1 31
github.com/swarm-editor/swarm-editor/internal/swarm/planner_worker.go:192.65,196.2 3 1
github.com/swarm-editor/swarm-editor/internal/swarm/planner_worker.go:199.114,211.2 5 7
github.com/swarm-editor/swarm-editor/internal/swarm/planner_worker.go:214.65,218.40 3 1
github.com/swarm-editor/swarm-editor/internal/swarm/planner_worker.go:218.40,221.27 2 1
github.com/swarm-editor/swarm-editor/internal/swarm/planner_worker.go:221.27,222.21 1 1
github.com/swarm-editor/swarm-editor/internal/swarm/planner_worker.go:222.21,224.10 2 1
github.com/swarm-editor/swarm-editor/internal/swarm/planner_worker.go:227.3,227.29 1 1
github.com/swarm-editor/swarm-editor/internal/swarm/planner_worker.go:232.134,235.49 2 10
github.com/swarm-editor/swarm-editor/internal/swarm/planner_worker.go:235.49,238.3 2 1
github.com/swarm-editor/swarm-editor/internal/swarm/planner_worker.go:240.2,255.30 2 9
github.com/swarm-editor/swarm-editor/internal/swarm/planner_worker.go:255.30,259.3 3 11
github.com/swarm-editor/swarm-editor/internal/swarm/planner_worker.go:261.2,266.22 4 9
github.com/swarm-editor/swarm-editor/internal/swarm/planner_worker.go:266.22,268.3 1 1
github.com/swarm-editor/swarm-editor/internal/swarm/planner_worker.go:270.2,270.18 1 9
github.com/swarm-editor/swarm-editor/internal/swarm/planner_worker.go:274.65,279.9 4 4
github.com/swarm-editor/swarm-editor/internal/swarm/planner_worker.go:279.9,281.3 1 1
github.com/swarm-editor/swarm-editor/internal/swarm/planner_worker.go:283.2,283.34 1 3
github.com/swarm-editor/swarm-editor/internal/swarm/planner_worker.go:283.34,285.3 1 1
github.com/swarm-editor/swarm-editor/internal/swarm/planner_worker.go:287.2,290.12 3 2
github.com/swarm-editor/swarm-editor/internal/swarm/planner_worker.go:294.86,297.9 3 0
github.com/swarm-editor/swarm-editor/internal/swarm/planner_worker.go:297.9,300.3 2 0
github.com/swarm-editor/swarm-editor/internal/swarm/planner_worker.go:302.2,302.37 1 0
github.com/swarm-editor/swarm-editor/internal/swarm/planner_worker.go:302.37,306.3 3 0
github.com/swarm-editor/swarm-editor/internal/swarm/planner_worker.go:308.2,314.12 5 0
github.com/swarm-editor/swarm-editor/internal/swarm/planner_worker.go:314.12,315.16 1 0
github.com/swarm-editor/swarm-editor/internal/swarm/planner_worker.go:315.16,316.32 1 0
github.com/swarm-editor/swarm-editor/internal/swarm/planner_worker.go:316.32,318.5 1 0
github.com/swarm-editor/swarm-editor/internal/swarm/planner_worker.go:319.4,319.15 1 0
github.com/swarm-editor/swarm-editor/internal/swarm/planner_worker.go:321.3,321.31 1 0
github.com/swarm-editor/swarm-editor/internal/swarm/planner_worker.go:324.2,324.12 1 0
github.com/swarm-editor/swarm-editor/internal/swarm/planner_worker.go:328.81,331.20 2 0
github.com/swarm-editor/swarm-editor/internal/swarm/planner_worker.go:331.20,334.3 2 0
github.com/swarm-editor/swarm-editor/internal/swarm/planner_worker.go:336.2,336.34 1 0
github.com/swarm-editor/swarm-editor/internal/swarm/planner_worker.go:336.34,338.10 1 0
github.com/swarm-editor/swarm-editor/internal/swarm/planner_worker.go:339.21,341.10 2 0
github.com/swarm-editor/swarm-editor/internal/swarm/planner_worker.go:342.11,342.11 0 0
github.com/swarm-editor/swarm-editor/internal/swarm/planner_worker.go:345.3,346.21 2 0
github.com/swarm-editor/swarm-editor/internal/swarm/planner_worker.go:346.21,347.12 1 0
github.com/swarm-editor/swarm-editor/internal/swarm/planner_worker.go:351.3,351.46 1 0
github.com/swarm-editor/swarm-editor/internal/swarm/planner_worker.go:351.46,353.12 2 0
github.com/swarm-editor/swarm-editor/internal/swarm/planner_worker.go:357.3,358.21 2 0
github.com/swarm-editor/swarm-editor/internal/swarm/planner_worker.go:358.21,360.12 2 0
github.com/swarm-editor/swarm-editor/internal/swarm/planner_worker.go:364.3,370.21 5 0
github.com/swarm-editor/swarm-editor/internal/swarm/planner_worker.go:370.21,372.4 1 0
github.com/swarm-editor/swarm-editor/internal/swarm/planner_worker.go:372.9,374.4 1 0
github.com/swarm-editor/swarm-editor/internal/swarm/planner_worker.go:375.3,379.24 3 0
github.com/swarm-editor/swarm-editor/internal/swarm/planner_worker.go:379.24,381.4 1 0
github.com/swarm-editor/swarm-editor/internal/swarm/planner_worker.go:385.2,387.18 3 0
github.com/swarm-editor/swarm-editor/internal/swarm/planner_worker.go:387.18,389.3 1 0
github.com/swarm-editor/swarm-editor/internal/swarm/planner_worker.go:389.8,391.3 1 0
github.com/swarm-editor/swarm-editor/internal/swarm/planner_worker.go:392.2,399.42 5 0
github.com/swarm-editor/swarm-editor/internal/swarm/planner_worker.go:399.42,402.31 2 0
github.com/swarm-editor/swarm-editor/internal/swarm/planner_worker.go:402.31,405.36 3 0
github.com/swarm-editor/swarm-editor/internal/swarm/planner_worker.go:405.36,406.10 1 0
github.com/swarm-editor/swarm-editor/internal/swarm/planner_worker.go:412.2,415.27 3 0
github.com/swarm-editor/swarm-editor/internal/swarm/planner_worker.go:415.27,417.3 1 0
github.com/swarm-editor/swarm-editor/internal/swarm/planner_worker.go:424.94,431.26 6 1
github.com/swarm-editor/swarm-editor/internal/swarm/planner_worker.go:431.26,432.15 1 8
github.com/swarm-editor/swarm-editor/internal/swarm/planner_worker.go:432.15,434.4 1 0
github.com/swarm-editor/swarm-editor/internal/swarm/planner_worker.go:435.3,435.18 1 8
github.com/swarm-editor/swarm-editor/internal/swarm/planner_worker.go:435.18,440.4 3 0
github.com/swarm-editor/swarm-editor/internal/swarm/planner_worker.go:441.3,441.18 1 8
github.com/swarm-editor/swarm-editor/internal/swarm/planner_worker.go:441.18,443.4 1 4
github.com/swarm-editor/swarm-editor/internal/swarm/planner_worker.go:444.3,446.16 3 4
github.com/swarm-editor/swarm-editor/internal/swarm/planner_worker.go:446.16,446.39 1 4
github.com/swarm-editor/swarm-editor/internal/swarm/planner_worker.go:449.3,449.45 1 4
github.com/swarm-editor/swarm-editor/internal/swarm/planner_worker.go:449.45,451.4 1 4
github.com/swarm-editor/swarm-editor/internal/swarm/planner_worker.go:453.3,453.28 1 4
github.com/swarm-editor/swarm-editor/internal/swarm/planner_worker.go:456.2,456.35 1 1
github.com/swarm-editor/swarm-editor/internal/swarm/planner_worker.go:456.35,458.3 1 4
github.com/swarm-editor/swarm-editor/internal/swarm/planner_worker.go:460.2,460.14 1 1
github.com/swarm-editor/swarm-editor/internal/swarm/planner_worker.go:460.14,464.36 2 0
github.com/swarm-editor/swarm-editor/internal/swarm/planner_worker.go:464.36,466.4 1 0
github.com/swarm-editor/swarm-editor/internal/swarm/planner_worker.go:467.3,467.93 1 0
github.com/swarm-editor/swarm-editor/internal/swarm/planner_worker.go:471.2,471.40 1 1
github.com/swarm-editor/swarm-editor/internal/swarm/planner_worker.go:471.40,474.31 3 3
github.com/swarm-editor/swarm-editor/internal/swarm/planner_worker.go:474.31,476.4 1 0
github.com/swarm-editor/swarm-editor/internal/swarm/planner_worker.go:477.3,477.37 1 3
github.com/swarm-editor/swarm-editor/internal/swarm/planner_worker.go:480.2,480.18 1 1
github.com/swarm-editor/swarm-editor/internal/swarm/planner_worker.go:485.89,488.42 3 2
github.com/swarm-editor/swarm-editor/internal/swarm/planner_worker.go:488.42,490.29 2 3
github.com/swarm-editor/swarm-editor/internal/swarm/planner_worker.go:490.29,492.4 1 1
github.com/swarm-editor/swarm-editor/internal/swarm/planner_worker.go:494.2,494.13 1 1
github.com/swarm-editor/swarm-editor/internal/swarm/planner_worker.go:498.82,499.35 1 8
github.com/swarm-editor/swarm-editor/internal/swarm/planner_worker.go:499.35,500.25 1 18
github.com/swarm-editor/swarm-editor/internal/swarm/planner_worker.go:500.25,502.4 1 7
github.com/swarm-editor/swarm-editor/internal/swarm/planner_worker.go:504.2,504.12 1 1
github.com/swarm-editor/swarm-editor/internal/swarm/planner_worker.go:508.70,512.26 3 4
github.com/swarm-editor/swarm-editor/internal/swarm/planner_worker.go:512.26,514.3 1 1
github.com/swarm-editor/swarm-editor/internal/swarm/planner_worker.go:517.2,518.25 2 3
github.com/swarm-editor/swarm-editor/internal/swarm/planner_worker.go:518.25,520.3 1 3
github.com/swarm-editor/swarm-editor/internal/swarm/planner_worker.go:523.2,524.35 2 3
github.com/swarm-editor/swarm-editor/internal/swarm/planner_worker.go:524.35,526.44 2 2
github.com/swarm-editor/swarm-editor/internal/swarm/planner_worker.go:526.44,529.19 3 1
github.com/swarm-editor/swarm-editor/internal/swarm/planner_worker.go:529.19,531.5 1 1
github.com/swarm-editor/swarm-editor/internal/swarm/planner_worker.go:532.4,532.19 1 1
github.com/swarm-editor/swarm-editor/internal/swarm/planner_worker.go:537.2,537.40 1 2
github.com/swarm-editor/swarm-editor/internal/swarm/planner_worker.go:537.40,538.29 1 2
github.com/swarm-editor/swarm-editor/internal/swarm/planner_worker.go:538.29,541.19 3 1
github.com/swarm-editor/swarm-editor/internal/swarm/planner_worker.go:541.19,543.5 1 1
github.com/swarm-editor/swarm-editor/internal/swarm/planner_worker.go:544.4,544.19 1 1
github.com/swarm-editor/swarm-editor/internal/swarm/planner_worker.go:548.2,548.11 1 1
github.com/swarm-editor/swarm-editor/internal/swarm/planner_worker.go:552.81,553.22 1 10
github.com/swarm-editor/swarm-editor/internal/swarm/planner_worker.go:554.32,555.30 1 4
github.com/swarm-editor/swarm-editor/internal/swarm/planner_worker.go:556.16,557.33 1 1
github.com/swarm-editor/swarm-editor/internal/swarm/planner_worker.go:558.14,559.31 1 2
github.com/swarm-editor/swarm-editor/internal/swarm/planner_worker.go:560.32,561.34 1 2
github.com/swarm-editor/swarm-editor/internal/swarm/planner_worker.go:562.10,563.31 1 1
github.com/swarm-editor/swarm-editor/internal/swarm/planner_worker.go:576.130,587.27 5 0
github.com/swarm-editor/swarm-editor/internal/swarm/planner_worker.go:587.27,589.3 1 0
github.com/swarm-editor/swarm-editor/internal/swarm/planner_worker.go:592.2,596.9 4 0
github.com/swarm-editor/swarm-editor/internal/swarm/planner_worker.go:596.9,601.3 4 0
github.com/swarm-editor/swarm-editor/internal/swarm/planner_worker.go:604.2,610.42 3 0
github.com/swarm-editor/swarm-editor/internal/swarm/planner_worker.go:610.42,611.47 1 0
github.com/swarm-editor/swarm-editor/internal/swarm/planner_worker.go:611.47,615.4 2 0
github.com/swarm-editor/swarm-editor/internal/swarm/planner_worker.go:617.2,629.16 7 0
github.com/swarm-editor/swarm-editor/internal/swarm/planner_worker.go:629.16,632.3 2 0
github.com/swarm-editor/swarm-editor/internal/swarm/planner_worker.go:632.8,632.30 1 0
github.com/swarm-editor/swarm-editor/internal/swarm/planner_worker.go:632.30,635.3 2 0
github.com/swarm-editor/swarm-editor/internal/swarm/planner_worker.go:638.2,641.20 4 0
github.com/swarm-editor/swarm-editor/internal/swarm/planner_worker.go:641.20,643.3 1 0
github.com/swarm-editor/swarm-editor/internal/swarm/planner_worker.go:644.2,646.15 2 0
github.com/swarm-editor/swarm-editor/internal/swarm/planner_worker.go:651.110,667.25 12 2
github.com/swarm-editor/swarm-editor/internal/swarm/planner_worker.go:667.25,671.3 3 1
github.com/swarm-editor/swarm-editor/internal/swarm/planner_worker.go:673.2,673.28 1 2
github.com/swarm-editor/swarm-editor/internal/swarm/planner_worker.go:673.28,677.3 3 1
github.com/swarm-editor/swarm-editor/internal/swarm/planner_worker.go:680.2,680.32 1 2
github.com/swarm-editor/swarm-editor/internal/swarm/planner_worker.go:680.32,682.43 2 1
github.com/swarm-editor/swarm-editor/internal/swarm/planner_worker.go:682.43,683.65 1 1
github.com/swarm-editor/swarm-editor/internal/swarm/planner_worker.go:683.65,685.5 1 1
github.com/swarm-editor/swarm-editor/internal/swarm/planner_worker.go:689.2,691.3 1 2
github.com/swarm-editor/swarm-editor/internal/swarm/planner_worker.go:695.99,699.35 3 3
github.com/swarm-editor/swarm-editor/internal/swarm/planner_worker.go:699.35,700.25 1 4
github.com/swarm-editor/swarm-editor/internal/swarm/planner_worker.go:700.25,702.9 2 2
github.com/swarm-editor/swarm-editor/internal/swarm/planner_worker.go:705.2,705.29 1 3
github.com/swarm-editor/swarm-editor/internal/swarm/planner_worker.go:709.70,713.37 3 2
github.com/swarm-editor/swarm-editor/internal/swarm/planner_worker.go:713.37,719.3 5 1
github.com/swarm-editor/swarm-editor/internal/swarm/planner_worker.go:723.69,727.9 4 2
github.com/swarm-editor/swarm-editor/internal/swarm/planner_worker.go:727.9,729.3 1 1
github.com/swarm-editor/swarm-editor/internal/swarm/planner_worker.go:730.2,730.30 1 1
github.com/swarm-editor/swarm-editor/internal/swarm/planner_worker.go:734.57,739.29 4 1
github.com/swarm-editor/swarm-editor/internal/swarm/planner_worker.go:739.29,741.3 1 0
github.com/swarm-editor/swarm-editor/internal/swarm/planner_worker.go:742.2,742.14 1 1
github.com/swarm-editor/swarm-editor/internal/swarm/planner_worker.go:746.72,751.30 4 1
github.com/swarm-editor/swarm-editor/internal/swarm/planner_worker.go:751.30,754.3 2 1
github.com/swarm-editor/swarm-editor/internal/swarm/planner_worker.go:755.2,755.15 1 1
github.com/swarm-editor/swarm-editor/internal/swarm/planner_worker.go:759.47,761.52 2 1
github.com/swarm-editor/swarm-editor/internal/swarm/planner_worker.go:761.52,763.3 1 0
github.com/swarm-editor/swarm-editor/internal/swarm/planner_worker.go:764.2,764.19 1 1
github.com/swarm-editor/swarm-editor/internal/swarm/planner_worker.go:768.41,772.2 3 1
github.com/swarm-editor/swarm-editor/internal/swarm/planner_worker.go:775.38,779.26 3 2
github.com/swarm-editor/swarm-editor/internal/swarm/planner_worker.go:779.26,781.3 1 1
github.com/swarm-editor/swarm-editor/internal/swarm/planner_worker.go:782.2,782.75 1 1
github.com/swarm-editor/swarm-editor/internal/swarm/planner_worker.go:786.33,807.32 5 1
github.com/swarm-editor/swarm-editor/internal/swarm/planner_worker.go:807.32,810.3 2 1
github.com/swarm-editor/swarm-editor/internal/swarm/planner_worker.go:812.2,814.35 3 1
github.com/swarm-editor/swarm-editor/internal/swarm/planner_worker.go:814.35,816.3 1 1
github.com/swarm-editor/swarm-editor/internal/swarm/planner_worker.go:818.2,819.30 2 1
github.com/swarm-editor/swarm-editor/internal/swarm/planner_worker.go:819.30,820.15 1 0
github.com/swarm-editor/swarm-editor/internal/swarm/planner_worker.go:820.15,823.4 2 0
github.com/swarm-editor/swarm-editor/internal/swarm/planner_worker.go:826.2,826.13 1 1
github.com/swarm-editor/swarm-editor/internal/swarm/planner_worker.go:830.67,834.2 3 1
github.com/swarm-editor/swarm-editor/internal/swarm/planner_worker.go:836.91,840.2 3 1
github.com/swarm-editor/swarm-editor/internal/swarm/planner_worker.go:842.82,846.2 3 1
github.com/swarm-editor/swarm-editor/internal/swarm/planner_worker.go:848.68,852.2 3 1
github.com/swarm-editor/swarm-editor/internal/swarm/planner_worker.go:854.30,856.2 1 11
github.com/swarm-editor/swarm-editor/internal/swarm/planner_worker.go:859.39,861.2 1 1
github.com/swarm-editor/swarm-editor/internal/swarm/propagation.go:32.83,34.2 1 1
github.com/swarm-editor/swarm-editor/internal/swarm/propagation.go:38.63,41.2 2 2
github.com/swarm-editor/swarm-editor/internal/swarm/propagation.go:45.64,46.19 1 6
github.com/swarm-editor/swarm-editor/internal/swarm/propagation.go:46.19,48.3 1 2
github.com/swarm-editor/swarm-editor/internal/swarm/propagation.go:49.2,54.3 1 6
github.com/swarm-editor/swarm-editor/internal/swarm/propagation.go:59.88,79.2 10 3
github.com/swarm-editor/swarm-editor/internal/swarm/propagation.go:83.108,84.26 1 2
github.com/swarm-editor/swarm-editor/internal/swarm/propagation.go:84.26,85.22 1 1
github.com/swarm-editor/swarm-editor/internal/swarm/propagation.go:85.23,85.24 0 1
github.com/swarm-editor/swarm-editor/internal/swarm/propagation.go:87.2,87.47 1 1
github.com/swarm-editor/swarm-editor/internal/swarm/propagation.go:91.59,94.45 3 3
github.com/swarm-editor/swarm-editor/internal/swarm/propagation.go:94.45,96.3 1 1
github.com/swarm-editor/swarm-editor/internal/swarm/propagation.go:97.2,97.48 1 2
github.com/swarm-editor/swarm-editor/internal/swarm/propagation.go:101.47,102.15 1 2
github.com/swarm-editor/swarm-editor/internal/swarm/propagation.go:102.15,104.3 1 1
github.com/swarm-editor/swarm-editor/internal/swarm/propagation.go:105.2,108.60 3 1
github.com/swarm-editor/swarm-editor/internal/swarm/ratelimit.go:24.47,31.2 1 156
github.com/swarm-editor/swarm-editor/internal/swarm/ratelimit.go:48.58,49.27 1 145
github.com/swarm-editor/swarm-editor/internal/swarm/ratelimit.go:49.27,51.3 1 5
github.com/swarm-editor/swarm-editor/internal/swarm/ratelimit.go:52.2,52.29 1 145
github.com/swarm-editor/swarm-editor/internal/swarm/ratelimit.go:52.29,54.3 1 6
github.com/swarm-editor/swarm-editor/internal/swarm/ratelimit.go:55.2,55.33 1 145
github.com/swarm-editor/swarm-editor/internal/swarm/ratelimit.go:55.33,57.3 1 4
github.com/swarm-editor/swarm-editor/internal/swarm/ratelimit.go:58.2,58.35 1 145
github.com/swarm-editor/swarm-editor/internal/swarm/ratelimit.go:58.35,60.3 1 5
github.com/swarm-editor/swarm-editor/internal/swarm/ratelimit.go:62.2,67.3 2 145
github.com/swarm-editor/swarm-editor/internal/swarm/ratelimit.go:71.70,75.14 3 7
github.com/swarm-editor/swarm-editor/internal/swarm/ratelimit.go:75.14,77.3 1 1
github.com/swarm-editor/swarm-editor/internal/swarm/ratelimit.go:78.2,78.16 1 7
github.com/swarm-editor/swarm-editor/internal/swarm/ratelimit.go:78.16,80.3 1 1
github.com/swarm-editor/swarm-editor/internal/swarm/ratelimit.go:82.2,83.62 2 7
github.com/swarm-editor/swarm-editor/internal/swarm/ratelimit.go:87.56,91.2 3 2
github.com/swarm-editor/swarm-editor/internal/swarm/ratelimit.go:94.62,96.2 1 1
github.com/swarm-editor/swarm-editor/internal/swarm/ratelimit.go:100.77,103.2 2 1
github.com/swarm-editor/swarm-editor/internal/swarm/ratelimit.go:106.41,108.2 1 13
github.com/swarm-editor/swarm-editor/internal/swarm/ratelimit.go:111.54,114.2 2 18
github.com/swarm-editor/swarm-editor/internal/swarm/ratelimit.go:117.78,122.8 4 19
github.com/swarm-editor/swarm-editor/internal/swarm/ratelimit.go:122.8,124.3 1 17
github.com/swarm-editor/swarm-editor/internal/swarm/ratelimit.go:127.2,129.43 3 2
github.com/swarm-editor/swarm-editor/internal/swarm/ratelimit.go:129.43,131.3 1 0
github.com/swarm-editor/swarm-editor/internal/swarm/ratelimit.go:133.2,136.16 4 2
github.com/swarm-editor/swarm-editor/internal/swarm/ratelimit.go:140.41,144.2 3 2
github.com/swarm-editor/swarm-editor/internal/swarm/result_cache.go:40.36,46.2 1 128
github.com/swarm-editor/swarm-editor/internal/swarm/result_cache.go:50.51,54.9 4 114
github.com/swarm-editor/swarm-editor/internal/swarm/result_cache.go:54.9,56.3 1 7
github.com/swarm-editor/swarm-editor/internal/swarm/result_cache.go:57.2,57.68 1 107
github.com/swarm-editor/swarm-editor/internal/swarm/result_cache.go:57.68,59.3 1 1
github.com/swarm-editor/swarm-editor/internal/swarm/result_cache.go:60.2,60.40 1 106
github.com/swarm-editor/swarm-editor/internal/swarm/result_cache.go:67.88,72.39 3 120
github.com/swarm-editor/swarm-editor/internal/swarm/result_cache.go:72.39,75.3 2 74
github.com/swarm-editor/swarm-editor/internal/swarm/result_cache.go:78.2,78.48 1 120
github.com/swarm-editor/swarm-editor/internal/swarm/result_cache.go:78.48,80.3 1 1
github.com/swarm-editor/swarm-editor/internal/swarm/result_cache.go:82.2,88.14 3 120
github.com/swarm-editor/swarm-editor/internal/swarm/result_cache.go:88.14,90.3 1 2
github.com/swarm-editor/swarm-editor/internal/swarm/result_cache.go:91.2,92.40 2 120
github.com/swarm-editor/swarm-editor/internal/swarm/result_cache.go:92.40,94.3 1 10
github.com/swarm-editor/swarm-editor/internal/swarm/result_cache.go:99.37,102.34 3 1
github.com/swarm-editor/swarm-editor/internal/swarm/result_cache.go:102.34,103.59 1 3
github.com/swarm-editor/swarm-editor/internal/swarm/result_cache.go:103.59,106.4 2 1
github.com/swarm-editor/swarm-editor/internal/swarm/result_cache.go:108.2,108.21 1 1
github.com/swarm-editor/swarm-editor/internal/swarm/result_cache.go:108.21,111.3 2 1
github.com/swarm-editor/swarm-editor/internal/swarm/result_cache.go:116.52,117.39 1 76
github.com/swarm-editor/swarm-editor/internal/swarm/result_cache.go:117.39,118.26 1 1
github.com/swarm-editor/swarm-editor/internal/swarm/result_cache.go:118.26,119.16 1 1
github.com/swarm-editor/swarm-editor/internal/swarm/result_cache.go:119.16,121.37 2 1
github.com/swarm-editor/swarm-editor/internal/swarm/result_cache.go:121.37,123.6 1 1
github.com/swarm-editor/swarm-editor/internal/swarm/result_cache.go:124.5,124.11 1 1
github.com/swarm-editor/swarm-editor/internal/swarm/result_cache.go:131.42,134.39 3 1
github.com/swarm-editor/swarm-editor/internal/swarm/result_cache.go:134.39,137.3 2 1
github.com/swarm-editor/swarm-editor/internal/swarm/result_cache.go:142.57,147.27 5 2
github.com/swarm-editor/swarm-editor/internal/swarm/result_cache.go:147.27,148.40 1 2
github.com/swarm-editor/swarm-editor/internal/swarm/result_cache.go:148.40,151.4 2 2
github.com/swarm-editor/swarm-editor/internal/swarm/result_cache.go:153.2,154.16 2 2
github.com/swarm-editor/swarm-editor/internal/swarm/result_cache.go:158.31,163.2 4 2
github.com/swarm-editor/swarm-editor/internal/swarm/result_cache.go:166.34,170.2 3 5
github.com/swarm-editor/swarm-editor/internal/swarm/result_cache.go:173.35,179.34 6 4
github.com/swarm-editor/swarm-editor/internal/swarm/result_cache.go:179.34,180.62 1 7
github.com/swarm-editor/swarm-editor/internal/swarm/result_cache.go:180.62,184.4 3 4
github.com/swarm-editor/swarm-editor/internal/swarm/result_cache.go:187.2,187.39 1 4
github.com/swarm-editor/swarm-editor/internal/swarm/result_cache.go:187.39,189.28 2 2
github.com/swarm-editor/swarm-editor/internal/swarm/result_cache.go:189.28,190.45 1 3
github.com/swarm-editor/swarm-editor/internal/swarm/result_cache.go:190.45,192.5 1 1
github.com/swarm-editor/swarm-editor/internal/swarm/result_cache.go:194.3,194.25 1 2
github.com/swarm-editor/swarm-editor/internal/swarm/result_cache.go:194.25,196.4 1 1
github.com/swarm-editor/swarm-editor/internal/swarm/result_cache.go:196.9,198.4 1 1
github.com/swarm-editor/swarm-editor/internal/swarm/result_cache.go:200.2,200.15 1 4
github.com/swarm-editor/swarm-editor/internal/swarm/result_cache.go:208.56,211.19 3 11
github.com/swarm-editor/swarm-editor/internal/swarm/result_cache.go:211.19,213.17 2 8
github.com/swarm-editor/swarm-editor/internal/swarm/result_cache.go:213.17,218.4 2 2
github.com/swarm-editor/swarm-editor/internal/swarm/result_cache.go:218.9,220.4 1 6
github.com/swarm-editor/swarm-editor/internal/swarm/result_cache.go:222.2,222.39 1 11
github.com/swarm-editor/swarm-editor/internal/swarm/result_cache.go:238.56,239.24 1 9
github.com/swarm-editor/swarm-editor/internal/swarm/result_cache.go:239.24,241.3 1 1
github.com/swarm-editor/swarm-editor/internal/swarm/result_cache.go:242.2,243.9 2 8
github.com/swarm-editor/swarm-editor/internal/swarm/result_cache.go:243.9,245.3 1 1
github.com/swarm-editor/swarm-editor/internal/swarm/result_cache.go:247.2,247.25 1 7
github.com/swarm-editor/swarm-editor/internal/swarm/result_cache.go:248.15,250.15 2 3
github.com/swarm-editor/swarm-editor/internal/swarm/result_cache.go:250.15,252.4 1 1
github.com/swarm-editor/swarm-editor/internal/swarm/result_cache.go:253.3,253.16 1 2
github.com/swarm-editor/swarm-editor/internal/swarm/result_cache.go:253.16,255.4 1 1
github.com/swarm-editor/swarm-editor/internal/swarm/result_cache.go:256.3,256.43 1 1
github.com/swarm-editor/swarm-editor/internal/swarm/result_cache.go:257.11,258.12 1 3
github.com/swarm-editor/swarm-editor/internal/swarm/result_cache.go:258.12,260.4 1 1
github.com/swarm-editor/swarm-editor/internal/swarm/result_cache.go:261.3,261.13 1 2
github.com/swarm-editor/swarm-editor/internal/swarm/result_cache.go:261.13,263.4 1 1
github.com/swarm-editor/swarm-editor/internal/swarm/result_cache.go:264.3,264.40 1 1
github.com/swarm-editor/swarm-editor/internal/swarm/result_cache.go:266.2,266.24 1 1
github.com/swarm-editor/swarm-editor/internal/swarm/retry_policy.go:33.42,35.2 1 6
github.com/swarm-editor/swarm-editor/internal/swarm/retry_policy.go:37.42,39.2 1 2
github.com/swarm-editor/swarm-editor/internal/swarm/retry_policy.go:42.46,44.2 1 12
github.com/swarm-editor/swarm-editor/internal/swarm/retry_policy.go:47.69,49.2 1 24
github.com/swarm-editor/swarm-editor/internal/swarm/retry_policy.go:66.39,74.2 1 10
github.com/swarm-editor/swarm-editor/internal/swarm/retry_policy.go:78.62,79.18 1 13
github.com/swarm-editor/swarm-editor/internal/swarm/retry_policy.go:79.18,81.3 1 2
github.com/swarm-editor/swarm-editor/internal/swarm/retry_policy.go:84.2,85.31 2 11
github.com/swarm-editor/swarm-editor/internal/swarm/retry_policy.go:85.31,87.41 2 6
github.com/swarm-editor/swarm-editor/internal/swarm/retry_policy.go:87.41,89.9 2 1
github.com/swarm-editor/swarm-editor/internal/swarm/retry_policy.go:95.2,95.40 1 11
github.com/swarm-editor/swarm-editor/internal/swarm/retry_policy.go:95.40,98.3 2 4
github.com/swarm-editor/swarm-editor/internal/swarm/retry_policy.go:100.2,100.29 1 11
github.com/swarm-editor/swarm-editor/internal/swarm/retry_policy.go:104.63,106.59 1 16
github.com/swarm-editor/swarm-editor/internal/swarm/retry_policy.go:106.59,108.3 1 3
github.com/swarm-editor/swarm-editor/internal/swarm/retry_policy.go:111.2,112.33 2 13
github.com/swarm-editor/swarm-editor/internal/swarm/retry_policy.go:112.33,113.65 1 11
github.com/swarm-editor/swarm-editor/internal/swarm/retry_policy.go:113.65,115.4 1 3
github.com/swarm-editor/swarm-editor/internal/swarm/retry_policy.go:116.3,116.34 1 8
github.com/swarm-editor/swarm-editor/internal/swarm/retry_policy.go:120.2,120.13 1 2
github.com/swarm-editor/swarm-editor/internal/swarm/retry_policy.go:129.58,131.2 1 5
github.com/swarm-editor/swarm-editor/internal/swarm/retry_policy.go:134.96,138.6 3 5
github.com/swarm-editor/swarm-editor/internal/swarm/retry_policy.go:138.6,141.17 3 10
github.com/swarm-editor/swarm-editor/internal/swarm/retry_policy.go:141.17,143.4 1 1
github.com/swarm-editor/swarm-editor/internal/swarm/retry_policy.go:145.3,145.42 1 9
github.com/swarm-editor/swarm-editor/internal/swarm/retry_policy.go:145.42,147.4 1 3
github.com/swarm-editor/swarm-editor/internal/swarm/retry_policy.go:149.3,153.10 4 6
github.com/swarm-editor/swarm-editor/internal/swarm/retry_policy.go:154.21,157.69 2 1
github.com/swarm-editor/swarm-editor/internal/swarm/retry_policy.go:158.18,158.18 0 5
github.com/swarm-editor/swarm-editor/internal/swarm/schedule_runner.go:73.120,82.2 1 16
github.com/swarm-editor/swarm-editor/internal/swarm/schedule_runner.go:86.40,88.39 2 3
github.com/swarm-editor/swarm-editor/internal/swarm/schedule_runner.go:88.39,91.3 2 1
github.com/swarm-editor/swarm-editor/internal/swarm/schedule_runner.go:92.2,102.12 8 2
github.com/swarm-editor/swarm-editor/internal/swarm/schedule_runner.go:107.39,109.39 2 4
github.com/swarm-editor/swarm-editor/internal/swarm/schedule_runner.go:109.39,112.3 2 2
github.com/swarm-editor/swarm-editor/internal/swarm/schedule_runner.go:113.2,114.21 2 2
github.com/swarm-editor/swarm-editor/internal/swarm/schedule_runner.go:114.21,116.3 1 2
github.com/swarm-editor/swarm-editor/internal/swarm/schedule_runner.go:117.2,117.21 1 2
github.com/swarm-editor/swarm-editor/internal/swarm/schedule_runner.go:117.21,119.3 1 2
github.com/swarm-editor/swarm-editor/internal/swarm/schedule_runner.go:120.2,130.12 7 2
github.com/swarm-editor/swarm-editor/internal/swarm/schedule_runner.go:134.56,138.2 3 3
github.com/swarm-editor/swarm-editor/internal/swarm/schedule_runner.go:141.48,145.2 3 1
github.com/swarm-editor/swarm-editor/internal/swarm/schedule_runner.go:148.47,152.39 4 2
github.com/swarm-editor/swarm-editor/internal/swarm/schedule_runner.go:152.39,154.3 1 0
github.com/swarm-editor/swarm-editor/internal/swarm/schedule_runner.go:155.2,155.14 1 2
github.com/swarm-editor/swarm-editor/internal/swarm/schedule_runner.go:159.58,164.42 4 1
github.com/swarm-editor/swarm-editor/internal/swarm/schedule_runner.go:164.42,170.3 1 0
github.com/swarm-editor/swarm-editor/internal/swarm/schedule_runner.go:172.2,173.41 2 1
github.com/swarm-editor/swarm-editor/internal/swarm/schedule_runner.go:173.41,174.24 1 0
github.com/swarm-editor/swarm-editor/internal/swarm/schedule_runner.go:174.24,179.4 1 0
github.com/swarm-editor/swarm-editor/internal/swarm/schedule_runner.go:182.2,188.3 1 1
github.com/swarm-editor/swarm-editor/internal/swarm/schedule_runner.go:192.36,195.6 2 2
github.com/swarm-editor/swarm-editor/internal/swarm/schedule_runner.go:195.6,196.10 1 2
github.com/swarm-editor/swarm-editor/internal/swarm/schedule_runner.go:197.21,198.23 1 0
github.com/swarm-editor/swarm-editor/internal/swarm/schedule_runner.go:199.19,200.10 1 2
github.com/swarm-editor/swarm-editor/internal/swarm/schedule_runner.go:206.44,210.31 3 2
github.com/swarm-editor/swarm-editor/internal/swarm/schedule_runner.go:210.31,211.18 1 2
github.com/swarm-editor/swarm-editor/internal/swarm/schedule_runner.go:211.18,212.12 1 1
github.com/swarm-editor/swarm-editor/internal/swarm/schedule_runner.go:216.3,218.17 3 1
github.com/swarm-editor/swarm-editor/internal/swarm/schedule_runner.go:218.17,220.12 2 1
github.com/swarm-editor/swarm-editor/internal/swarm/schedule_runner.go:224.3,225.23 2 0
github.com/swarm-editor/swarm-editor/internal/swarm/schedule_runner.go:225.23,226.12 1 0
github.com/swarm-editor/swarm-editor/internal/swarm/schedule_runner.go:230.3,232.48 2 0
github.com/swarm-editor/swarm-editor/internal/swarm/schedule_runner.go:232.48,234.4 1 0
github.com/swarm-editor/swarm-editor/internal/swarm/schedule_runner.go:237.3,237.32 1 0
github.com/swarm-editor/swarm-editor/internal/swarm/schedule_runner.go:237.32,239.26 2 0
github.com/swarm-editor/swarm-editor/internal/swarm/schedule_runner.go:239.26,241.5 1 0
github.com/swarm-editor/swarm-editor/internal/swarm/schedule_runner.go:243.4,243.79 1 0
github.com/swarm-editor/swarm-editor/internal/swarm/schedule_runner.go:243.79,246.13 2 0
github.com/swarm-editor/swarm-editor/internal/swarm/schedule_runner.go:250.3,250.18 1 0
github.com/swarm-editor/swarm-editor/internal/swarm/schedule_runner.go:250.18,253.12 2 0
github.com/swarm-editor/swarm-editor/internal/swarm/schedule_runner.go:257.3,257.27 1 0
github.com/swarm-editor/swarm-editor/internal/swarm/schedule_runner.go:257.27,259.12 1 0
github.com/swarm-editor/swarm-editor/internal/swarm/schedule_runner.go:263.3,264.19 2 0
github.com/swarm-editor/swarm-editor/internal/swarm/schedule_runner.go:264.19,266.4 1 0
github.com/swarm-editor/swarm-editor/internal/swarm/schedule_runner.go:267.3,267.34 1 0
github.com/swarm-editor/swarm-editor/internal/swarm/schedule_runner.go:273.65,278.18 4 4
github.com/swarm-editor/swarm-editor/internal/swarm/schedule_runner.go:278.18,280.17 2 0
github.com/swarm-editor/swarm-editor/internal/swarm/schedule_runner.go:280.17,282.4 1 0
github.com/swarm-editor/swarm-editor/internal/swarm/schedule_runner.go:285.2,287.16 2 4
github.com/swarm-editor/swarm-editor/internal/swarm/schedule_runner.go:288.28,290.14 1 1
github.com/swarm-editor/swarm-editor/internal/swarm/schedule_runner.go:292.27,293.16 1 1
github.com/swarm-editor/swarm-editor/internal/swarm/schedule_runner.go:293.16,296.45 2 1
github.com/swarm-editor/swarm-editor/internal/swarm/schedule_runner.go:296.45,298.5 1 1
github.com/swarm-editor/swarm-editor/internal/swarm/schedule_runner.go:299.4,301.16 3 1
github.com/swarm-editor/swarm-editor/internal/swarm/schedule_runner.go:303.3,303.14 1 0
github.com/swarm-editor/swarm-editor/internal/swarm/schedule_runner.go:305.31,306.16 1 2
github.com/swarm-editor/swarm-editor/internal/swarm/schedule_runner.go:306.16,308.43 1 2
github.com/swarm-editor/swarm-editor/internal/swarm/schedule_runner.go:308.43,310.21 2 1
github.com/swarm-editor/swarm-editor/internal/swarm/schedule_runner.go:310.21,312.6 1 0
github.com/swarm-editor/swarm-editor/internal/swarm/schedule_runner.go:313.5,318.75 2 1
github.com/swarm-editor/swarm-editor/internal/swarm/schedule_runner.go:320.4,320.16 1 2
github.com/swarm-editor/swarm-editor/internal/swarm/schedule_runner.go:322.3,322.14 1 0
github.com/swarm-editor/swarm-editor/internal/swarm/schedule_runner.go:325.2,325.13 1 0
github.com/swarm-editor/swarm-editor/internal/swarm/schedule_runner.go:329.84,355.21 9 2
github.com/swarm-editor/swarm-editor/internal/swarm/schedule_runner.go:355.21,357.3 1 1
github.com/swarm-editor/swarm-editor/internal/swarm/schedule_runner.go:358.2,359.21 2 2
github.com/swarm-editor/swarm-editor/internal/swarm/schedule_runner.go:359.21,361.3 1 1
github.com/swarm-editor/swarm-editor/internal/swarm/schedule_runner.go:363.2,364.53 2 2
github.com/swarm-editor/swarm-editor/internal/swarm/schedule_runner.go:364.53,365.18 1 6
github.com/swarm-editor/swarm-editor/internal/swarm/schedule_runner.go:365.18,369.4 2 4
github.com/swarm-editor/swarm-editor/internal/swarm/schedule_runner.go:371.3,375.21 4 6
github.com/swarm-editor/swarm-editor/internal/swarm/schedule_runner.go:375.21,376.9 1 0
github.com/swarm-editor/swarm-editor/internal/swarm/schedule_runner.go:381.2,383.20 3 2
github.com/swarm-editor/swarm-editor/internal/swarm/schedule_runner.go:383.20,387.3 3 2
github.com/swarm-editor/swarm-editor/internal/swarm/schedule_runner.go:389.2,391.43 3 2
github.com/swarm-editor/swarm-editor/internal/swarm/schedule_runner.go:391.43,397.3 5 2
github.com/swarm-editor/swarm-editor/internal/swarm/schedule_runner.go:398.2,405.68 4 2
github.com/swarm-editor/swarm-editor/internal/swarm/schedule_runner.go:405.68,408.42 3 0
github.com/swarm-editor/swarm-editor/internal/swarm/schedule_runner.go:408.42,410.4 1 0
github.com/swarm-editor/swarm-editor/internal/swarm/schedule_runner.go:411.3,414.39 3 0
github.com/swarm-editor/swarm-editor/internal/swarm/schedule_runner.go:415.8,417.3 1 2
github.com/swarm-editor/swarm-editor/internal/swarm/schedule_runner.go:420.2,428.4 1 2
github.com/swarm-editor/swarm-editor/internal/swarm/schedule_runner.go:432.72,435.48 3 2
github.com/swarm-editor/swarm-editor/internal/swarm/schedule_runner.go:435.48,437.3 1 1
github.com/swarm-editor/swarm-editor/internal/swarm/schedule_runner.go:441.72,444.48 3 2
github.com/swarm-editor/swarm-editor/internal/swarm/schedule_runner.go:444.48,446.3 1 1
github.com/swarm-editor/swarm-editor/internal/swarm/schedule_runner.go:450.67,451.26 1 4
github.com/swarm-editor/swarm-editor/internal/swarm/schedule_runner.go:451.26,453.3 1 4
github.com/swarm-editor/swarm-editor/internal/swarm/scheduler.go:102.37,107.2 4 140
github.com/swarm-editor/swarm-editor/internal/swarm/scheduler.go:110.37,113.23 3 105
github.com/swarm-editor/swarm-editor/internal/swarm/scheduler.go:113.23,115.3 1 104
github.com/swarm-editor/swarm-editor/internal/swarm/scheduler.go:119.35,123.2 3 250
github.com/swarm-editor/swarm-editor/internal/swarm/scheduler.go:126.46,130.2 3 15
github.com/swarm-editor/swarm-editor/internal/swarm/scheduler.go:133.47,137.2 3 5
github.com/swarm-editor/swarm-editor/internal/swarm/scheduler.go:140.48,144.13 4 5
github.com/swarm-editor/swarm-editor/internal/swarm/scheduler.go:144.13,147.3 2 2
github.com/swarm-editor/swarm-editor/internal/swarm/scheduler.go:147.8,149.3 1 3
github.com/swarm-editor/swarm-editor/internal/swarm/scheduler.go:151.2,151.22 1 5
github.com/swarm-editor/swarm-editor/internal/swarm/scheduler.go:151.22,153.3 1 5
github.com/swarm-editor/swarm-editor/internal/swarm/scheduler.go:156.2,156.29 1 5
github.com/swarm-editor/swarm-editor/internal/swarm/scheduler.go:156.29,157.14 1 0
github.com/swarm-editor/swarm-editor/internal/swarm/scheduler.go:157.14,159.4 1 0
github.com/swarm-editor/swarm-editor/internal/swarm/scheduler.go:159.9,161.4 1 0
github.com/swarm-editor/swarm-editor/internal/swarm/scheduler.go:167.38,172.29 3 104
github.com/swarm-editor/swarm-editor/internal/swarm/scheduler.go:172.29,174.3 1 2
github.com/swarm-editor/swarm-editor/internal/swarm/scheduler.go:176.2,176.31 1 102
github.com/swarm-editor/swarm-editor/internal/swarm/scheduler.go:181.41,186.15 4 17
github.com/swarm-editor/swarm-editor/internal/swarm/scheduler.go:186.15,188.3 1 11
github.com/swarm-editor/swarm-editor/internal/swarm/scheduler.go:189.2,189.19 1 6
github.com/swarm-editor/swarm-editor/internal/swarm/scheduler.go:194.67,199.15 4 1
github.com/swarm-editor/swarm-editor/internal/swarm/scheduler.go:199.15,201.3 1 1
github.com/swarm-editor/swarm-editor/internal/swarm/scheduler.go:202.2,203.15 2 0
github.com/swarm-editor/swarm-editor/internal/swarm/scheduler.go:207.69,211.29 3 43
github.com/swarm-editor/swarm-editor/internal/swarm/scheduler.go:211.29,213.3 1 0
github.com/swarm-editor/swarm-editor/internal/swarm/scheduler.go:214.2,214.46 1 43
github.com/swarm-editor/swarm-editor/internal/swarm/scheduler.go:218.41,222.2 3 66
github.com/swarm-editor/swarm-editor/internal/swarm/scheduler.go:239.90,241.36 1 136
github.com/swarm-editor/swarm-editor/internal/swarm/scheduler.go:241.36,243.3 1 128
github.com/swarm-editor/swarm-editor/internal/swarm/scheduler.go:244.2,244.29 1 136
github.com/swarm-editor/swarm-editor/internal/swarm/scheduler.go:244.29,246.3 1 131
github.com/swarm-editor/swarm-editor/internal/swarm/scheduler.go:247.2,247.28 1 136
github.com/swarm-editor/swarm-editor/internal/swarm/scheduler.go:247.28,249.3 1 134
github.com/swarm-editor/swarm-editor/internal/swarm/scheduler.go:250.2,250.38 1 136
github.com/swarm-editor/swarm-editor/internal/swarm/scheduler.go:250.38,252.3 1 127
github.com/swarm-editor/swarm-editor/internal/swarm/scheduler.go:253.2,253.35 1 136
github.com/swarm-editor/swarm-editor/internal/swarm/scheduler.go:253.35,255.3 1 135
github.com/swarm-editor/swarm-editor/internal/swarm/scheduler.go:256.2,256.35 1 136
github.com/swarm-editor/swarm-editor/internal/swarm/scheduler.go:256.35,258.3 1 136
github.com/swarm-editor/swarm-editor/internal/swarm/scheduler.go:260.2,272.3 1 136
github.com/swarm-editor/swarm-editor/internal/swarm/scheduler.go:276.54,277.18 1 5
github.com/swarm-editor/swarm-editor/internal/swarm/scheduler.go:277.18,279.3 1 2
github.com/swarm-editor/swarm-editor/internal/swarm/scheduler.go:280.2,282.23 3 3
github.com/swarm-editor/swarm-editor/internal/swarm/scheduler.go:286.49,287.18 1 44
github.com/swarm-editor/swarm-editor/internal/swarm/scheduler.go:287.18,289.3 1 1
github.com/swarm-editor/swarm-editor/internal/swarm/scheduler.go:291.2,294.29 4 43
github.com/swarm-editor/swarm-editor/internal/swarm/scheduler.go:298.50,302.2 3 1
github.com/swarm-editor/swarm-editor/internal/swarm/scheduler.go:306.56,311.34 4 1
github.com/swarm-editor/swarm-editor/internal/swarm/scheduler.go:311.34,312.30 1 0
github.com/swarm-editor/swarm-editor/internal/swarm/scheduler.go:312.30,314.4 1 0
github.com/swarm-editor/swarm-editor/internal/swarm/scheduler.go:316.2,316.14 1 1
github.com/swarm-editor/swarm-editor/internal/swarm/scheduler.go:320.69,324.2 3 1
github.com/swarm-editor/swarm-editor/internal/swarm/scheduler.go:327.62,331.2 3 1
github.com/swarm-editor/swarm-editor/internal/swarm/scheduler.go:334.54,339.15 3 7
github.com/swarm-editor/swarm-editor/internal/swarm/scheduler.go:339.15,341.3 1 1
github.com/swarm-editor/swarm-editor/internal/swarm/scheduler.go:343.2,355.12 6 6
github.com/swarm-editor/swarm-editor/internal/swarm/scheduler.go:359.28,361.16 2 7
github.com/swarm-editor/swarm-editor/internal/swarm/scheduler.go:361.16,364.3 2 1
github.com/swarm-editor/swarm-editor/internal/swarm/scheduler.go:366.2,366.21 1 6
github.com/swarm-editor/swarm-editor/internal/swarm/scheduler.go:366.21,368.3 1 6
github.com/swarm-editor/swarm-editor/internal/swarm/scheduler.go:369.2,373.13 3 6
github.com/swarm-editor/swarm-editor/internal/swarm/scheduler.go:377.50,378.17 1 26
github.com/swarm-editor/swarm-editor/internal/swarm/scheduler.go:378.17,380.3 1 1
github.com/swarm-editor/swarm-editor/internal/swarm/scheduler.go:381.2,389.12 6 25
github.com/swarm-editor/swarm-editor/internal/swarm/scheduler.go:393.99,396.16 2 3
github.com/swarm-editor/swarm-editor/internal/swarm/scheduler.go:396.16,398.3 1 0
github.com/swarm-editor/swarm-editor/internal/swarm/scheduler.go:400.2,400.23 1 3
github.com/swarm-editor/swarm-editor/internal/swarm/scheduler.go:400.23,402.31 1 0
github.com/swarm-editor/swarm-editor/internal/swarm/scheduler.go:402.31,403.43 1 0
github.com/swarm-editor/swarm-editor/internal/swarm/scheduler.go:403.43,405.5 1 0
github.com/swarm-editor/swarm-editor/internal/swarm/scheduler.go:407.3,407.23 1 0
github.com/swarm-editor/swarm-editor/internal/swarm/scheduler.go:411.2,411.43 1 3
github.com/swarm-editor/swarm-editor/internal/swarm/scheduler.go:411.43,413.3 1 0
github.com/swarm-editor/swarm-editor/internal/swarm/scheduler.go:415.2,415.27 1 3
github.com/swarm-editor/swarm-editor/internal/swarm/scheduler.go:419.37,423.6 3 6
github.com/swarm-editor/swarm-editor/internal/swarm/scheduler.go:423.6,424.10 1 7
github.com/swarm-editor/swarm-editor/internal/swarm/scheduler.go:425.23,426.10 1 6
github.com/swarm-editor/swarm-editor/internal/swarm/scheduler.go:427.19,428.20 1 1
github.com/swarm-editor/swarm-editor/internal/swarm/scheduler.go:434.36,438.56 2 4
github.com/swarm-editor/swarm-editor/internal/swarm/scheduler.go:438.56,441.3 2 1
github.com/swarm-editor/swarm-editor/internal/swarm/scheduler.go:445.2,446.19 2 3
github.com/swarm-editor/swarm-editor/internal/swarm/scheduler.go:446.19,449.3 2 2
github.com/swarm-editor/swarm-editor/internal/swarm/scheduler.go:451.2,451.21 1 1
github.com/swarm-editor/swarm-editor/internal/swarm/scheduler.go:451.21,453.18 2 1
github.com/swarm-editor/swarm-editor/internal/swarm/scheduler.go:453.18,456.4 2 0
github.com/swarm-editor/swarm-editor/internal/swarm/scheduler.go:459.3,459.34 1 1
github.com/swarm-editor/swarm-editor/internal/swarm/scheduler.go:459.34,465.12 6 0
github.com/swarm-editor/swarm-editor/internal/swarm/scheduler.go:469.3,469.36 1 1
github.com/swarm-editor/swarm-editor/internal/swarm/scheduler.go:469.36,472.12 2 0
github.com/swarm-editor/swarm-editor/internal/swarm/scheduler.go:476.3,477.23 2 1
github.com/swarm-editor/swarm-editor/internal/swarm/scheduler.go:477.23,485.37 6 1
github.com/swarm-editor/swarm-editor/internal/swarm/scheduler.go:485.37,489.13 4 0
github.com/swarm-editor/swarm-editor/internal/swarm/scheduler.go:491.4,492.12 2 1
github.com/swarm-editor/swarm-editor/internal/swarm/scheduler.go:496.3,497.26 2 0
github.com/swarm-editor/swarm-editor/internal/swarm/scheduler.go:497.26,499.78 1 0
github.com/swarm-editor/swarm-editor/internal/swarm/scheduler.go:499.78,501.5 1 0
github.com/swarm-editor/swarm-editor/internal/swarm/scheduler.go:503.3,522.25 6 0
github.com/swarm-editor/swarm-editor/internal/swarm/scheduler.go:522.25,523.56 1 0
github.com/swarm-editor/swarm-editor/internal/swarm/scheduler.go:523.56,525.5 1 0
github.com/swarm-editor/swarm-editor/internal/swarm/scheduler.go:525.10,526.34 1 0
github.com/swarm-editor/swarm-editor/internal/swarm/scheduler.go:526.34,527.67 1 0
github.com/swarm-editor/swarm-editor/internal/swarm/scheduler.go:527.67,529.12 2 0
github.com/swarm-editor/swarm-editor/internal/swarm/scheduler.go:536.3,537.26 2 0
github.com/swarm-editor/swarm-editor/internal/swarm/scheduler.go:537.26,543.4 4 0
github.com/swarm-editor/swarm-editor/internal/swarm/scheduler.go:546.3,546.64 1 0
github.com/swarm-editor/swarm-editor/internal/swarm/scheduler.go:546.64,549.4 2 0
github.com/swarm-editor/swarm-editor/internal/swarm/scheduler.go:552.3,552.18 1 0
github.com/swarm-editor/swarm-editor/internal/swarm/scheduler.go:552.18,553.17 1 0
github.com/swarm-editor/swarm-editor/internal/swarm/scheduler.go:553.17,554.33 1 0
github.com/swarm-editor/swarm-editor/internal/swarm/scheduler.go:554.33,556.6 1 0
github.com/swarm-editor/swarm-editor/internal/swarm/scheduler.go:558.4,558.28 1 0
github.com/swarm-editor/swarm-editor/internal/swarm/scheduler.go:560.3,561.9 2 0
github.com/swarm-editor/swarm-editor/internal/swarm/scheduler.go:564.2,564.15 1 1
github.com/swarm-editor/swarm-editor/internal/swarm/scheduler.go:568.66,572.34 2 9
github.com/swarm-editor/swarm-editor/internal/swarm/scheduler.go:572.34,574.28 1 17
github.com/swarm-editor/swarm-editor/internal/swarm/scheduler.go:574.28,575.12 1 0
github.com/swarm-editor/swarm-editor/internal/swarm/scheduler.go:577.3,577.45 1 17
github.com/swarm-editor/swarm-editor/internal/swarm/scheduler.go:577.45,578.12 1 4
github.com/swarm-editor/swarm-editor/internal/swarm/scheduler.go:582.3,582.29 1 13
github.com/swarm-editor/swarm-editor/internal/swarm/scheduler.go:582.29,583.70 1 2
github.com/swarm-editor/swarm-editor/internal/swarm/scheduler.go:583.70,584.45 1 2
github.com/swarm-editor/swarm-editor/internal/swarm/scheduler.go:584.45,585.14 1 1
github.com/swarm-editor/swarm-editor/internal/swarm/scheduler.go:590.3,590.41 1 12
github.com/swarm-editor/swarm-editor/internal/swarm/scheduler.go:593.2,593.26 1 9
github.com/swarm-editor/swarm-editor/internal/swarm/scheduler.go:593.26,596.3 1 2
github.com/swarm-editor/swarm-editor/internal/swarm/scheduler.go:599.2,599.38 1 7
github.com/swarm-editor/swarm-editor/internal/swarm/scheduler.go:600.22,601.41 1 2
github.com/swarm-editor/swarm-editor/internal/swarm/scheduler.go:602.18,603.40 1 0
github.com/swarm-editor/swarm-editor/internal/swarm/scheduler.go:604.20,605.48 1 1
github.com/swarm-editor/swarm-editor/internal/swarm/scheduler.go:606.21,607.14 1 4
github.com/swarm-editor/swarm-editor/internal/swarm/scheduler.go:608.10,609.40 1 4
github.com/swarm-editor/swarm-editor/internal/swarm/scheduler.go:619.66,622.34 2 2
github.com/swarm-editor/swarm-editor/internal/swarm/scheduler.go:622.34,623.30 1 2
github.com/swarm-editor/swarm-editor/internal/swarm/scheduler.go:623.30,625.4 1 0
github.com/swarm-editor/swarm-editor/internal/swarm/scheduler.go:627.2,632.16 4 2
github.com/swarm-editor/swarm-editor/internal/swarm/scheduler.go:632.16,635.3 2 2
github.com/swarm-editor/swarm-editor/internal/swarm/scheduler.go:638.2,638.34 1 0
github.com/swarm-editor/swarm-editor/internal/swarm/scheduler.go:638.34,639.64 1 0
github.com/swarm-editor/swarm-editor/internal/swarm/scheduler.go:639.64,641.4 1 0
github.com/swarm-editor/swarm-editor/internal/swarm/scheduler.go:644.2,644.12 1 0
github.com/swarm-editor/swarm-editor/internal/swarm/scheduler.go:648.73,649.22 1 5
github.com/swarm-editor/swarm-editor/internal/swarm/scheduler.go:649.22,651.3 1 1
github.com/swarm-editor/swarm-editor/internal/swarm/scheduler.go:652.2,652.41 1 4
github.com/swarm-editor/swarm-editor/internal/swarm/scheduler.go:652.41,654.3 1 5
github.com/swarm-editor/swarm-editor/internal/swarm/scheduler.go:655.2,655.32 1 4
github.com/swarm-editor/swarm-editor/internal/swarm/scheduler.go:659.72,660.22 1 3
github.com/swarm-editor/swarm-editor/internal/swarm/scheduler.go:660.22,662.3 1 1
github.com/swarm-editor/swarm-editor/internal/swarm/scheduler.go:663.2,663.41 1 2
github.com/swarm-editor/swarm-editor/internal/swarm/scheduler.go:663.41,665.3 1 3
github.com/swarm-editor/swarm-editor/internal/swarm/scheduler.go:666.2,666.32 1 2
github.com/swarm-editor/swarm-editor/internal/swarm/scheduler.go:670.86,671.22 1 3
github.com/swarm-editor/swarm-editor/internal/swarm/scheduler.go:671.22,673.3 1 1
github.com/swarm-editor/swarm-editor/internal/swarm/scheduler.go:675.2,681.31 3 2
github.com/swarm-editor/swarm-editor/internal/swarm/scheduler.go:681.31,684.3 2 5
github.com/swarm-editor/swarm-editor/internal/swarm/scheduler.go:686.2,686.41 1 2
github.com/swarm-editor/swarm-editor/internal/swarm/scheduler.go:686.41,688.3 1 3
github.com/swarm-editor/swarm-editor/internal/swarm/scheduler.go:690.2,690.38 1 2
github.com/swarm-editor/swarm-editor/internal/swarm/scheduler.go:694.72,695.22 1 7
github.com/swarm-editor/swarm-editor/internal/swarm/scheduler.go:695.22,697.3 1 1
github.com/swarm-editor/swarm-editor/internal/swarm/scheduler.go:699.2,702.31 3 6
github.com/swarm-editor/swarm-editor/internal/swarm/scheduler.go:702.31,704.23 2 11
github.com/swarm-editor/swarm-editor/internal/swarm/scheduler.go:704.23,707.4 2 7
github.com/swarm-editor/swarm-editor/internal/swarm/scheduler.go:710.2,710.21 1 6
github.com/swarm-editor/swarm-editor/internal/swarm/scheduler.go:710.21,712.3 1 6
github.com/swarm-editor/swarm-editor/internal/swarm/scheduler.go:713.2,713.32 1 0
github.com/swarm-editor/swarm-editor/internal/swarm/scheduler.go:717.84,721.68 2 10
github.com/swarm-editor/swarm-editor/internal/swarm/scheduler.go:721.68,722.42 1 4
github.com/swarm-editor/swarm-editor/internal/swarm/scheduler.go:722.42,724.4 1 3
github.com/swarm-editor/swarm-editor/internal/swarm/scheduler.go:728.2,736.14 4 10
github.com/swarm-editor/swarm-editor/internal/swarm/scheduler.go:740.70,742.2 1 9
github.com/swarm-editor/swarm-editor/internal/swarm/scheduler.go:745.59,760.20 10 0
github.com/swarm-editor/swarm-editor/internal/swarm/scheduler.go:760.20,762.3 1 0
github.com/swarm-editor/swarm-editor/internal/swarm/scheduler.go:765.2,765.35 1 0
github.com/swarm-editor/swarm-editor/internal/swarm/scheduler.go:765.35,767.29 2 0
github.com/swarm-editor/swarm-editor/internal/swarm/scheduler.go:767.29,769.4 1 0
github.com/swarm-editor/swarm-editor/internal/swarm/scheduler.go:773.2,777.35 4 0
github.com/swarm-editor/swarm-editor/internal/swarm/scheduler.go:777.35,779.25 2 0
github.com/swarm-editor/swarm-editor/internal/swarm/scheduler.go:779.25,780.17 1 0
github.com/swarm-editor/swarm-editor/internal/swarm/scheduler.go:780.17,781.33 1 0
github.com/swarm-editor/swarm-editor/internal/swarm/scheduler.go:781.33,783.6 1 0
github.com/swarm-editor/swarm-editor/internal/swarm/scheduler.go:784.5,784.14 1 0
github.com/swarm-editor/swarm-editor/internal/swarm/scheduler.go:787.4,788.18 2 0
github.com/swarm-editor/swarm-editor/internal/swarm/scheduler.go:788.18,790.5 1 0
github.com/swarm-editor/swarm-editor/internal/swarm/scheduler.go:790.10,792.5 1 0
github.com/swarm-editor/swarm-editor/internal/swarm/scheduler.go:796.2,802.25 5 0
github.com/swarm-editor/swarm-editor/internal/swarm/scheduler.go:802.25,804.3 1 0
github.com/swarm-editor/swarm-editor/internal/swarm/scheduler.go:806.2,807.24 2 0
github.com/swarm-editor/swarm-editor/internal/swarm/scheduler.go:807.24,809.3 1 0
github.com/swarm-editor/swarm-editor/internal/swarm/scheduler.go:812.2,812.35 1 0
github.com/swarm-editor/swarm-editor/internal/swarm/scheduler.go:812.35,814.3 1 0
github.com/swarm-editor/swarm-editor/internal/swarm/scheduler.go:817.2,821.48 4 0
github.com/swarm-editor/swarm-editor/internal/swarm/scheduler.go:821.48,833.36 9 0
github.com/swarm-editor/swarm-editor/internal/swarm/scheduler.go:833.36,835.4 1 0
github.com/swarm-editor/swarm-editor/internal/swarm/scheduler.go:838.3,839.44 2 0
github.com/swarm-editor/swarm-editor/internal/swarm/scheduler.go:839.44,843.36 3 0
github.com/swarm-editor/swarm-editor/internal/swarm/scheduler.go:843.36,844.70 1 0
github.com/swarm-editor/swarm-editor/internal/swarm/scheduler.go:844.70,846.11 2 0
github.com/swarm-editor/swarm-editor/internal/swarm/scheduler.go:849.4,851.24 2 0
github.com/swarm-editor/swarm-editor/internal/swarm/scheduler.go:851.24,858.12 4 0
github.com/swarm-editor/swarm-editor/internal/swarm/scheduler.go:859.25,865.23 6 0
github.com/swarm-editor/swarm-editor/internal/swarm/scheduler.go:865.23,867.7 1 0
github.com/swarm-editor/swarm-editor/internal/swarm/scheduler.go:868.6,873.29 6 0
github.com/swarm-editor/swarm-editor/internal/swarm/scheduler.go:873.29,875.7 1 0
github.com/swarm-editor/swarm-editor/internal/swarm/scheduler.go:876.6,876.12 1 0
github.com/swarm-editor/swarm-editor/internal/swarm/scheduler.go:877.20,877.20 0 0
github.com/swarm-editor/swarm-editor/internal/swarm/scheduler.go:882.5,890.40 7 0
github.com/swarm-editor/swarm-editor/internal/swarm/scheduler.go:890.40,902.27 11 0
github.com/swarm-editor/swarm-editor/internal/swarm/scheduler.go:902.27,904.7 1 0
github.com/swarm-editor/swarm-editor/internal/swarm/scheduler.go:905.6,909.12 5 0
github.com/swarm-editor/swarm-editor/internal/swarm/scheduler.go:911.5,911.108 1 0
github.com/swarm-editor/swarm-editor/internal/swarm/scheduler.go:916.3,916.49 1 0
github.com/swarm-editor/swarm-editor/internal/swarm/scheduler.go:916.49,924.11 6 0
github.com/swarm-editor/swarm-editor/internal/swarm/scheduler.go:925.24,932.22 6 0
github.com/swarm-editor/swarm-editor/internal/swarm/scheduler.go:932.22,934.6 1 0
github.com/swarm-editor/swarm-editor/internal/swarm/scheduler.go:935.5,940.28 6 0
github.com/swarm-editor/swarm-editor/internal/swarm/scheduler.go:940.28,942.6 1 0
github.com/swarm-editor/swarm-editor/internal/swarm/scheduler.go:943.5,943.11 1 0
github.com/swarm-editor/swarm-editor/internal/swarm/scheduler.go:944.19,944.19 0 0
github.com/swarm-editor/swarm-editor/internal/swarm/scheduler.go:949.4,954.10 6 0
github.com/swarm-editor/swarm-editor/internal/swarm/scheduler.go:957.2,962.35 4 0
github.com/swarm-editor/swarm-editor/internal/swarm/scheduler.go:962.35,964.3 1 0
github.com/swarm-editor/swarm-editor/internal/swarm/scheduler.go:965.2,966.28 2 0
github.com/swarm-editor/swarm-editor/internal/swarm/scheduler.go:966.28,968.3 1 0
github.com/swarm-editor/swarm-editor/internal/swarm/scheduler.go:969.2,975.19 6 0
github.com/swarm-editor/swarm-editor/internal/swarm/scheduler.go:975.19,977.3 1 0
github.com/swarm-editor/swarm-editor/internal/swarm/scheduler.go:978.8,985.26 4 0
github.com/swarm-editor/swarm-editor/internal/swarm/scheduler.go:985.26,987.4 1 0
github.com/swarm-editor/swarm-editor/internal/swarm/scheduler.go:989.3,993.24 5 0
github.com/swarm-editor/swarm-editor/internal/swarm/scheduler.go:993.24,995.4 1 0
github.com/swarm-editor/swarm-editor/internal/swarm/scheduler.go:998.2,1001.45 3 0
github.com/swarm-editor/swarm-editor/internal/swarm/scheduler.go:1001.45,1003.3 1 0
github.com/swarm-editor/swarm-editor/internal/swarm/scheduler.go:1003.8,1006.3 2 0
github.com/swarm-editor/swarm-editor/internal/swarm/scheduler.go:1008.2,1011.42 3 0
github.com/swarm-editor/swarm-editor/internal/swarm/scheduler.go:1011.42,1017.29 4 0
github.com/swarm-editor/swarm-editor/internal/swarm/scheduler.go:1017.29,1018.39 1 0
github.com/swarm-editor/swarm-editor/internal/swarm/scheduler.go:1018.39,1020.5 1 0
github.com/swarm-editor/swarm-editor/internal/swarm/scheduler.go:1020.10,1022.5 1 0
github.com/swarm-editor/swarm-editor/internal/swarm/scheduler.go:1024.3,1026.28 3 0
github.com/swarm-editor/swarm-editor/internal/swarm/scheduler.go:1028.2,1029.29 2 0
github.com/swarm-editor/swarm-editor/internal/swarm/scheduler.go:1029.29,1031.3 1 0
github.com/swarm-editor/swarm-editor/internal/swarm/scheduler.go:1035.101,1037.30 2 0
github.com/swarm-editor/swarm-editor/internal/swarm/scheduler.go:1037.30,1041.3 3 0
github.com/swarm-editor/swarm-editor/internal/swarm/scheduler.go:1044.2,1045.16 2 0
github.com/swarm-editor/swarm-editor/internal/swarm/scheduler.go:1045.16,1047.3 1 0
github.com/swarm-editor/swarm-editor/internal/swarm/scheduler.go:1050.2,1054.16 3 0
github.com/swarm-editor/swarm-editor/internal/swarm/scheduler.go:1054.16,1063.3 1 0
github.com/swarm-editor/swarm-editor/internal/swarm/scheduler.go:1068.2,1068.88 1 0
github.com/swarm-editor/swarm-editor/internal/swarm/scheduler.go:1068.88,1070.3 1 0
github.com/swarm-editor/swarm-editor/internal/swarm/scheduler.go:1072.2,1073.24 2 0
github.com/swarm-editor/swarm-editor/internal/swarm/scheduler.go:1073.24,1075.3 1 0
github.com/swarm-editor/swarm-editor/internal/swarm/scheduler.go:1077.2,1084.24 4 0
github.com/swarm-editor/swarm-editor/internal/swarm/scheduler.go:1084.24,1086.3 1 0
github.com/swarm-editor/swarm-editor/internal/swarm/scheduler.go:1088.2,1095.8 1 0
github.com/swarm-editor/swarm-editor/internal/swarm/scheduler.go:1099.64,1109.58 3 2
github.com/swarm-editor/swarm-editor/internal/swarm/scheduler.go:1109.58,1114.3 1 2
github.com/swarm-editor/swarm-editor/internal/swarm/scheduler.go:1117.2,1117.56 1 2
github.com/swarm-editor/swarm-editor/internal/swarm/scheduler.go:1117.56,1118.30 1 2
github.com/swarm-editor/swarm-editor/internal/swarm/scheduler.go:1118.30,1125.4 1 3
github.com/swarm-editor/swarm-editor/internal/swarm/scheduler.go:1128.2,1128.15 1 2
github.com/swarm-editor/swarm-editor/internal/swarm/scheduler.go:1132.85,1137.18 4 5
github.com/swarm-editor/swarm-editor/internal/swarm/scheduler.go:1137.18,1139.3 1 0
github.com/swarm-editor/swarm-editor/internal/swarm/scheduler.go:1142.2,1142.38 1 5
github.com/swarm-editor/swarm-editor/internal/swarm/scheduler.go:1146.114,1169.29 2 0
github.com/swarm-editor/swarm-editor/internal/swarm/scheduler.go:1169.29,1171.3 1 0
github.com/swarm-editor/swarm-editor/internal/swarm/scheduler.go:1172.2,1173.16 2 0
github.com/swarm-editor/swarm-editor/internal/swarm/scheduler.go:1173.16,1175.3 1 0
github.com/swarm-editor/swarm-editor/internal/swarm/scheduler.go:1178.2,1181.72 2 0
github.com/swarm-editor/swarm-editor/internal/swarm/scheduler.go:1181.72,1182.49 1 0
github.com/swarm-editor/swarm-editor/internal/swarm/scheduler.go:1182.49,1185.4 1 0
github.com/swarm-editor/swarm-editor/internal/swarm/scheduler.go:1188.2,1189.16 2 0
github.com/swarm-editor/swarm-editor/internal/swarm/scheduler.go:1189.16,1192.3 2 0
github.com/swarm-editor/swarm-editor/internal/swarm/scheduler.go:1195.2,1201.16 5 0
github.com/swarm-editor/swarm-editor/internal/swarm/scheduler.go:1201.16,1204.3 1 0
github.com/swarm-editor/swarm-editor/internal/swarm/scheduler.go:1206.2,1206.22 1 0
github.com/swarm-editor/swarm-editor/internal/swarm/scheduler.go:1223.113,1224.23 1 8
github.com/swarm-editor/swarm-editor/internal/swarm/scheduler.go:1224.23,1226.3 1 1
github.com/swarm-editor/swarm-editor/internal/swarm/scheduler.go:1229.2,1230.32 2 7
github.com/swarm-editor/swarm-editor/internal/swarm/scheduler.go:1230.32,1231.47 1 7
github.com/swarm-editor/swarm-editor/internal/swarm/scheduler.go:1231.47,1233.9 2 6
github.com/swarm-editor/swarm-editor/internal/swarm/scheduler.go:1237.2,1237.23 1 7
github.com/swarm-editor/swarm-editor/internal/swarm/scheduler.go:1237.23,1239.3 1 1
github.com/swarm-editor/swarm-editor/internal/swarm/scheduler.go:1242.2,1243.64 2 6
github.com/swarm-editor/swarm-editor/internal/swarm/scheduler.go:1243.64,1246.3 2 1
github.com/swarm-editor/swarm-editor/internal/swarm/scheduler.go:1246.8,1246.67 1 5
github.com/swarm-editor/swarm-editor/internal/swarm/scheduler.go:1246.67,1249.3 2 0
github.com/swarm-editor/swarm-editor/internal/swarm/scheduler.go:1252.2,1253.94 2 6
github.com/swarm-editor/swarm-editor/internal/swarm/scheduler.go:1253.94,1256.3 1 1
github.com/swarm-editor/swarm-editor/internal/swarm/scheduler.go:1259.2,1260.74 2 5
github.com/swarm-editor/swarm-editor/internal/swarm/scheduler.go:1260.74,1262.3 1 1
github.com/swarm-editor/swarm-editor/internal/swarm/scheduler.go:1264.2,1264.27 1 4
github.com/swarm-editor/swarm-editor/internal/swarm/scheduler.go:1264.27,1266.3 1 0
github.com/swarm-editor/swarm-editor/internal/swarm/scheduler.go:1269.2,1270.34 2 4
github.com/swarm-editor/swarm-editor/internal/swarm/scheduler.go:1270.34,1272.40 2 8
github.com/swarm-editor/swarm-editor/internal/swarm/scheduler.go:1273.15,1274.27 1 2
github.com/swarm-editor/swarm-editor/internal/swarm/scheduler.go:1275.14,1276.26 1 2
github.com/swarm-editor/swarm-editor/internal/swarm/scheduler.go:1279.3,1290.29 2 8
github.com/swarm-editor/swarm-editor/internal/swarm/scheduler.go:1290.29,1292.4 1 2
github.com/swarm-editor/swarm-editor/internal/swarm/scheduler.go:1294.3,1294.39 1 8
github.com/swarm-editor/swarm-editor/internal/swarm/scheduler.go:1297.2,1297.22 1 4
github.com/swarm-editor/swarm-editor/internal/swarm/scheduler.go:1301.58,1303.30 1 6
github.com/swarm-editor/swarm-editor/internal/swarm/scheduler.go:1303.30,1305.3 1 5
github.com/swarm-editor/swarm-editor/internal/swarm/scheduler.go:1307.2,1311.63 2 1
github.com/swarm-editor/swarm-editor/internal/swarm/scheduler.go:1311.63,1314.30 2 1
github.com/swarm-editor/swarm-editor/internal/swarm/scheduler.go:1314.30,1332.34 4 2
github.com/swarm-editor/swarm-editor/internal/swarm/scheduler.go:1332.34,1334.5 1 1
github.com/swarm-editor/swarm-editor/internal/swarm/scheduler.go:1336.4,1336.40 1 2
github.com/swarm-editor/swarm-editor/internal/swarm/scheduler.go:1340.2,1340.24 1 1
github.com/swarm-editor/swarm-editor/internal/swarm/scheduler.go:1340.24,1342.3 1 0
github.com/swarm-editor/swarm-editor/internal/swarm/scheduler.go:1344.2,1344.17 1 1
github.com/swarm-editor/swarm-editor/internal/swarm/scheduler.go:1348.54,1351.20 2 11
github.com/swarm-editor/swarm-editor/internal/swarm/scheduler.go:1351.20,1353.3 1 0
github.com/swarm-editor/swarm-editor/internal/swarm/scheduler.go:1356.2,1359.35 4 11
github.com/swarm-editor/swarm-editor/internal/swarm/scheduler.go:1359.35,1360.40 1 77
github.com/swarm-editor/swarm-editor/internal/swarm/scheduler.go:1360.40,1362.4 1 11
github.com/swarm-editor/swarm-editor/internal/swarm/scheduler.go:1365.2,1365.25 1 11
github.com/swarm-editor/swarm-editor/internal/swarm/scheduler.go:1369.63,1374.33 3 9
github.com/swarm-editor/swarm-editor/internal/swarm/scheduler.go:1374.33,1376.31 2 45
github.com/swarm-editor/swarm-editor/internal/swarm/scheduler.go:1376.31,1377.47 1 64
github.com/swarm-editor/swarm-editor/internal/swarm/scheduler.go:1377.47,1379.16 2 72
github.com/swarm-editor/swarm-editor/internal/swarm/scheduler.go:1379.16,1381.6 1 71
github.com/swarm-editor/swarm-editor/internal/swarm/scheduler.go:1384.3,1384.21 1 45
github.com/swarm-editor/swarm-editor/internal/swarm/scheduler.go:1387.2,1387.15 1 9
github.com/swarm-editor/swarm-editor/internal/swarm/scheduler.go:1391.73,1392.23 1 5
github.com/swarm-editor/swarm-editor/internal/swarm/scheduler.go:1392.23,1394.3 1 2
github.com/swarm-editor/swarm-editor/internal/swarm/scheduler.go:1396.2,1396.23 1 3
github.com/swarm-editor/swarm-editor/internal/swarm/scheduler.go:1396.23,1398.3 1 1
github.com/swarm-editor/swarm-editor/internal/swarm/scheduler.go:1401.2,1407.28 3 2
github.com/swarm-editor/swarm-editor/internal/swarm/scheduler.go:1407.28,1408.36 1 4
github.com/swarm-editor/swarm-editor/internal/swarm/scheduler.go:1408.36,1410.4 1 4
github.com/swarm-editor/swarm-editor/internal/swarm/scheduler.go:1412.2,1412.25 1 2
github.com/swarm-editor/swarm-editor/internal/swarm/scheduler.go:1412.25,1414.3 1 3
github.com/swarm-editor/swarm-editor/internal/swarm/scheduler.go:1417.2,1417.28 1 2
github.com/swarm-editor/swarm-editor/internal/swarm/scheduler.go:1417.28,1419.3 1 4
github.com/swarm-editor/swarm-editor/internal/swarm/scheduler.go:1422.2,1423.28 2 2
github.com/swarm-editor/swarm-editor/internal/swarm/scheduler.go:1423.28,1425.3 1 4
github.com/swarm-editor/swarm-editor/internal/swarm/scheduler.go:1426.2,1428.19 2 2
github.com/swarm-editor/swarm-editor/internal/swarm/scheduler.go:1432.39,1436.6 3 9
github.com/swarm-editor/swarm-editor/internal/swarm/scheduler.go:1436.6,1437.10 1 9
github.com/swarm-editor/swarm-editor/internal/swarm/scheduler.go:1438.23,1439.10 1 9
github.com/swarm-editor/swarm-editor/internal/swarm/scheduler.go:1440.19,1447.40 4 0
github.com/swarm-editor/swarm-editor/internal/swarm/scheduler.go:1447.40,1450.33 2 0
github.com/swarm-editor/swarm-editor/internal/swarm/scheduler.go:1450.33,1452.6 1 0
github.com/swarm-editor/swarm-editor/internal/swarm/scheduler.go:1453.5,1456.36 1 0
github.com/swarm-editor/swarm-editor/internal/swarm/scheduler.go:1458.4,1460.25 2 0
github.com/swarm-editor/swarm-editor/internal/swarm/scheduler.go:1460.25,1461.40 1 0
github.com/swarm-editor/swarm-editor/internal/swarm/scheduler.go:1461.40,1463.6 1 0
github.com/swarm-editor/swarm-editor/internal/swarm/scheduler.go:1470.40,1474.6 3 6
github.com/swarm-editor/swarm-editor/internal/swarm/scheduler.go:1474.6,1475.10 1 6
github.com/swarm-editor/swarm-editor/internal/swarm/scheduler.go:1476.23,1477.10 1 6
github.com/swarm-editor/swarm-editor/internal/swarm/scheduler.go:1478.19,1479.25 1 0
github.com/swarm-editor/swarm-editor/internal/swarm/scheduler.go:1485.41,1491.26 4 0
github.com/swarm-editor/swarm-editor/internal/swarm/scheduler.go:1491.26,1493.3 1 0
github.com/swarm-editor/swarm-editor/internal/swarm/scheduler.go:1496.2,1497.29 2 0
github.com/swarm-editor/swarm-editor/internal/swarm/scheduler.go:1497.29,1499.3 1 0
github.com/swarm-editor/swarm-editor/internal/swarm/scheduler.go:1502.2,1502.45 1 0
github.com/swarm-editor/swarm-editor/internal/swarm/scheduler.go:1502.45,1505.41 2 0
github.com/swarm-editor/swarm-editor/internal/swarm/scheduler.go:1505.41,1508.26 2 0
github.com/swarm-editor/swarm-editor/internal/swarm/scheduler.go:1508.26,1511.5 1 0
github.com/swarm-editor/swarm-editor/internal/swarm/scheduler.go:1517.57,1519.34 2 1
github.com/swarm-editor/swarm-editor/internal/swarm/scheduler.go:1519.34,1520.31 1 3
github.com/swarm-editor/swarm-editor/internal/swarm/scheduler.go:1520.31,1521.12 1 1
github.com/swarm-editor/swarm-editor/internal/swarm/scheduler.go:1523.3,1524.46 2 2
github.com/swarm-editor/swarm-editor/internal/swarm/scheduler.go:1524.46,1526.4 1 1
github.com/swarm-editor/swarm-editor/internal/swarm/scheduler.go:1528.2,1528.19 1 1
github.com/swarm-editor/swarm-editor/internal/swarm/scheduler.go:1532.60,1534.34 2 1
github.com/swarm-editor/swarm-editor/internal/swarm/scheduler.go:1534.34,1535.31 1 3
github.com/swarm-editor/swarm-editor/internal/swarm/scheduler.go:1535.31,1536.12 1 1
github.com/swarm-editor/swarm-editor/internal/swarm/scheduler.go:1538.3,1540.22 2 2
github.com/swarm-editor/swarm-editor/internal/swarm/scheduler.go:1540.22,1542.4 1 1
github.com/swarm-editor/swarm-editor/internal/swarm/scheduler.go:1544.2,1544.22 1 1
github.com/swarm-editor/swarm-editor/internal/swarm/scheduler.go:1548.83,1550.38 2 2
github.com/swarm-editor/swarm-editor/internal/swarm/scheduler.go:1550.38,1551.41 1 6
github.com/swarm-editor/swarm-editor/internal/swarm/scheduler.go:1551.41,1552.64 1 6
github.com/swarm-editor/swarm-editor/internal/swarm/scheduler.go:1552.64,1554.10 2 2
github.com/swarm-editor/swarm-editor/internal/swarm/scheduler.go:1558.2,1558.20 1 2
github.com/swarm-editor/swarm-editor/internal/swarm/scheduler.go:1562.106,1563.26 1 5
github.com/swarm-editor/swarm-editor/internal/swarm/scheduler.go:1563.26,1565.3 1 1
github.com/swarm-editor/swarm-editor/internal/swarm/scheduler.go:1568.2,1574.35 3 4
github.com/swarm-editor/swarm-editor/internal/swarm/scheduler.go:1574.35,1575.73 1 5
github.com/swarm-editor/swarm-editor/internal/swarm/scheduler.go:1575.73,1576.12 1 2
github.com/swarm-editor/swarm-editor/internal/swarm/scheduler.go:1579.3,1582.87 3 3
github.com/swarm-editor/swarm-editor/internal/swarm/scheduler.go:1585.2,1585.32 1 4
github.com/swarm-editor/swarm-editor/internal/swarm/scheduler.go:1585.32,1587.3 1 2
github.com/swarm-editor/swarm-editor/internal/swarm/scheduler.go:1590.2,1590.51 1 2
github.com/swarm-editor/swarm-editor/internal/swarm/scheduler.go:1590.51,1592.3 1 1
github.com/swarm-editor/swarm-editor/internal/swarm/scheduler.go:1594.2,1594.34 1 2
github.com/swarm-editor/swarm-editor/internal/swarm/scheduler.go:1598.75,1601.40 2 2
github.com/swarm-editor/swarm-editor/internal/swarm/scheduler.go:1601.40,1602.26 1 3
github.com/swarm-editor/swarm-editor/internal/swarm/scheduler.go:1602.26,1604.4 1 1
github.com/swarm-editor/swarm-editor/internal/swarm/scheduler.go:1606.2,1613.94 5 2
github.com/swarm-editor/swarm-editor/internal/swarm/scheduler.go:1617.48,1628.34 9 27
github.com/swarm-editor/swarm-editor/internal/swarm/scheduler.go:1628.34,1630.24 2 104
github.com/swarm-editor/swarm-editor/internal/swarm/scheduler.go:1630.24,1632.4 1 104
github.com/swarm-editor/swarm-editor/internal/swarm/scheduler.go:1632.9,1634.4 1 0
github.com/swarm-editor/swarm-editor/internal/swarm/scheduler.go:1636.2,1636.24 1 27
github.com/swarm-editor/swarm-editor/internal/swarm/scheduler.go:1636.24,1638.3 1 22
github.com/swarm-editor/swarm-editor/internal/swarm/scheduler.go:1640.2,1650.3 1 27
github.com/swarm-editor/swarm-editor/internal/swarm/scheduler.go:1667.63,1671.2 3 2
github.com/swarm-editor/swarm-editor/internal/swarm/scheduler.go:1674.66,1678.2 3 2
github.com/swarm-editor/swarm-editor/internal/swarm/scheduler.go:1681.73,1685.2 3 2
github.com/swarm-editor/swarm-editor/internal/swarm/scheduler.go:1688.74,1692.2 3 5
github.com/swarm-editor/swarm-editor/internal/swarm/scheduler.go:1695.58,1696.42 1 5
github.com/swarm-editor/swarm-editor/internal/swarm/scheduler.go:1696.42,1697.25 1 5
github.com/swarm-editor/swarm-editor/internal/swarm/scheduler.go:1697.25,1699.4 1 1
github.com/swarm-editor/swarm-editor/internal/swarm/scheduler.go:1701.2,1701.14 1 4
github.com/swarm-editor/swarm-editor/internal/swarm/scheduler.go:1705.53,1713.2 1 1
github.com/swarm-editor/swarm-editor/internal/swarm/scheduler.go:1717.68,1722.44 2 1
github.com/swarm-editor/swarm-editor/internal/swarm/scheduler.go:1722.44,1723.65 1 3
github.com/swarm-editor/swarm-editor/internal/swarm/scheduler.go:1723.65,1725.4 1 2
github.com/swarm-editor/swarm-editor/internal/swarm/scheduler.go:1730.2,1731.28 2 1
github.com/swarm-editor/swarm-editor/internal/swarm/scheduler.go:1731.28,1732.46 1 2
github.com/swarm-editor/swarm-editor/internal/swarm/scheduler.go:1732.46,1741.27 9 2
github.com/swarm-editor/swarm-editor/internal/swarm/scheduler.go:1741.27,1744.50 3 2
github.com/swarm-editor/swarm-editor/internal/swarm/scheduler.go:1744.50,1744.76 1 2
github.com/swarm-editor/swarm-editor/internal/swarm/scheduler.go:1748.2,1748.22 1 1
github.com/swarm-editor/swarm-editor/internal/swarm/scheduler.go:1769.93,1770.16 1 5
github.com/swarm-editor/swarm-editor/internal/swarm/scheduler.go:1770.16,1772.3 1 1
github.com/swarm-editor/swarm-editor/internal/swarm/scheduler.go:1774.2,1786.45 4 5
github.com/swarm-editor/swarm-editor/internal/swarm/scheduler.go:1786.45,1789.28 2 0
github.com/swarm-editor/swarm-editor/internal/swarm/scheduler.go:1789.28,1791.4 1 0
github.com/swarm-editor/swarm-editor/internal/swarm/scheduler.go:1792.3,1792.40 1 0
github.com/swarm-editor/swarm-editor/internal/swarm/scheduler.go:1792.40,1794.4 1 0
github.com/swarm-editor/swarm-editor/internal/swarm/scheduler.go:1795.3,1796.30 2 0
github.com/swarm-editor/swarm-editor/internal/swarm/scheduler.go:1796.30,1798.4 1 0
github.com/swarm-editor/swarm-editor/internal/swarm/scheduler.go:1802.35,1806.2 3 30
github.com/swarm-editor/swarm-editor/internal/swarm/signal.go:26.37,27.14 1 21
github.com/swarm-editor/swarm-editor/internal/swarm/signal.go:27.14,29.3 1 1
github.com/swarm-editor/swarm-editor/internal/swarm/signal.go:30.2,35.3 1 20
github.com/swarm-editor/swarm-editor/internal/swarm/signal.go:78.32,85.2 1 126
github.com/swarm-editor/swarm-editor/internal/swarm/signal.go:88.80,92.2 3 1
github.com/swarm-editor/swarm-editor/internal/swarm/signal.go:95.83,99.2 3 1
github.com/swarm-editor/swarm-editor/internal/swarm/signal.go:103.74,104.22 1 17
github.com/swarm-editor/swarm-editor/internal/swarm/signal.go:104.22,106.3 1 1
github.com/swarm-editor/swarm-editor/internal/swarm/signal.go:107.2,107.19 1 16
github.com/swarm-editor/swarm-editor/internal/swarm/signal.go:107.19,109.3 1 1
github.com/swarm-editor/swarm-editor/internal/swarm/signal.go:110.2,110.23 1 15
github.com/swarm-editor/swarm-editor/internal/swarm/signal.go:110.23,112.3 1 1
github.com/swarm-editor/swarm-editor/internal/swarm/signal.go:114.2,122.31 4 14
github.com/swarm-editor/swarm-editor/internal/swarm/signal.go:122.31,124.3 1 14
github.com/swarm-editor/swarm-editor/internal/swarm/signal.go:127.2,128.43 2 14
github.com/swarm-editor/swarm-editor/internal/swarm/signal.go:128.43,131.3 2 2
github.com/swarm-editor/swarm-editor/internal/swarm/signal.go:131.8,133.3 1 12
github.com/swarm-editor/swarm-editor/internal/swarm/signal.go:135.2,135.12 1 14
github.com/swarm-editor/swarm-editor/internal/swarm/signal.go:140.64,145.23 4 7
github.com/swarm-editor/swarm-editor/internal/swarm/signal.go:145.23,147.3 1 2
github.com/swarm-editor/swarm-editor/internal/swarm/signal.go:148.2,149.16 2 5
github.com/swarm-editor/swarm-editor/internal/swarm/signal.go:154.63,159.23 4 1
github.com/swarm-editor/swarm-editor/internal/swarm/signal.go:159.23,161.3 1 0
github.com/swarm-editor/swarm-editor/internal/swarm/signal.go:162.2,163.30 2 1
github.com/swarm-editor/swarm-editor/internal/swarm/signal.go:163.30,165.3 1 2
github.com/swarm-editor/swarm-editor/internal/swarm/signal.go:166.2,166.15 1 1
github.com/swarm-editor/swarm-editor/internal/swarm/signal.go:171.78,176.30 4 2
github.com/swarm-editor/swarm-editor/internal/swarm/signal.go:176.30,177.29 1 4
github.com/swarm-editor/swarm-editor/internal/swarm/signal.go:177.29,180.4 2 1
github.com/swarm-editor/swarm-editor/internal/swarm/signal.go:182.2,182.14 1 1
github.com/swarm-editor/swarm-editor/internal/swarm/signal.go:186.112,187.21 1 5
github.com/swarm-editor/swarm-editor/internal/swarm/signal.go:187.21,189.3 1 1
github.com/swarm-editor/swarm-editor/internal/swarm/signal.go:190.2,190.16 1 4
github.com/swarm-editor/swarm-editor/internal/swarm/signal.go:190.16,192.3 1 1
github.com/swarm-editor/swarm-editor/internal/swarm/signal.go:193.2,193.25 1 3
github.com/swarm-editor/swarm-editor/internal/swarm/signal.go:193.25,195.3 1 1
github.com/swarm-editor/swarm-editor/internal/swarm/signal.go:197.2,201.9 4 2
github.com/swarm-editor/swarm-editor/internal/swarm/signal.go:201.9,206.3 1 1
github.com/swarm-editor/swarm-editor/internal/swarm/signal.go:208.2,209.16 2 1
github.com/swarm-editor/swarm-editor/internal/swarm/signal.go:209.16,211.3 1 0
github.com/swarm-editor/swarm-editor/internal/swarm/signal.go:213.2,213.17 1 1
github.com/swarm-editor/swarm-editor/internal/swarm/signal.go:213.17,215.3 1 0
github.com/swarm-editor/swarm-editor/internal/swarm/signal.go:216.2,216.29 1 1
github.com/swarm-editor/swarm-editor/internal/swarm/signal.go:216.29,218.3 1 1
github.com/swarm-editor/swarm-editor/internal/swarm/signal.go:219.2,219.18 1 1
github.com/swarm-editor/swarm-editor/internal/swarm/signal.go:224.84,226.23 2 2
github.com/swarm-editor/swarm-editor/internal/swarm/signal.go:226.23,228.3 1 1
github.com/swarm-editor/swarm-editor/internal/swarm/signal.go:230.2,235.33 5 1
github.com/swarm-editor/swarm-editor/internal/swarm/signal.go:235.33,237.10 2 1
github.com/swarm-editor/swarm-editor/internal/swarm/signal.go:237.10,238.12 1 0
github.com/swarm-editor/swarm-editor/internal/swarm/signal.go:240.3,240.56 1 1
github.com/swarm-editor/swarm-editor/internal/swarm/signal.go:240.56,242.4 1 0
github.com/swarm-editor/swarm-editor/internal/swarm/signal.go:245.2,245.12 1 1
github.com/swarm-editor/swarm-editor/internal/swarm/signal.go:249.67,253.2 3 6
github.com/swarm-editor/swarm-editor/internal/swarm/signal.go:257.62,261.2 3 1
github.com/swarm-editor/swarm-editor/internal/swarm/signal.go:265.53,266.13 1 1
github.com/swarm-editor/swarm-editor/internal/swarm/signal.go:266.13,268.3 1 0
github.com/swarm-editor/swarm-editor/internal/swarm/signal.go:269.2,271.29 3 1
github.com/swarm-editor/swarm-editor/internal/swarm/supervisor.go:107.49,115.2 1 5
github.com/swarm-editor/swarm-editor/internal/swarm/supervisor.go:118.111,119.21 1 45
github.com/swarm-editor/swarm-editor/internal/swarm/supervisor.go:119.21,121.3 1 43
github.com/swarm-editor/swarm-editor/internal/swarm/supervisor.go:122.2,122.22 1 45
github.com/swarm-editor/swarm-editor/internal/swarm/supervisor.go:122.22,124.3 1 45
github.com/swarm-editor/swarm-editor/internal/swarm/supervisor.go:125.2,143.3 1 45
github.com/swarm-editor/swarm-editor/internal/swarm/supervisor.go:147.55,151.15 3 7
github.com/swarm-editor/swarm-editor/internal/swarm/supervisor.go:151.15,153.3 1 1
github.com/swarm-editor/swarm-editor/internal/swarm/supervisor.go:155.2,162.12 5 6
github.com/swarm-editor/swarm-editor/internal/swarm/supervisor.go:166.29,168.16 2 8
github.com/swarm-editor/swarm-editor/internal/swarm/supervisor.go:168.16,171.3 2 3
github.com/swarm-editor/swarm-editor/internal/swarm/supervisor.go:172.2,173.21 2 5
github.com/swarm-editor/swarm-editor/internal/swarm/supervisor.go:173.21,175.3 1 5
github.com/swarm-editor/swarm-editor/internal/swarm/supervisor.go:176.2,178.13 2 5
github.com/swarm-editor/swarm-editor/internal/swarm/supervisor.go:182.36,188.6 4 6
github.com/swarm-editor/swarm-editor/internal/swarm/supervisor.go:188.6,189.10 1 10
github.com/swarm-editor/swarm-editor/internal/swarm/supervisor.go:190.23,191.10 1 6
github.com/swarm-editor/swarm-editor/internal/swarm/supervisor.go:192.19,193.19 1 4
github.com/swarm-editor/swarm-editor/internal/swarm/supervisor.go:199.36,206.28 5 12
github.com/swarm-editor/swarm-editor/internal/swarm/supervisor.go:206.28,209.14 3 14
github.com/swarm-editor/swarm-editor/internal/swarm/supervisor.go:209.14,216.4 2 8
github.com/swarm-editor/swarm-editor/internal/swarm/supervisor.go:219.3,222.28 2 14
github.com/swarm-editor/swarm-editor/internal/swarm/supervisor.go:222.28,223.56 1 14
github.com/swarm-editor/swarm-editor/internal/swarm/supervisor.go:223.56,225.5 1 3
github.com/swarm-editor/swarm-editor/internal/swarm/supervisor.go:229.3,229.46 1 14
github.com/swarm-editor/swarm-editor/internal/swarm/supervisor.go:229.46,232.4 2 14
github.com/swarm-editor/swarm-editor/internal/swarm/supervisor.go:236.2,241.28 4 12
github.com/swarm-editor/swarm-editor/internal/swarm/supervisor.go:241.28,242.18 1 17
github.com/swarm-editor/swarm-editor/internal/swarm/supervisor.go:243.16,244.22 1 3
github.com/swarm-editor/swarm-editor/internal/swarm/supervisor.go:244.22,246.5 1 1
github.com/swarm-editor/swarm-editor/internal/swarm/supervisor.go:247.19,248.25 1 14
github.com/swarm-editor/swarm-editor/internal/swarm/supervisor.go:248.25,250.5 1 1
github.com/swarm-editor/swarm-editor/internal/swarm/supervisor.go:256.81,261.15 3 22
github.com/swarm-editor/swarm-editor/internal/swarm/supervisor.go:262.66,263.18 1 17
github.com/swarm-editor/swarm-editor/internal/swarm/supervisor.go:264.26,265.18 1 1
github.com/swarm-editor/swarm-editor/internal/swarm/supervisor.go:266.24,267.18 1 4
github.com/swarm-editor/swarm-editor/internal/swarm/supervisor.go:271.2,272.27 2 22
github.com/swarm-editor/swarm-editor/internal/swarm/supervisor.go:272.27,274.3 1 8
github.com/swarm-editor/swarm-editor/internal/swarm/supervisor.go:277.2,278.32 2 22
github.com/swarm-editor/swarm-editor/internal/swarm/supervisor.go:278.32,280.25 2 7
github.com/swarm-editor/swarm-editor/internal/swarm/supervisor.go:280.25,282.4 1 0
github.com/swarm-editor/swarm-editor/internal/swarm/supervisor.go:286.2,287.33 2 22
github.com/swarm-editor/swarm-editor/internal/swarm/supervisor.go:287.33,289.21 2 3
github.com/swarm-editor/swarm-editor/internal/swarm/supervisor.go:289.21,291.4 1 0
github.com/swarm-editor/swarm-editor/internal/swarm/supervisor.go:295.2,298.22 2 22
github.com/swarm-editor/swarm-editor/internal/swarm/supervisor.go:298.22,300.3 1 0
github.com/swarm-editor/swarm-editor/internal/swarm/supervisor.go:301.2,301.22 1 22
github.com/swarm-editor/swarm-editor/internal/swarm/supervisor.go:301.22,303.3 1 0
github.com/swarm-editor/swarm-editor/internal/swarm/supervisor.go:308.95,311.9 3 14
github.com/swarm-editor/swarm-editor/internal/swarm/supervisor.go:311.9,313.3 1 1
github.com/swarm-editor/swarm-editor/internal/swarm/supervisor.go:315.2,316.50 2 13
github.com/swarm-editor/swarm-editor/internal/swarm/supervisor.go:316.50,319.14 2 4
github.com/swarm-editor/swarm-editor/internal/swarm/supervisor.go:319.14,321.72 1 1
github.com/swarm-editor/swarm-editor/internal/swarm/supervisor.go:321.72,324.5 1 1
github.com/swarm-editor/swarm-editor/internal/swarm/supervisor.go:325.4,325.14 1 1
github.com/swarm-editor/swarm-editor/internal/swarm/supervisor.go:329.3,343.82 5 3
github.com/swarm-editor/swarm-editor/internal/swarm/supervisor.go:345.2,345.12 1 9
github.com/swarm-editor/swarm-editor/internal/swarm/supervisor.go:350.64,354.53 2 1
github.com/swarm-editor/swarm-editor/internal/swarm/supervisor.go:354.53,356.3 1 0
github.com/swarm-editor/swarm-editor/internal/swarm/supervisor.go:359.2,368.111 4 1
github.com/swarm-editor/swarm-editor/internal/swarm/supervisor.go:372.102,385.31 4 1028
github.com/swarm-editor/swarm-editor/internal/swarm/supervisor.go:385.31,389.3 3 5
github.com/swarm-editor/swarm-editor/internal/swarm/supervisor.go:392.2,393.24 2 1028
github.com/swarm-editor/swarm-editor/internal/swarm/supervisor.go:393.24,395.13 2 1
github.com/swarm-editor/swarm-editor/internal/swarm/supervisor.go:395.13,397.17 2 1
github.com/swarm-editor/swarm-editor/internal/swarm/supervisor.go:397.17,398.33 1 1
github.com/swarm-editor/swarm-editor/internal/swarm/supervisor.go:398.33,400.6 1 0
github.com/swarm-editor/swarm-editor/internal/swarm/supervisor.go:402.4,409.6 1 1
github.com/swarm-editor/swarm-editor/internal/swarm/supervisor.go:415.54,422.55 4 1011
github.com/swarm-editor/swarm-editor/internal/swarm/supervisor.go:422.55,427.54 3 992
github.com/swarm-editor/swarm-editor/internal/swarm/supervisor.go:427.54,431.26 3 2
github.com/swarm-editor/swarm-editor/internal/swarm/supervisor.go:431.26,432.67 1 1
github.com/swarm-editor/swarm-editor/internal/swarm/supervisor.go:432.67,434.63 2 1
github.com/swarm-editor/swarm-editor/internal/swarm/supervisor.go:434.63,436.20 2 1
github.com/swarm-editor/swarm-editor/internal/swarm/supervisor.go:436.20,437.36 1 1
github.com/swarm-editor/swarm-editor/internal/swarm/supervisor.go:437.36,439.9 1 0
github.com/swarm-editor/swarm-editor/internal/swarm/supervisor.go:441.7,441.22 1 1
github.com/swarm-editor/swarm-editor/internal/swarm/supervisor.go:445.4,445.85 1 2
github.com/swarm-editor/swarm-editor/internal/swarm/supervisor.go:451.95,456.13 4 1005
github.com/swarm-editor/swarm-editor/internal/swarm/supervisor.go:456.13,462.3 2 13
github.com/swarm-editor/swarm-editor/internal/swarm/supervisor.go:464.2,465.13 2 1005
github.com/swarm-editor/swarm-editor/internal/swarm/supervisor.go:465.13,468.3 2 503
github.com/swarm-editor/swarm-editor/internal/swarm/supervisor.go:468.8,471.3 2 502
github.com/swarm-editor/swarm-editor/internal/swarm/supervisor.go:474.2,474.22 1 1005
github.com/swarm-editor/swarm-editor/internal/swarm/supervisor.go:474.22,477.3 2 994
github.com/swarm-editor/swarm-editor/internal/swarm/supervisor.go:481.61,485.14 4 511
github.com/swarm-editor/swarm-editor/internal/swarm/supervisor.go:485.14,487.3 1 116
github.com/swarm-editor/swarm-editor/internal/swarm/supervisor.go:488.2,489.12 2 395
github.com/swarm-editor/swarm-editor/internal/swarm/supervisor.go:493.53,499.2 5 510
github.com/swarm-editor/swarm-editor/internal/swarm/supervisor.go:502.36,506.2 3 11
github.com/swarm-editor/swarm-editor/internal/swarm/supervisor.go:509.88,513.2 3 1
github.com/swarm-editor/swarm-editor/internal/swarm/supervisor.go:516.68,520.2 3 1
github.com/swarm-editor/swarm-editor/internal/swarm/supervisor.go:523.83,527.2 3 1
github.com/swarm-editor/swarm-editor/internal/swarm/supervisor.go:532.67,538.24 4 3
github.com/swarm-editor/swarm-editor/internal/swarm/supervisor.go:538.24,539.66 1 2
github.com/swarm-editor/swarm-editor/internal/swarm/supervisor.go:539.66,546.4 1 0
github.com/swarm-editor/swarm-editor/internal/swarm/supervisor.go:547.3,547.46 1 2
github.com/swarm-editor/swarm-editor/internal/swarm/supervisor.go:547.46,553.4 1 0
github.com/swarm-editor/swarm-editor/internal/swarm/supervisor.go:554.3,554.61 1 2
github.com/swarm-editor/swarm-editor/internal/swarm/supervisor.go:554.61,561.4 1 0
github.com/swarm-editor/swarm-editor/internal/swarm/supervisor.go:566.49,575.40 7 503
github.com/swarm-editor/swarm-editor/internal/swarm/supervisor.go:575.40,576.47 1 4142
github.com/swarm-editor/swarm-editor/internal/swarm/supervisor.go:576.47,578.4 1 4136
github.com/swarm-editor/swarm-editor/internal/swarm/supervisor.go:578.9,578.33 1 6
github.com/swarm-editor/swarm-editor/internal/swarm/supervisor.go:578.33,580.4 1 4
github.com/swarm-editor/swarm-editor/internal/swarm/supervisor.go:580.9,582.4 1 2
github.com/swarm-editor/swarm-editor/internal/swarm/supervisor.go:585.2,592.3 1 503
github.com/swarm-editor/swarm-editor/internal/swarm/swarm_intelligence.go:44.63,57.2 1 38
github.com/swarm-editor/swarm-editor/internal/swarm/swarm_intelligence.go:159.31,160.19 1 39
github.com/swarm-editor/swarm-editor/internal/swarm/swarm_intelligence.go:160.19,162.3 1 20
github.com/swarm-editor/swarm-editor/internal/swarm/swarm_intelligence.go:163.2,163.24 1 39
github.com/swarm-editor/swarm-editor/internal/swarm/swarm_intelligence.go:163.24,165.3 1 39
github.com/swarm-editor/swarm-editor/internal/swarm/swarm_intelligence.go:167.2,177.3 1 39
github.com/swarm-editor/swarm-editor/internal/swarm/swarm_intelligence.go:181.71,186.15 3 1
github.com/swarm-editor/swarm-editor/internal/swarm/swarm_intelligence.go:186.15,188.3 1 0
github.com/swarm-editor/swarm-editor/internal/swarm/swarm_intelligence.go:191.2,191.47 1 1
github.com/swarm-editor/swarm-editor/internal/swarm/swarm_intelligence.go:191.47,193.3 1 0
github.com/swarm-editor/swarm-editor/internal/swarm/swarm_intelligence.go:195.2,198.44 2 1
github.com/swarm-editor/swarm-editor/internal/swarm/swarm_intelligence.go:198.44,201.3 2 0
github.com/swarm-editor/swarm-editor/internal/swarm/swarm_intelligence.go:203.2,216.12 7 1
github.com/swarm-editor/swarm-editor/internal/swarm/swarm_intelligence.go:220.45,222.16 2 1
github.com/swarm-editor/swarm-editor/internal/swarm/swarm_intelligence.go:222.16,225.3 2 0
github.com/swarm-editor/swarm-editor/internal/swarm/swarm_intelligence.go:226.2,227.21 2 1
github.com/swarm-editor/swarm-editor/internal/swarm/swarm_intelligence.go:227.21,229.3 1 1
github.com/swarm-editor/swarm-editor/internal/swarm/swarm_intelligence.go:230.2,234.17 4 1
github.com/swarm-editor/swarm-editor/internal/swarm/swarm_intelligence.go:238.66,240.12 2 23
github.com/swarm-editor/swarm-editor/internal/swarm/swarm_intelligence.go:240.12,242.16 2 23
github.com/swarm-editor/swarm-editor/internal/swarm/swarm_intelligence.go:242.16,243.32 1 23
github.com/swarm-editor/swarm-editor/internal/swarm/swarm_intelligence.go:243.32,245.5 1 0
github.com/swarm-editor/swarm-editor/internal/swarm/swarm_intelligence.go:247.3,247.44 1 23
github.com/swarm-editor/swarm-editor/internal/swarm/swarm_intelligence.go:247.44,249.4 1 1
github.com/swarm-editor/swarm-editor/internal/swarm/swarm_intelligence.go:254.60,272.2 6 1
github.com/swarm-editor/swarm-editor/internal/swarm/swarm_intelligence.go:275.92,279.30 3 1
github.com/swarm-editor/swarm-editor/internal/swarm/swarm_intelligence.go:279.30,281.3 1 2
github.com/swarm-editor/swarm-editor/internal/swarm/swarm_intelligence.go:282.2,290.50 7 1
github.com/swarm-editor/swarm-editor/internal/swarm/swarm_intelligence.go:290.50,293.3 2 1
github.com/swarm-editor/swarm-editor/internal/swarm/swarm_intelligence.go:294.2,296.23 2 1
github.com/swarm-editor/swarm-editor/internal/swarm/swarm_intelligence.go:296.23,298.3 1 0
github.com/swarm-editor/swarm-editor/internal/swarm/swarm_intelligence.go:301.2,301.60 1 1
github.com/swarm-editor/swarm-editor/internal/swarm/swarm_intelligence.go:301.60,303.3 1 0
github.com/swarm-editor/swarm-editor/internal/swarm/swarm_intelligence.go:306.2,306.27 1 1
github.com/swarm-editor/swarm-editor/internal/swarm/swarm_intelligence.go:306.27,308.3 1 1
github.com/swarm-editor/swarm-editor/internal/swarm/swarm_intelligence.go:311.2,311.45 1 0
github.com/swarm-editor/swarm-editor/internal/swarm/swarm_intelligence.go:315.172,324.31 3 1
github.com/swarm-editor/swarm-editor/internal/swarm/swarm_intelligence.go:324.31,330.16 4 2
github.com/swarm-editor/swarm-editor/internal/swarm/swarm_intelligence.go:330.16,332.4 1 0
github.com/swarm-editor/swarm-editor/internal/swarm/swarm_intelligence.go:334.3,339.4 1 2
github.com/swarm-editor/swarm-editor/internal/swarm/swarm_intelligence.go:343.2,343.41 1 1
github.com/swarm-editor/swarm-editor/internal/swarm/swarm_intelligence.go:343.41,345.3 1 1
github.com/swarm-editor/swarm-editor/internal/swarm/swarm_intelligence.go:348.2,348.22 1 1
github.com/swarm-editor/swarm-editor/internal/swarm/swarm_intelligence.go:348.22,350.3 1 0
github.com/swarm-editor/swarm-editor/internal/swarm/swarm_intelligence.go:351.2,351.38 1 1
github.com/swarm-editor/swarm-editor/internal/swarm/swarm_intelligence.go:355.104,368.27 2 3
github.com/swarm-editor/swarm-editor/internal/swarm/swarm_intelligence.go:368.27,370.3 1 6
github.com/swarm-editor/swarm-editor/internal/swarm/swarm_intelligence.go:372.2,389.16 11 3
github.com/swarm-editor/swarm-editor/internal/swarm/swarm_intelligence.go:389.16,390.10 1 0
github.com/swarm-editor/swarm-editor/internal/swarm/swarm_intelligence.go:391.22,391.22 0 0
github.com/swarm-editor/swarm-editor/internal/swarm/swarm_intelligence.go:392.21,397.14 4 0
github.com/swarm-editor/swarm-editor/internal/swarm/swarm_intelligence.go:399.8,401.3 1 3
github.com/swarm-editor/swarm-editor/internal/swarm/swarm_intelligence.go:404.2,407.32 3 3
github.com/swarm-editor/swarm-editor/internal/swarm/swarm_intelligence.go:407.32,411.3 2 2
github.com/swarm-editor/swarm-editor/internal/swarm/swarm_intelligence.go:414.2,415.39 2 1
github.com/swarm-editor/swarm-editor/internal/swarm/swarm_intelligence.go:415.39,416.50 1 1
github.com/swarm-editor/swarm-editor/internal/swarm/swarm_intelligence.go:416.50,418.4 1 1
github.com/swarm-editor/swarm-editor/internal/swarm/swarm_intelligence.go:421.2,421.20 1 1
github.com/swarm-editor/swarm-editor/internal/swarm/swarm_intelligence.go:421.20,424.3 2 0
github.com/swarm-editor/swarm-editor/internal/swarm/swarm_intelligence.go:427.2,427.31 1 1
github.com/swarm-editor/swarm-editor/internal/swarm/swarm_intelligence.go:427.31,428.34 1 2
github.com/swarm-editor/swarm-editor/internal/swarm/swarm_intelligence.go:428.34,434.4 4 1
github.com/swarm-editor/swarm-editor/internal/swarm/swarm_intelligence.go:438.2,439.12 2 0
github.com/swarm-editor/swarm-editor/internal/swarm/swarm_intelligence.go:443.88,458.51 5 4
github.com/swarm-editor/swarm-editor/internal/swarm/swarm_intelligence.go:458.51,464.27 3 8
github.com/swarm-editor/swarm-editor/internal/swarm/swarm_intelligence.go:464.27,465.17 1 8
github.com/swarm-editor/swarm-editor/internal/swarm/swarm_intelligence.go:465.17,466.33 1 8
github.com/swarm-editor/swarm-editor/internal/swarm/swarm_intelligence.go:466.33,468.6 1 0
github.com/swarm-editor/swarm-editor/internal/swarm/swarm_intelligence.go:469.5,469.16 1 8
github.com/swarm-editor/swarm-editor/internal/swarm/swarm_intelligence.go:472.4,472.18 1 8
github.com/swarm-editor/swarm-editor/internal/swarm/swarm_intelligence.go:472.18,473.12 1 0
github.com/swarm-editor/swarm-editor/internal/swarm/swarm_intelligence.go:474.23,475.12 1 0
github.com/swarm-editor/swarm-editor/internal/swarm/swarm_intelligence.go:476.13,476.13 0 0
github.com/swarm-editor/swarm-editor/internal/swarm/swarm_intelligence.go:479.4,479.43 1 8
github.com/swarm-editor/swarm-editor/internal/swarm/swarm_intelligence.go:479.43,481.5 1 4
github.com/swarm-editor/swarm-editor/internal/swarm/swarm_intelligence.go:487.86,492.9 4 3
github.com/swarm-editor/swarm-editor/internal/swarm/swarm_intelligence.go:492.9,494.3 1 0
github.com/swarm-editor/swarm-editor/internal/swarm/swarm_intelligence.go:496.2,496.37 1 3
github.com/swarm-editor/swarm-editor/internal/swarm/swarm_intelligence.go:496.37,498.3 1 0
github.com/swarm-editor/swarm-editor/internal/swarm/swarm_intelligence.go:500.2,500.44 1 3
github.com/swarm-editor/swarm-editor/internal/swarm/swarm_intelligence.go:500.44,503.3 2 0
github.com/swarm-editor/swarm-editor/internal/swarm/swarm_intelligence.go:505.2,510.12 4 3
github.com/swarm-editor/swarm-editor/internal/swarm/swarm_intelligence.go:514.80,517.18 2 6
github.com/swarm-editor/swarm-editor/internal/swarm/swarm_intelligence.go:517.18,519.3 1 6
github.com/swarm-editor/swarm-editor/internal/swarm/swarm_intelligence.go:522.2,525.51 2 6
github.com/swarm-editor/swarm-editor/internal/swarm/swarm_intelligence.go:525.51,526.43 1 1
github.com/swarm-editor/swarm-editor/internal/swarm/swarm_intelligence.go:526.43,528.4 1 1
github.com/swarm-editor/swarm-editor/internal/swarm/swarm_intelligence.go:531.2,531.14 1 6
github.com/swarm-editor/swarm-editor/internal/swarm/swarm_intelligence.go:536.74,540.2 3 2
github.com/swarm-editor/swarm-editor/internal/swarm/swarm_intelligence.go:543.95,547.35 3 16
github.com/swarm-editor/swarm-editor/internal/swarm/swarm_intelligence.go:547.35,549.3 1 6
github.com/swarm-editor/swarm-editor/internal/swarm/swarm_intelligence.go:552.2,553.14 2 16
github.com/swarm-editor/swarm-editor/internal/swarm/swarm_intelligence.go:553.14,555.3 1 2
github.com/swarm-editor/swarm-editor/internal/swarm/swarm_intelligence.go:558.2,560.18 3 16
github.com/swarm-editor/swarm-editor/internal/swarm/swarm_intelligence.go:560.18,562.3 1 1
github.com/swarm-editor/swarm-editor/internal/swarm/swarm_intelligence.go:563.2,575.18 3 16
github.com/swarm-editor/swarm-editor/internal/swarm/swarm_intelligence.go:579.65,585.6 4 1
github.com/swarm-editor/swarm-editor/internal/swarm/swarm_intelligence.go:585.6,586.10 1 2
github.com/swarm-editor/swarm-editor/internal/swarm/swarm_intelligence.go:587.23,588.10 1 1
github.com/swarm-editor/swarm-editor/internal/swarm/swarm_intelligence.go:589.19,590.27 1 1
github.com/swarm-editor/swarm-editor/internal/swarm/swarm_intelligence.go:596.60,600.45 3 2
github.com/swarm-editor/swarm-editor/internal/swarm/swarm_intelligence.go:600.45,601.41 1 1
github.com/swarm-editor/swarm-editor/internal/swarm/swarm_intelligence.go:601.41,603.26 2 1
github.com/swarm-editor/swarm-editor/internal/swarm/swarm_intelligence.go:603.26,605.5 1 0
github.com/swarm-editor/swarm-editor/internal/swarm/swarm_intelligence.go:605.10,607.5 1 1
github.com/swarm-editor/swarm-editor/internal/swarm/swarm_intelligence.go:610.3,610.23 1 1
github.com/swarm-editor/swarm-editor/internal/swarm/swarm_intelligence.go:610.23,612.4 1 0
github.com/swarm-editor/swarm-editor/internal/swarm/swarm_intelligence.go:617.63,623.6 4 1
github.com/swarm-editor/swarm-editor/internal/swarm/swarm_intelligence.go:623.6,624.10 1 1
github.com/swarm-editor/swarm-editor/internal/swarm/swarm_intelligence.go:625.23,626.10 1 1
github.com/swarm-editor/swarm-editor/internal/swarm/swarm_intelligence.go:627.19,628.29 1 0
github.com/swarm-editor/swarm-editor/internal/swarm/swarm_intelligence.go:634.62,643.29 6 1
github.com/swarm-editor/swarm-editor/internal/swarm/swarm_intelligence.go:643.29,645.3 1 1
github.com/swarm-editor/swarm-editor/internal/swarm/swarm_intelligence.go:648.2,649.30 2 1
github.com/swarm-editor/swarm-editor/internal/swarm/swarm_intelligence.go:649.30,651.3 1 0
github.com/swarm-editor/swarm-editor/internal/swarm/swarm_intelligence.go:654.2,655.26 2 1
github.com/swarm-editor/swarm-editor/internal/swarm/swarm_intelligence.go:655.26,657.3 1 0
github.com/swarm-editor/swarm-editor/internal/swarm/swarm_intelligence.go:660.2,661.26 2 1
github.com/swarm-editor/swarm-editor/internal/swarm/swarm_intelligence.go:661.26,663.3 1 0
github.com/swarm-editor/swarm-editor/internal/swarm/swarm_intelligence.go:666.2,667.29 2 1
github.com/swarm-editor/swarm-editor/internal/swarm/swarm_intelligence.go:667.29,669.3 1 0
github.com/swarm-editor/swarm-editor/internal/swarm/swarm_intelligence.go:672.2,672.21 1 1
github.com/swarm-editor/swarm-editor/internal/swarm/swarm_intelligence.go:676.102,681.33 4 2
github.com/swarm-editor/swarm-editor/internal/swarm/swarm_intelligence.go:681.33,684.30 2 8
github.com/swarm-editor/swarm-editor/internal/swarm/swarm_intelligence.go:684.30,686.4 1 8
github.com/swarm-editor/swarm-editor/internal/swarm/swarm_intelligence.go:686.9,688.4 1 0
github.com/swarm-editor/swarm-editor/internal/swarm/swarm_intelligence.go:689.3,690.21 2 8
github.com/swarm-editor/swarm-editor/internal/swarm/swarm_intelligence.go:690.21,692.4 1 2
github.com/swarm-editor/swarm-editor/internal/swarm/swarm_intelligence.go:693.3,693.42 1 8
github.com/swarm-editor/swarm-editor/internal/swarm/swarm_intelligence.go:693.42,695.4 1 8
github.com/swarm-editor/swarm-editor/internal/swarm/swarm_intelligence.go:698.2,698.22 1 2
github.com/swarm-editor/swarm-editor/internal/swarm/swarm_intelligence.go:698.22,700.3 1 2
github.com/swarm-editor/swarm-editor/internal/swarm/swarm_intelligence.go:703.2,703.81 1 2
github.com/swarm-editor/swarm-editor/internal/swarm/swarm_intelligence.go:703.81,712.3 1 2
github.com/swarm-editor/swarm-editor/internal/swarm/swarm_intelligence.go:714.2,714.12 1 0
github.com/swarm-editor/swarm-editor/internal/swarm/swarm_intelligence.go:718.74,735.34 11 2
github.com/swarm-editor/swarm-editor/internal/swarm/swarm_intelligence.go:735.34,738.38 2 2
github.com/swarm-editor/swarm-editor/internal/swarm/swarm_intelligence.go:738.38,739.28 1 8
github.com/swarm-editor/swarm-editor/internal/swarm/swarm_intelligence.go:739.28,741.5 1 3
github.com/swarm-editor/swarm-editor/internal/swarm/swarm_intelligence.go:744.3,744.27 1 2
github.com/swarm-editor/swarm-editor/internal/swarm/swarm_intelligence.go:744.27,753.4 1 1
github.com/swarm-editor/swarm-editor/internal/swarm/swarm_intelligence.go:756.2,756.12 1 1
github.com/swarm-editor/swarm-editor/internal/swarm/swarm_intelligence.go:760.108,761.22 1 1
github.com/swarm-editor/swarm-editor/internal/swarm/swarm_intelligence.go:761.22,763.3 1 0
github.com/swarm-editor/swarm-editor/internal/swarm/swarm_intelligence.go:766.2,770.32 4 1
github.com/swarm-editor/swarm-editor/internal/swarm/swarm_intelligence.go:770.32,772.16 2 5
github.com/swarm-editor/swarm-editor/internal/swarm/swarm_intelligence.go:772.16,774.4 1 0
github.com/swarm-editor/swarm-editor/internal/swarm/swarm_intelligence.go:774.9,774.41 1 5
github.com/swarm-editor/swarm-editor/internal/swarm/swarm_intelligence.go:774.41,776.4 1 5
github.com/swarm-editor/swarm-editor/internal/swarm/swarm_intelligence.go:776.9,778.4 1 0
github.com/swarm-editor/swarm-editor/internal/swarm/swarm_intelligence.go:781.2,786.80 3 1
github.com/swarm-editor/swarm-editor/internal/swarm/swarm_intelligence.go:786.80,788.34 2 0
github.com/swarm-editor/swarm-editor/internal/swarm/swarm_intelligence.go:788.34,789.68 1 0
github.com/swarm-editor/swarm-editor/internal/swarm/swarm_intelligence.go:789.68,791.5 1 0
github.com/swarm-editor/swarm-editor/internal/swarm/swarm_intelligence.go:794.3,803.4 1 0
github.com/swarm-editor/swarm-editor/internal/swarm/swarm_intelligence.go:806.2,806.12 1 1
github.com/swarm-editor/swarm-editor/internal/swarm/swarm_intelligence.go:810.70,825.49 5 1
github.com/swarm-editor/swarm-editor/internal/swarm/swarm_intelligence.go:825.49,826.26 1 0
github.com/swarm-editor/swarm-editor/internal/swarm/swarm_intelligence.go:826.26,827.12 1 0
github.com/swarm-editor/swarm-editor/internal/swarm/swarm_intelligence.go:831.3,832.45 2 0
github.com/swarm-editor/swarm-editor/internal/swarm/swarm_intelligence.go:832.45,833.43 1 0
github.com/swarm-editor/swarm-editor/internal/swarm/swarm_intelligence.go:833.43,835.5 1 0
github.com/swarm-editor/swarm-editor/internal/swarm/swarm_intelligence.go:838.3,838.23 1 0
github.com/swarm-editor/swarm-editor/internal/swarm/swarm_intelligence.go:838.23,841.29 2 0
github.com/swarm-editor/swarm-editor/internal/swarm/swarm_intelligence.go:841.29,842.46 1 0
github.com/swarm-editor/swarm-editor/internal/swarm/swarm_intelligence.go:842.46,844.69 2 0
github.com/swarm-editor/swarm-editor/internal/swarm/swarm_intelligence.go:844.69,846.7 1 0
github.com/swarm-editor/swarm-editor/internal/swarm/swarm_intelligence.go:847.6,847.23 1 0
github.com/swarm-editor/swarm-editor/internal/swarm/swarm_intelligence.go:851.4,851.39 1 0
github.com/swarm-editor/swarm-editor/internal/swarm/swarm_intelligence.go:851.39,858.5 1 0
github.com/swarm-editor/swarm-editor/internal/swarm/swarm_intelligence.go:862.2,862.24 1 1
github.com/swarm-editor/swarm-editor/internal/swarm/swarm_intelligence.go:862.24,864.45 1 0
github.com/swarm-editor/swarm-editor/internal/swarm/swarm_intelligence.go:864.45,866.4 1 0
github.com/swarm-editor/swarm-editor/internal/swarm/swarm_intelligence.go:868.3,878.4 2 0
github.com/swarm-editor/swarm-editor/internal/swarm/swarm_intelligence.go:881.2,881.12 1 1
github.com/swarm-editor/swarm-editor/internal/swarm/swarm_intelligence.go:885.73,896.48 7 1
github.com/swarm-editor/swarm-editor/internal/swarm/swarm_intelligence.go:896.48,899.35 2 0
github.com/swarm-editor/swarm-editor/internal/swarm/swarm_intelligence.go:899.35,901.75 2 0
github.com/swarm-editor/swarm-editor/internal/swarm/swarm_intelligence.go:901.75,902.30 1 0
github.com/swarm-editor/swarm-editor/internal/swarm/swarm_intelligence.go:902.30,904.6 1 0
github.com/swarm-editor/swarm-editor/internal/swarm/swarm_intelligence.go:908.4,908.26 1 0
github.com/swarm-editor/swarm-editor/internal/swarm/swarm_intelligence.go:908.26,910.5 1 0
github.com/swarm-editor/swarm-editor/internal/swarm/swarm_intelligence.go:912.3,912.20 1 0
github.com/swarm-editor/swarm-editor/internal/swarm/swarm_intelligence.go:915.2,915.44 1 1
github.com/swarm-editor/swarm-editor/internal/swarm/swarm_intelligence.go:915.44,926.3 1 0
github.com/swarm-editor/swarm-editor/internal/swarm/swarm_intelligence.go:928.2,928.12 1 1
github.com/swarm-editor/swarm-editor/internal/swarm/swarm_intelligence.go:932.75,947.2 5 2
github.com/swarm-editor/swarm-editor/internal/swarm/swarm_intelligence.go:950.56,955.36 4 2
github.com/swarm-editor/swarm-editor/internal/swarm/swarm_intelligence.go:955.36,956.38 1 3
github.com/swarm-editor/swarm-editor/internal/swarm/swarm_intelligence.go:956.38,958.4 1 1
github.com/swarm-editor/swarm-editor/internal/swarm/swarm_intelligence.go:963.69,968.32 4 5
github.com/swarm-editor/swarm-editor/internal/swarm/swarm_intelligence.go:968.32,971.24 2 4
github.com/swarm-editor/swarm-editor/internal/swarm/swarm_intelligence.go:971.24,974.4 2 1
github.com/swarm-editor/swarm-editor/internal/swarm/swarm_intelligence.go:975.3,975.26 1 4
github.com/swarm-editor/swarm-editor/internal/swarm/swarm_intelligence.go:975.26,978.4 2 0
github.com/swarm-editor/swarm-editor/internal/swarm/swarm_intelligence.go:979.3,979.38 1 4
github.com/swarm-editor/swarm-editor/internal/swarm/swarm_intelligence.go:983.2,983.42 1 5
github.com/swarm-editor/swarm-editor/internal/swarm/swarm_intelligence.go:983.42,985.3 1 0
github.com/swarm-editor/swarm-editor/internal/swarm/swarm_intelligence.go:987.2,987.16 1 5
github.com/swarm-editor/swarm-editor/internal/swarm/swarm_intelligence.go:992.77,994.51 2 4
github.com/swarm-editor/swarm-editor/internal/swarm/swarm_intelligence.go:994.51,996.3 1 1
github.com/swarm-editor/swarm-editor/internal/swarm/swarm_intelligence.go:999.2,999.32 1 3
github.com/swarm-editor/swarm-editor/internal/swarm/swarm_intelligence.go:999.32,1001.62 2 1
github.com/swarm-editor/swarm-editor/internal/swarm/swarm_intelligence.go:1001.62,1003.4 1 0
github.com/swarm-editor/swarm-editor/internal/swarm/swarm_intelligence.go:1004.3,1004.47 1 1
github.com/swarm-editor/swarm-editor/internal/swarm/swarm_intelligence.go:1007.2,1007.12 1 2
github.com/swarm-editor/swarm-editor/internal/swarm/swarm_intelligence.go:1010.80,1012.51 2 1
github.com/swarm-editor/swarm-editor/internal/swarm/swarm_intelligence.go:1012.51,1014.3 1 0
github.com/swarm-editor/swarm-editor/internal/swarm/swarm_intelligence.go:1017.2,1019.35 3 1
github.com/swarm-editor/swarm-editor/internal/swarm/swarm_intelligence.go:1019.35,1020.62 1 0
github.com/swarm-editor/swarm-editor/internal/swarm/swarm_intelligence.go:1020.62,1022.4 1 0
github.com/swarm-editor/swarm-editor/internal/swarm/swarm_intelligence.go:1024.2,1027.22 2 1
github.com/swarm-editor/swarm-editor/internal/swarm/swarm_intelligence.go:1027.22,1036.3 2 0
github.com/swarm-editor/swarm-editor/internal/swarm/swarm_intelligence.go:1038.2,1038.12 1 1
github.com/swarm-editor/swarm-editor/internal/swarm/swarm_intelligence.go:1041.83,1043.51 2 3
github.com/swarm-editor/swarm-editor/internal/swarm/swarm_intelligence.go:1043.51,1045.3 1 0
github.com/swarm-editor/swarm-editor/internal/swarm/swarm_intelligence.go:1048.2,1048.39 1 3
github.com/swarm-editor/swarm-editor/internal/swarm/swarm_intelligence.go:1048.39,1054.63 2 2
github.com/swarm-editor/swarm-editor/internal/swarm/swarm_intelligence.go:1054.63,1056.4 1 2
github.com/swarm-editor/swarm-editor/internal/swarm/swarm_intelligence.go:1059.2,1059.12 1 3
github.com/swarm-editor/swarm-editor/internal/swarm/swarm_intelligence.go:1062.73,1064.51 2 1
github.com/swarm-editor/swarm-editor/internal/swarm/swarm_intelligence.go:1064.51,1066.3 1 0
github.com/swarm-editor/swarm-editor/internal/swarm/swarm_intelligence.go:1069.2,1069.40 1 1
github.com/swarm-editor/swarm-editor/internal/swarm/swarm_intelligence.go:1069.40,1079.3 2 1
github.com/swarm-editor/swarm-editor/internal/swarm/swarm_intelligence.go:1081.2,1081.12 1 1
github.com/swarm-editor/swarm-editor/internal/swarm/swarm_intelligence.go:1084.78,1086.51 2 1
github.com/swarm-editor/swarm-editor/internal/swarm/swarm_intelligence.go:1086.51,1088.3 1 0
github.com/swarm-editor/swarm-editor/internal/swarm/swarm_intelligence.go:1091.2,1092.48 2 1
github.com/swarm-editor/swarm-editor/internal/swarm/swarm_intelligence.go:1092.48,1094.3 1 1
github.com/swarm-editor/swarm-editor/internal/swarm/swarm_intelligence.go:1095.2,1098.12 3 1
github.com/swarm-editor/swarm-editor/internal/swarm/swarm_intelligence.go:1101.75,1103.51 2 2
github.com/swarm-editor/swarm-editor/internal/swarm/swarm_intelligence.go:1103.51,1105.3 1 0
github.com/swarm-editor/swarm-editor/internal/swarm/swarm_intelligence.go:1108.2,1108.28 1 2
github.com/swarm-editor/swarm-editor/internal/swarm/swarm_intelligence.go:1109.20,1111.36 1 1
github.com/swarm-editor/swarm-editor/internal/swarm/swarm_intelligence.go:1112.21,1114.37 1 1
github.com/swarm-editor/swarm-editor/internal/swarm/swarm_intelligence.go:1117.2,1117.12 1 2
github.com/swarm-editor/swarm-editor/internal/swarm/swarm_intelligence.go:1120.88,1124.34 3 2
github.com/swarm-editor/swarm-editor/internal/swarm/swarm_intelligence.go:1124.34,1125.62 1 3
github.com/swarm-editor/swarm-editor/internal/swarm/swarm_intelligence.go:1125.62,1127.4 1 2
github.com/swarm-editor/swarm-editor/internal/swarm/swarm_intelligence.go:1129.2,1132.21 2 2
github.com/swarm-editor/swarm-editor/internal/swarm/swarm_intelligence.go:1132.21,1141.3 2 2
github.com/swarm-editor/swarm-editor/internal/swarm/swarm_intelligence.go:1144.89,1154.2 2 2
github.com/swarm-editor/swarm-editor/internal/swarm/swarm_intelligence.go:1157.132,1162.9 4 3
github.com/swarm-editor/swarm-editor/internal/swarm/swarm_intelligence.go:1162.9,1170.3 2 1
github.com/swarm-editor/swarm-editor/internal/swarm/swarm_intelligence.go:1172.2,1176.13 3 3
github.com/swarm-editor/swarm-editor/internal/swarm/swarm_intelligence.go:1176.13,1178.3 1 2
github.com/swarm-editor/swarm-editor/internal/swarm/swarm_intelligence.go:1178.8,1180.3 1 1
github.com/swarm-editor/swarm-editor/internal/swarm/swarm_intelligence.go:1183.2,1184.29 2 3
github.com/swarm-editor/swarm-editor/internal/swarm/swarm_intelligence.go:1184.29,1186.3 1 3
github.com/swarm-editor/swarm-editor/internal/swarm/swarm_intelligence.go:1189.2,1189.20 1 3
github.com/swarm-editor/swarm-editor/internal/swarm/swarm_intelligence.go:1189.20,1191.14 2 3
github.com/swarm-editor/swarm-editor/internal/swarm/swarm_intelligence.go:1191.14,1193.4 1 2
github.com/swarm-editor/swarm-editor/internal/swarm/swarm_intelligence.go:1193.9,1195.4 1 1
github.com/swarm-editor/swarm-editor/internal/swarm/swarm_intelligence.go:1199.2,1200.48 2 3
github.com/swarm-editor/swarm-editor/internal/swarm/swarm_intelligence.go:1200.48,1202.3 1 0
github.com/swarm-editor/swarm-editor/internal/swarm/swarm_intelligence.go:1208.92,1213.9 4 3
github.com/swarm-editor/swarm-editor/internal/swarm/swarm_intelligence.go:1213.9,1215.3 1 1
github.com/swarm-editor/swarm-editor/internal/swarm/swarm_intelligence.go:1218.2,1233.3 7 2
github.com/swarm-editor/swarm-editor/internal/swarm/swarm_intelligence.go:1238.69,1239.26 1 4
github.com/swarm-editor/swarm-editor/internal/swarm/swarm_intelligence.go:1239.26,1241.3 1 1
github.com/swarm-editor/swarm-editor/internal/swarm/swarm_intelligence.go:1242.2,1242.56 1 3
github.com/swarm-editor/swarm-editor/internal/swarm/swarm_intelligence.go:1242.56,1244.3 1 2
github.com/swarm-editor/swarm-editor/internal/swarm/swarm_intelligence.go:1245.2,1245.18 1 1
github.com/swarm-editor/swarm-editor/internal/swarm/swarm_intelligence.go:1248.103,1249.22 1 1
github.com/swarm-editor/swarm-editor/internal/swarm/swarm_intelligence.go:1249.22,1251.3 1 0
github.com/swarm-editor/swarm-editor/internal/swarm/swarm_intelligence.go:1254.2,1255.27 2 1
github.com/swarm-editor/swarm-editor/internal/swarm/swarm_intelligence.go:1255.27,1256.36 1 5
github.com/swarm-editor/swarm-editor/internal/swarm/swarm_intelligence.go:1256.36,1258.4 1 5
github.com/swarm-editor/swarm-editor/internal/swarm/swarm_intelligence.go:1261.2,1261.25 1 1
github.com/swarm-editor/swarm-editor/internal/swarm/swarm_intelligence.go:1261.25,1263.3 1 0
github.com/swarm-editor/swarm-editor/internal/swarm/swarm_intelligence.go:1266.2,1267.27 2 1
github.com/swarm-editor/swarm-editor/internal/swarm/swarm_intelligence.go:1267.27,1269.3 1 0
github.com/swarm-editor/swarm-editor/internal/swarm/swarm_intelligence.go:1271.2,1271.37 1 1
github.com/swarm-editor/swarm-editor/internal/swarm/swarm_intelligence.go:1274.90,1275.22 1 3
github.com/swarm-editor/swarm-editor/internal/swarm/swarm_intelligence.go:1275.22,1277.3 1 0
github.com/swarm-editor/swarm-editor/internal/swarm/swarm_intelligence.go:1279.2,1280.27 2 3
github.com/swarm-editor/swarm-editor/internal/swarm/swarm_intelligence.go:1280.27,1281.58 1 6
github.com/swarm-editor/swarm-editor/internal/swarm/swarm_intelligence.go:1281.58,1283.4 1 4
github.com/swarm-editor/swarm-editor/internal/swarm/swarm_intelligence.go:1286.2,1286.21 1 3
github.com/swarm-editor/swarm-editor/internal/swarm/swarm_intelligence.go:1286.21,1288.3 1 3
github.com/swarm-editor/swarm-editor/internal/swarm/swarm_intelligence.go:1289.2,1289.12 1 0
github.com/swarm-editor/swarm-editor/internal/swarm/swarm_intelligence.go:1293.88,1298.33 4 6
github.com/swarm-editor/swarm-editor/internal/swarm/swarm_intelligence.go:1298.33,1301.3 2 6
github.com/swarm-editor/swarm-editor/internal/swarm/swarm_intelligence.go:1302.2,1302.15 1 6
github.com/swarm-editor/swarm-editor/internal/swarm/swarm_intelligence.go:1307.77,1312.41 4 3
github.com/swarm-editor/swarm-editor/internal/swarm/swarm_intelligence.go:1312.41,1315.28 2 2
github.com/swarm-editor/swarm-editor/internal/swarm/swarm_intelligence.go:1315.28,1318.4 2 1
github.com/swarm-editor/swarm-editor/internal/swarm/swarm_intelligence.go:1319.3,1319.20 1 2
github.com/swarm-editor/swarm-editor/internal/swarm/swarm_intelligence.go:1319.20,1321.29 2 1
github.com/swarm-editor/swarm-editor/internal/swarm/swarm_intelligence.go:1321.29,1324.5 2 2
github.com/swarm-editor/swarm-editor/internal/swarm/swarm_intelligence.go:1325.4,1325.21 1 1
github.com/swarm-editor/swarm-editor/internal/swarm/swarm_intelligence.go:1327.3,1327.34 1 2
github.com/swarm-editor/swarm-editor/internal/swarm/swarm_intelligence.go:1329.2,1329.15 1 3
github.com/swarm-editor/swarm-editor/internal/swarm/swarm_intelligence.go:1333.132,1335.2 1 2
github.com/swarm-editor/swarm-editor/internal/swarm/swarm_intelligence.go:1338.77,1345.37 4 1
github.com/swarm-editor/swarm-editor/internal/swarm/swarm_intelligence.go:1345.37,1347.3 1 0
github.com/swarm-editor/swarm-editor/internal/swarm/swarm_intelligence.go:1348.2,1348.15 1 1
github.com/swarm-editor/swarm-editor/internal/swarm/swarm_intelligence.go:1352.77,1354.2 1 1
github.com/swarm-editor/swarm-editor/internal/swarm/swarm_intelligence.go:1357.94,1366.2 2 1
github.com/swarm-editor/swarm-editor/internal/swarm/swarm_intelligence.go:1369.146,1383.43 4 1
github.com/swarm-editor/swarm-editor/internal/swarm/swarm_intelligence.go:1383.43,1385.3 1 0
github.com/swarm-editor/swarm-editor/internal/swarm/swarm_intelligence.go:1388.2,1389.19 2 1
github.com/swarm-editor/swarm-editor/internal/swarm/swarm_intelligence.go:1389.19,1391.3 1 0
github.com/swarm-editor/swarm-editor/internal/swarm/swarm_intelligence.go:1392.2,1395.9 3 1
github.com/swarm-editor/swarm-editor/internal/swarm/swarm_intelligence.go:1396.20,1397.23 1 0
github.com/swarm-editor/swarm-editor/internal/swarm/swarm_intelligence.go:1398.17,1400.24 1 1
github.com/swarm-editor/swarm-editor/internal/swarm/swarm_intelligence.go:1400.24,1402.4 1 0
github.com/swarm-editor/swarm-editor/internal/swarm/swarm_intelligence.go:1403.3,1403.25 1 1
github.com/swarm-editor/swarm-editor/internal/swarm/swarm_intelligence.go:1409.28,1411.2 1 101
github.com/swarm-editor/swarm-editor/internal/swarm/swarm_intelligence.go:1415.36,1417.16 2 14
github.com/swarm-editor/swarm-editor/internal/swarm/swarm_intelligence.go:1417.16,1420.3 2 2
github.com/swarm-editor/swarm-editor/internal/swarm/swarm_intelligence.go:1421.2,1421.13 1 12
github.com/swarm-editor/swarm-editor/internal/swarm/swarm_intelligence.go:1426.36,1428.2 1 5
github.com/swarm-editor/swarm-editor/internal/swarm/swarm_intelligence.go:1430.46,1432.2 1 4
github.com/swarm-editor/swarm-editor/internal/swarm/switch_node.go:65.70,71.43 3 35
github.com/swarm-editor/swarm-editor/internal/swarm/switch_node.go:71.43,72.28 1 1
github.com/swarm-editor/swarm-editor/internal/swarm/switch_node.go:72.28,74.4 1 1
github.com/swarm-editor/swarm-editor/internal/swarm/switch_node.go:78.2,80.24 2 35
github.com/swarm-editor/swarm-editor/internal/swarm/switch_node.go:80.24,86.3 1 2
github.com/swarm-editor/swarm-editor/internal/swarm/switch_node.go:89.2,89.34 1 33
github.com/swarm-editor/swarm-editor/internal/swarm/switch_node.go:89.34,91.14 2 34
github.com/swarm-editor/swarm-editor/internal/swarm/switch_node.go:91.14,98.4 1 24
github.com/swarm-editor/swarm-editor/internal/swarm/switch_node.go:102.2,103.20 2 9
github.com/swarm-editor/swarm-editor/internal/swarm/switch_node.go:103.20,109.3 1 1
github.com/swarm-editor/swarm-editor/internal/swarm/switch_node.go:111.2,115.8 1 8
github.com/swarm-editor/swarm-editor/internal/swarm/switch_node.go:119.64,121.9 2 35
github.com/swarm-editor/swarm-editor/internal/swarm/switch_node.go:121.9,123.3 1 1
github.com/swarm-editor/swarm-editor/internal/swarm/switch_node.go:126.2,126.30 1 34
github.com/swarm-editor/swarm-editor/internal/swarm/switch_node.go:126.30,128.28 2 33
github.com/swarm-editor/swarm-editor/internal/swarm/switch_node.go:128.28,129.42 1 36
github.com/swarm-editor/swarm-editor/internal/swarm/switch_node.go:129.42,135.36 2 36
github.com/swarm-editor/swarm-editor/internal/swarm/switch_node.go:135.36,136.43 1 36
github.com/swarm-editor/swarm-editor/internal/swarm/switch_node.go:136.43,137.37 1 36
github.com/swarm-editor/swarm-editor/internal/swarm/switch_node.go:137.37,138.47 1 39
github.com/swarm-editor/swarm-editor/internal/swarm/switch_node.go:138.47,144.9 1 39
github.com/swarm-editor/swarm-editor/internal/swarm/switch_node.go:148.5,148.51 1 36
github.com/swarm-editor/swarm-editor/internal/swarm/switch_node.go:148.51,150.6 1 36
github.com/swarm-editor/swarm-editor/internal/swarm/switch_node.go:153.3,153.18 1 33
github.com/swarm-editor/swarm-editor/internal/swarm/switch_node.go:156.2,156.12 1 1
github.com/swarm-editor/swarm-editor/internal/swarm/switch_node.go:160.83,161.28 1 34
github.com/swarm-editor/swarm-editor/internal/swarm/switch_node.go:161.28,163.3 1 0
github.com/swarm-editor/swarm-editor/internal/swarm/switch_node.go:165.2,166.19 2 34
github.com/swarm-editor/swarm-editor/internal/swarm/switch_node.go:166.19,168.37 1 1
github.com/swarm-editor/swarm-editor/internal/swarm/switch_node.go:168.37,169.60 1 2
github.com/swarm-editor/swarm-editor/internal/swarm/switch_node.go:169.60,171.5 1 1
github.com/swarm-editor/swarm-editor/internal/swarm/switch_node.go:173.3,173.15 1 0
github.com/swarm-editor/swarm-editor/internal/swarm/switch_node.go:177.2,177.36 1 33
github.com/swarm-editor/swarm-editor/internal/swarm/switch_node.go:177.36,178.60 1 35
github.com/swarm-editor/swarm-editor/internal/swarm/switch_node.go:178.60,180.4 1 10
github.com/swarm-editor/swarm-editor/internal/swarm/switch_node.go:182.2,182.13 1 23
github.com/swarm-editor/swarm-editor/internal/swarm/switch_node.go:186.86,191.23 3 37
github.com/swarm-editor/swarm-editor/internal/swarm/switch_node.go:191.23,195.3 1 0
github.com/swarm-editor/swarm-editor/internal/swarm/switch_node.go:197.2,199.18 2 37
github.com/swarm-editor/swarm-editor/internal/swarm/switch_node.go:200.25,201.59 1 10
github.com/swarm-editor/swarm-editor/internal/swarm/switch_node.go:202.33,203.60 1 1
github.com/swarm-editor/swarm-editor/internal/swarm/switch_node.go:204.18,205.61 1 7
github.com/swarm-editor/swarm-editor/internal/swarm/switch_node.go:206.22,207.62 1 1
github.com/swarm-editor/swarm-editor/internal/swarm/switch_node.go:208.21,209.59 1 3
github.com/swarm-editor/swarm-editor/internal/swarm/switch_node.go:210.19,211.59 1 1
github.com/swarm-editor/swarm-editor/internal/swarm/switch_node.go:212.28,213.51 1 2
github.com/swarm-editor/swarm-editor/internal/swarm/switch_node.go:214.25,215.51 1 2
github.com/swarm-editor/swarm-editor/internal/swarm/switch_node.go:216.38,217.52 1 1
github.com/swarm-editor/swarm-editor/internal/swarm/switch_node.go:218.35,219.52 1 1
github.com/swarm-editor/swarm-editor/internal/swarm/switch_node.go:220.17,221.50 1 3
github.com/swarm-editor/swarm-editor/internal/swarm/switch_node.go:222.21,223.51 1 0
github.com/swarm-editor/swarm-editor/internal/swarm/switch_node.go:224.18,225.24 1 2
github.com/swarm-editor/swarm-editor/internal/swarm/switch_node.go:226.22,227.25 1 1
github.com/swarm-editor/swarm-editor/internal/swarm/switch_node.go:228.12,229.55 1 2
github.com/swarm-editor/swarm-editor/internal/swarm/switch_node.go:230.16,231.56 1 0
github.com/swarm-editor/swarm-editor/internal/swarm/switch_node.go:232.10,233.15 1 0
github.com/swarm-editor/swarm-editor/internal/swarm/switch_node.go:238.68,239.33 1 11
github.com/swarm-editor/swarm-editor/internal/swarm/switch_node.go:239.33,241.3 1 1
github.com/swarm-editor/swarm-editor/internal/swarm/switch_node.go:242.2,242.33 1 10
github.com/swarm-editor/swarm-editor/internal/swarm/switch_node.go:242.33,244.3 1 1
github.com/swarm-editor/swarm-editor/internal/swarm/switch_node.go:246.2,249.20 3 9
github.com/swarm-editor/swarm-editor/internal/swarm/switch_node.go:249.20,251.3 1 1
github.com/swarm-editor/swarm-editor/internal/swarm/switch_node.go:252.2,252.17 1 8
github.com/swarm-editor/swarm-editor/internal/swarm/switch_node.go:256.70,260.20 3 8
github.com/swarm-editor/swarm-editor/internal/swarm/switch_node.go:260.20,262.3 1 0
github.com/swarm-editor/swarm-editor/internal/swarm/switch_node.go:263.2,263.33 1 8
github.com/swarm-editor/swarm-editor/internal/swarm/switch_node.go:267.68,271.20 3 3
github.com/swarm-editor/swarm-editor/internal/swarm/switch_node.go:271.20,273.3 1 0
github.com/swarm-editor/swarm-editor/internal/swarm/switch_node.go:274.2,274.34 1 3
github.com/swarm-editor/swarm-editor/internal/swarm/switch_node.go:278.68,282.20 3 1
github.com/swarm-editor/swarm-editor/internal/swarm/switch_node.go:282.20,284.3 1 0
github.com/swarm-editor/swarm-editor/internal/swarm/switch_node.go:285.2,285.34 1 1
github.com/swarm-editor/swarm-editor/internal/swarm/switch_node.go:289.60,292.18 3 6
github.com/swarm-editor/swarm-editor/internal/swarm/switch_node.go:292.18,294.3 1 0
github.com/swarm-editor/swarm-editor/internal/swarm/switch_node.go:296.2,296.12 1 6
github.com/swarm-editor/swarm-editor/internal/swarm/switch_node.go:297.12,298.17 1 2
github.com/swarm-editor/swarm-editor/internal/swarm/switch_node.go:299.12,300.17 1 2
github.com/swarm-editor/swarm-editor/internal/swarm/switch_node.go:301.13,302.18 1 1
github.com/swarm-editor/swarm-editor/internal/swarm/switch_node.go:303.13,304.18 1 1
github.com/swarm-editor/swarm-editor/internal/swarm/switch_node.go:305.10,306.15 1 0
github.com/swarm-editor/swarm-editor/internal/swarm/switch_node.go:311.60,316.16 4 3
github.com/swarm-editor/swarm-editor/internal/swarm/switch_node.go:316.16,318.3 1 2
github.com/swarm-editor/swarm-editor/internal/swarm/switch_node.go:319.2,319.12 1 1
github.com/swarm-editor/swarm-editor/internal/swarm/switch_node.go:319.12,321.3 1 0
github.com/swarm-editor/swarm-editor/internal/swarm/switch_node.go:322.2,322.16 1 1
github.com/swarm-editor/swarm-editor/internal/swarm/switch_node.go:327.57,328.25 1 3
github.com/swarm-editor/swarm-editor/internal/swarm/switch_node.go:328.25,330.3 1 1
github.com/swarm-editor/swarm-editor/internal/swarm/switch_node.go:332.2,333.26 2 2
github.com/swarm-editor/swarm-editor/internal/swarm/switch_node.go:333.26,335.3 1 0
github.com/swarm-editor/swarm-editor/internal/swarm/switch_node.go:336.2,336.39 1 2
github.com/swarm-editor/swarm-editor/internal/swarm/switch_node.go:340.64,343.27 2 2
github.com/swarm-editor/swarm-editor/internal/swarm/switch_node.go:344.13,345.26 1 1
github.com/swarm-editor/swarm-editor/internal/swarm/switch_node.go:345.26,347.21 2 2
github.com/swarm-editor/swarm-editor/internal/swarm/switch_node.go:347.21,348.17 1 2
github.com/swarm-editor/swarm-editor/internal/swarm/switch_node.go:348.17,350.6 1 1
github.com/swarm-editor/swarm-editor/internal/swarm/switch_node.go:351.10,352.34 1 0
github.com/swarm-editor/swarm-editor/internal/swarm/switch_node.go:352.34,354.6 1 0
github.com/swarm-editor/swarm-editor/internal/swarm/switch_node.go:357.14,360.30 2 1
github.com/swarm-editor/swarm-editor/internal/swarm/switch_node.go:360.30,361.21 1 2
github.com/swarm-editor/swarm-editor/internal/swarm/switch_node.go:361.21,362.38 1 2
github.com/swarm-editor/swarm-editor/internal/swarm/switch_node.go:362.38,364.6 1 1
github.com/swarm-editor/swarm-editor/internal/swarm/switch_node.go:365.10,366.55 1 0
github.com/swarm-editor/swarm-editor/internal/swarm/switch_node.go:366.55,368.6 1 0
github.com/swarm-editor/swarm-editor/internal/swarm/switch_node.go:373.2,373.14 1 0
github.com/swarm-editor/swarm-editor/internal/swarm/task.go:41.45,43.9 2 25
github.com/swarm-editor/swarm-editor/internal/swarm/task.go:43.9,45.3 1 0
github.com/swarm-editor/swarm-editor/internal/swarm/task.go:46.2,46.28 1 25
github.com/swarm-editor/swarm-editor/internal/swarm/task.go:46.28,47.14 1 40
github.com/swarm-editor/swarm-editor/internal/swarm/task.go:47.14,49.4 1 25
github.com/swarm-editor/swarm-editor/internal/swarm/task.go:51.2,51.14 1 0
github.com/swarm-editor/swarm-editor/internal/swarm/task.go:118.66,130.2 1 1079
github.com/swarm-editor/swarm-editor/internal/swarm/task.go:133.38,137.2 3 5
github.com/swarm-editor/swarm-editor/internal/swarm/task.go:140.50,144.16 3 7
github.com/swarm-editor/swarm-editor/internal/swarm/task.go:144.16,146.3 1 2
github.com/swarm-editor/swarm-editor/internal/swarm/task.go:148.2,149.23 2 5
github.com/swarm-editor/swarm-editor/internal/swarm/task.go:149.23,161.3 1 13
github.com/swarm-editor/swarm-editor/internal/swarm/task.go:163.2,164.17 2 5
github.com/swarm-editor/swarm-editor/internal/swarm/task.go:168.53,171.47 3 7
github.com/swarm-editor/swarm-editor/internal/swarm/task.go:171.47,173.3 1 0
github.com/swarm-editor/swarm-editor/internal/swarm/task.go:174.2,177.13 4 7
github.com/swarm-editor/swarm-editor/internal/swarm/task.go:181.50,184.49 3 1
github.com/swarm-editor/swarm-editor/internal/swarm/task.go:184.49,186.3 1 0
github.com/swarm-editor/swarm-editor/internal/swarm/task.go:187.2,190.13 4 1
github.com/swarm-editor/swarm-editor/internal/swarm/task.go:194.37,197.46 3 5
github.com/swarm-editor/swarm-editor/internal/swarm/task.go:197.46,199.3 1 0
github.com/swarm-editor/swarm-editor/internal/swarm/task.go:200.2,201.16 2 5
github.com/swarm-editor/swarm-editor/internal/swarm/task.go:201.16,203.3 1 4
github.com/swarm-editor/swarm-editor/internal/swarm/task.go:204.2,205.13 2 5
github.com/swarm-editor/swarm-editor/internal/swarm/task.go:223.49,226.49 3 10
github.com/swarm-editor/swarm-editor/internal/swarm/task.go:226.49,228.3 1 0
github.com/swarm-editor/swarm-editor/internal/swarm/task.go:229.2,231.18 3 10
github.com/swarm-editor/swarm-editor/internal/swarm/task.go:231.18,232.24 1 10
github.com/swarm-editor/swarm-editor/internal/swarm/task.go:232.24,234.4 1 0
github.com/swarm-editor/swarm-editor/internal/swarm/task.go:235.3,235.46 1 10
github.com/swarm-editor/swarm-editor/internal/swarm/task.go:238.2,238.32 1 10
github.com/swarm-editor/swarm-editor/internal/swarm/task.go:238.32,240.3 1 7
github.com/swarm-editor/swarm-editor/internal/swarm/task.go:241.2,241.13 1 10
github.com/swarm-editor/swarm-editor/internal/swarm/task.go:245.29,249.34 3 3
github.com/swarm-editor/swarm-editor/internal/swarm/task.go:249.34,251.3 1 1
github.com/swarm-editor/swarm-editor/internal/swarm/task.go:253.2,253.47 1 2
github.com/swarm-editor/swarm-editor/internal/swarm/task.go:253.47,255.3 1 0
github.com/swarm-editor/swarm-editor/internal/swarm/task.go:257.2,260.13 4 2
github.com/swarm-editor/swarm-editor/internal/swarm/task.go:264.51,268.2 3 2017
github.com/swarm-editor/swarm-editor/internal/swarm/task.go:271.43,275.2 3 1000
github.com/swarm-editor/swarm-editor/internal/swarm/task.go:278.50,282.2 3 11
github.com/swarm-editor/swarm-editor/internal/swarm/task.go:287.54,291.44 3 11
github.com/swarm-editor/swarm-editor/internal/swarm/task.go:291.44,293.3 1 2
github.com/swarm-editor/swarm-editor/internal/swarm/task.go:295.2,297.20 3 9
github.com/swarm-editor/swarm-editor/internal/swarm/task.go:297.20,299.3 1 1
github.com/swarm-editor/swarm-editor/internal/swarm/task.go:302.2,302.9 1 8
github.com/swarm-editor/swarm-editor/internal/swarm/task.go:303.34,304.37 1 3
github.com/swarm-editor/swarm-editor/internal/swarm/task.go:304.37,307.4 2 2
github.com/swarm-editor/swarm-editor/internal/swarm/task.go:308.34,309.67 1 2
github.com/swarm-editor/swarm-editor/internal/swarm/task.go:309.67,312.4 2 1
github.com/swarm-editor/swarm-editor/internal/swarm/task.go:313.35,314.99 1 1
github.com/swarm-editor/swarm-editor/internal/swarm/task.go:314.99,317.4 2 1
github.com/swarm-editor/swarm-editor/internal/swarm/task.go:319.2,319.14 1 4
github.com/swarm-editor/swarm-editor/internal/swarm/task.go:323.37,328.2 4 4
github.com/swarm-editor/swarm-editor/internal/swarm/task.go:331.42,335.2 3 6
github.com/swarm-editor/swarm-editor/internal/swarm/task.go:338.42,342.2 3 2
github.com/swarm-editor/swarm-editor/internal/swarm/task.go:345.45,349.2 3 6
github.com/swarm-editor/swarm-editor/internal/swarm/task.go:352.61,357.30 3 7
github.com/swarm-editor/swarm-editor/internal/swarm/task.go:357.30,359.3 1 3
github.com/swarm-editor/swarm-editor/internal/swarm/task.go:362.2,362.27 1 4
github.com/swarm-editor/swarm-editor/internal/swarm/task.go:362.27,364.3 1 1
github.com/swarm-editor/swarm-editor/internal/swarm/task.go:366.2,366.39 1 3
github.com/swarm-editor/swarm-editor/internal/swarm/task.go:366.39,367.29 1 5
github.com/swarm-editor/swarm-editor/internal/swarm/task.go:367.29,369.4 1 2
github.com/swarm-editor/swarm-editor/internal/swarm/task.go:371.2,371.13 1 1
github.com/swarm-editor/swarm-editor/internal/swarm/task.go:375.44,379.54 3 2
github.com/swarm-editor/swarm-editor/internal/swarm/task.go:379.54,381.3 1 1
github.com/swarm-editor/swarm-editor/internal/swarm/task.go:382.2,382.10 1 1
github.com/swarm-editor/swarm-editor/internal/swarm/task.go:386.41,390.2 3 3
github.com/swarm-editor/swarm-editor/internal/swarm/task.go:393.47,394.20 1 8
github.com/swarm-editor/swarm-editor/internal/swarm/task.go:394.20,396.3 1 1
github.com/swarm-editor/swarm-editor/internal/swarm/task.go:398.2,399.52 2 7
github.com/swarm-editor/swarm-editor/internal/swarm/task.go:399.52,401.3 1 2
github.com/swarm-editor/swarm-editor/internal/swarm/task.go:402.2,402.19 1 5
github.com/swarm-editor/swarm-editor/internal/swarm/task.go:412.32,416.2 1 142
github.com/swarm-editor/swarm-editor/internal/swarm/task.go:419.38,420.17 1 1038
github.com/swarm-editor/swarm-editor/internal/swarm/task.go:420.17,422.3 1 0
github.com/swarm-editor/swarm-editor/internal/swarm/task.go:423.2,428.30 4 1038
github.com/swarm-editor/swarm-editor/internal/swarm/task.go:428.30,429.62 1 314584
github.com/swarm-editor/swarm-editor/internal/swarm/task.go:429.62,430.9 1 2
github.com/swarm-editor/swarm-editor/internal/swarm/task.go:436.2,440.15 5 1038
github.com/swarm-editor/swarm-editor/internal/swarm/task.go:444.33,448.23 3 255
github.com/swarm-editor/swarm-editor/internal/swarm/task.go:448.23,450.3 1 4
github.com/swarm-editor/swarm-editor/internal/swarm/task.go:452.2,454.13 3 251
github.com/swarm-editor/swarm-editor/internal/swarm/task.go:458.34,462.23 3 2
github.com/swarm-editor/swarm-editor/internal/swarm/task.go:462.23,464.3 1 1
github.com/swarm-editor/swarm-editor/internal/swarm/task.go:465.2,465.19 1 1
github.com/swarm-editor/swarm-editor/internal/swarm/task.go:469.31,473.2 3 539
github.com/swarm-editor/swarm-editor/internal/swarm/task.go:476.49,480.31 3 2
github.com/swarm-editor/swarm-editor/internal/swarm/task.go:480.31,481.24 1 2
github.com/swarm-editor/swarm-editor/internal/swarm/task.go:481.24,484.4 2 1
github.com/swarm-editor/swarm-editor/internal/swarm/task.go:486.2,486.12 1 1
github.com/swarm-editor/swarm-editor/internal/swarm/task.go:490.38,496.2 5 2
github.com/swarm-editor/swarm-editor/internal/swarm/task.go:501.45,506.31 4 2
github.com/swarm-editor/swarm-editor/internal/swarm/task.go:506.31,507.44 1 3
github.com/swarm-editor/swarm-editor/internal/swarm/task.go:507.44,509.4 1 1
github.com/swarm-editor/swarm-editor/internal/swarm/task.go:513.2,513.19 1 2
github.com/swarm-editor/swarm-editor/internal/swarm/task.go:513.19,514.49 1 1
github.com/swarm-editor/swarm-editor/internal/swarm/task.go:514.49,516.4 1 2
github.com/swarm-editor/swarm-editor/internal/swarm/task.go:518.2,518.18 1 2
github.com/swarm-editor/swarm-editor/internal/swarm/task.go:524.47,536.10 4 314599
github.com/swarm-editor/swarm-editor/internal/swarm/task.go:536.10,538.3 1 93
github.com/swarm-editor/swarm-editor/internal/swarm/task.go:539.2,539.10 1 314599
github.com/swarm-editor/swarm-editor/internal/swarm/task.go:539.10,541.3 1 91
github.com/swarm-editor/swarm-editor/internal/swarm/task.go:543.2,543.16 1 314599
github.com/swarm-editor/swarm-editor/internal/swarm/task.go:546.30,548.2 1 1092
github.com/swarm-editor/swarm-editor/internal/swarm/template_node.go:65.74,68.20 2 37
github.com/swarm-editor/swarm-editor/internal/swarm/template_node.go:68.20,70.3 1 3
github.com/swarm-editor/swarm-editor/internal/swarm/template_node.go:73.2,73.37 1 37
github.com/swarm-editor/swarm-editor/internal/swarm/template_node.go:73.37,75.3 1 1
github.com/swarm-editor/swarm-editor/internal/swarm/template_node.go:78.2,79.38 2 36
github.com/swarm-editor/swarm-editor/internal/swarm/template_node.go:79.38,80.39 1 2
github.com/swarm-editor/swarm-editor/internal/swarm/template_node.go:80.39,82.4 1 2
github.com/swarm-editor/swarm-editor/internal/swarm/template_node.go:86.2,86.35 1 36
github.com/swarm-editor/swarm-editor/internal/swarm/template_node.go:86.35,87.61 1 3
github.com/swarm-editor/swarm-editor/internal/swarm/template_node.go:87.61,89.4 1 0
github.com/swarm-editor/swarm-editor/internal/swarm/template_node.go:93.2,95.24 2 36
github.com/swarm-editor/swarm-editor/internal/swarm/template_node.go:95.24,97.36 1 2
github.com/swarm-editor/swarm-editor/internal/swarm/template_node.go:97.36,99.11 2 3
github.com/swarm-editor/swarm-editor/internal/swarm/template_node.go:99.11,101.5 1 0
github.com/swarm-editor/swarm-editor/internal/swarm/template_node.go:102.4,103.33 2 3
github.com/swarm-editor/swarm-editor/internal/swarm/template_node.go:103.33,105.5 1 0
github.com/swarm-editor/swarm-editor/internal/swarm/template_node.go:106.4,106.26 1 3
github.com/swarm-editor/swarm-editor/internal/swarm/template_node.go:109.3,109.21 1 2
github.com/swarm-editor/swarm-editor/internal/swarm/template_node.go:109.21,111.33 2 1
github.com/swarm-editor/swarm-editor/internal/swarm/template_node.go:111.33,113.5 1 0
github.com/swarm-editor/swarm-editor/internal/swarm/template_node.go:114.4,114.32 1 1
github.com/swarm-editor/swarm-editor/internal/swarm/template_node.go:116.8,116.27 1 34
github.com/swarm-editor/swarm-editor/internal/swarm/template_node.go:116.27,119.32 2 33
github.com/swarm-editor/swarm-editor/internal/swarm/template_node.go:119.32,121.4 1 0
github.com/swarm-editor/swarm-editor/internal/swarm/template_node.go:122.3,122.30 1 33
github.com/swarm-editor/swarm-editor/internal/swarm/template_node.go:125.2,129.8 1 36
github.com/swarm-editor/swarm-editor/internal/swarm/template_node.go:139.53,141.39 1 42
github.com/swarm-editor/swarm-editor/internal/swarm/template_node.go:141.39,143.3 1 0
github.com/swarm-editor/swarm-editor/internal/swarm/template_node.go:147.2,148.74 2 42
github.com/swarm-editor/swarm-editor/internal/swarm/template_node.go:148.74,151.71 2 37
github.com/swarm-editor/swarm-editor/internal/swarm/template_node.go:151.71,155.4 2 35
github.com/swarm-editor/swarm-editor/internal/swarm/template_node.go:159.2,160.23 2 7
github.com/swarm-editor/swarm-editor/internal/swarm/template_node.go:160.23,162.3 1 2
github.com/swarm-editor/swarm-editor/internal/swarm/template_node.go:164.2,166.30 3 5
github.com/swarm-editor/swarm-editor/internal/swarm/template_node.go:166.30,168.43 1 7
github.com/swarm-editor/swarm-editor/internal/swarm/template_node.go:168.43,170.4 1 0
github.com/swarm-editor/swarm-editor/internal/swarm/template_node.go:172.3,177.19 5 7
github.com/swarm-editor/swarm-editor/internal/swarm/template_node.go:179.2,182.42 2 5
github.com/swarm-editor/swarm-editor/internal/swarm/template_node.go:182.42,184.3 1 0
github.com/swarm-editor/swarm-editor/internal/swarm/template_node.go:186.2,186.24 1 5
github.com/swarm-editor/swarm-editor/internal/swarm/template_node.go:190.55,192.39 1 56
github.com/swarm-editor/swarm-editor/internal/swarm/template_node.go:192.39,194.3 1 2
github.com/swarm-editor/swarm-editor/internal/swarm/template_node.go:197.2,197.46 1 54
github.com/swarm-editor/swarm-editor/internal/swarm/template_node.go:197.46,203.45 5 47
github.com/swarm-editor/swarm-editor/internal/swarm/template_node.go:203.45,204.25 1 1974
github.com/swarm-editor/swarm-editor/internal/swarm/template_node.go:205.13,206.17 1 199
github.com/swarm-editor/swarm-editor/internal/swarm/template_node.go:207.13,208.17 1 246
github.com/swarm-editor/swarm-editor/internal/swarm/template_node.go:210.4,210.22 1 1974
github.com/swarm-editor/swarm-editor/internal/swarm/template_node.go:210.22,212.5 1 1927
github.com/swarm-editor/swarm-editor/internal/swarm/template_node.go:214.3,214.22 1 47
github.com/swarm-editor/swarm-editor/internal/swarm/template_node.go:214.22,217.4 1 0
github.com/swarm-editor/swarm-editor/internal/swarm/template_node.go:218.3,220.51 3 47
github.com/swarm-editor/swarm-editor/internal/swarm/template_node.go:224.2,224.13 1 7
github.com/swarm-editor/swarm-editor/internal/swarm/template_node.go:228.43,230.13 2 113
github.com/swarm-editor/swarm-editor/internal/swarm/template_node.go:230.13,232.3 1 13
github.com/swarm-editor/swarm-editor/internal/swarm/template_node.go:234.2,240.30 6 100
github.com/swarm-editor/swarm-editor/internal/swarm/template_node.go:240.30,242.10 2 2288
github.com/swarm-editor/swarm-editor/internal/swarm/template_node.go:243.16,245.23 2 589
github.com/swarm-editor/swarm-editor/internal/swarm/template_node.go:245.23,247.5 1 101
github.com/swarm-editor/swarm-editor/internal/swarm/template_node.go:248.32,251.25 3 101
github.com/swarm-editor/swarm-editor/internal/swarm/template_node.go:252.18,254.25 2 202
github.com/swarm-editor/swarm-editor/internal/swarm/template_node.go:255.18,257.25 2 202
github.com/swarm-editor/swarm-editor/internal/swarm/template_node.go:258.32,260.19 2 44
github.com/swarm-editor/swarm-editor/internal/swarm/template_node.go:261.11,262.25 1 1150
github.com/swarm-editor/swarm-editor/internal/swarm/template_node.go:265.2,265.23 1 100
github.com/swarm-editor/swarm-editor/internal/swarm/template_node.go:265.23,267.3 1 100
github.com/swarm-editor/swarm-editor/internal/swarm/template_node.go:268.2,268.13 1 100
github.com/swarm-editor/swarm-editor/internal/swarm/template_node.go:272.66,274.39 1 47
github.com/swarm-editor/swarm-editor/internal/swarm/template_node.go:274.39,276.3 1 0
github.com/swarm-editor/swarm-editor/internal/swarm/template_node.go:277.2,277.14 1 47
github.com/swarm-editor/swarm-editor/internal/swarm/template_node.go:278.15,279.20 1 15
github.com/swarm-editor/swarm-editor/internal/swarm/template_node.go:279.20,281.4 1 15
github.com/swarm-editor/swarm-editor/internal/swarm/template_node.go:282.3,282.12 1 0
github.com/swarm-editor/swarm-editor/internal/swarm/template_node.go:284.15,285.20 1 1
github.com/swarm-editor/swarm-editor/internal/swarm/template_node.go:285.20,287.4 1 1
github.com/swarm-editor/swarm-editor/internal/swarm/template_node.go:288.3,288.12 1 0
github.com/swarm-editor/swarm-editor/internal/swarm/template_node.go:290.14,291.20 1 2
github.com/swarm-editor/swarm-editor/internal/swarm/template_node.go:291.20,293.4 1 2
github.com/swarm-editor/swarm-editor/internal/swarm/template_node.go:294.3,294.12 1 0
github.com/swarm-editor/swarm-editor/internal/swarm/template_node.go:296.16,297.20 1 3
github.com/swarm-editor/swarm-editor/internal/swarm/template_node.go:297.20,299.27 2 3
github.com/swarm-editor/swarm-editor/internal/swarm/template_node.go:300.16,301.18 1 2
github.com/swarm-editor/swarm-editor/internal/swarm/template_node.go:302.15,303.18 1 1
github.com/swarm-editor/swarm-editor/internal/swarm/template_node.go:304.24,305.18 1 0
github.com/swarm-editor/swarm-editor/internal/swarm/template_node.go:306.12,307.30 1 0
github.com/swarm-editor/swarm-editor/internal/swarm/template_node.go:310.3,310.11 1 0
github.com/swarm-editor/swarm-editor/internal/swarm/template_node.go:312.14,313.21 1 2
github.com/swarm-editor/swarm-editor/internal/swarm/template_node.go:313.21,317.27 3 2
github.com/swarm-editor/swarm-editor/internal/swarm/template_node.go:318.15,320.28 2 1
github.com/swarm-editor/swarm-editor/internal/swarm/template_node.go:320.28,322.6 1 3
github.com/swarm-editor/swarm-editor/internal/swarm/template_node.go:323.5,323.36 1 1
github.com/swarm-editor/swarm-editor/internal/swarm/template_node.go:324.12,326.36 2 1
github.com/swarm-editor/swarm-editor/internal/swarm/template_node.go:329.3,329.12 1 0
github.com/swarm-editor/swarm-editor/internal/swarm/template_node.go:331.15,332.21 1 4
github.com/swarm-editor/swarm-editor/internal/swarm/template_node.go:332.21,337.28 5 4
github.com/swarm-editor/swarm-editor/internal/swarm/template_node.go:337.28,339.5 1 12
github.com/swarm-editor/swarm-editor/internal/swarm/template_node.go:340.4,340.17 1 4
github.com/swarm-editor/swarm-editor/internal/swarm/template_node.go:342.3,342.17 1 0
github.com/swarm-editor/swarm-editor/internal/swarm/template_node.go:344.17,345.21 1 2
github.com/swarm-editor/swarm-editor/internal/swarm/template_node.go:345.21,349.17 4 2
github.com/swarm-editor/swarm-editor/internal/swarm/template_node.go:349.17,351.5 1 0
github.com/swarm-editor/swarm-editor/internal/swarm/template_node.go:352.4,352.42 1 2
github.com/swarm-editor/swarm-editor/internal/swarm/template_node.go:354.3,354.12 1 0
github.com/swarm-editor/swarm-editor/internal/swarm/template_node.go:356.17,357.21 1 2
github.com/swarm-editor/swarm-editor/internal/swarm/template_node.go:357.21,359.17 2 2
github.com/swarm-editor/swarm-editor/internal/swarm/template_node.go:359.17,361.5 1 1
github.com/swarm-editor/swarm-editor/internal/swarm/template_node.go:362.4,362.14 1 1
github.com/swarm-editor/swarm-editor/internal/swarm/template_node.go:364.3,364.12 1 0
github.com/swarm-editor/swarm-editor/internal/swarm/template_node.go:366.13,367.41 1 1
github.com/swarm-editor/swarm-editor/internal/swarm/template_node.go:369.20,370.20 1 1
github.com/swarm-editor/swarm-editor/internal/swarm/template_node.go:370.20,373.61 3 1
github.com/swarm-editor/swarm-editor/internal/swarm/template_node.go:373.61,375.5 1 0
github.com/swarm-editor/swarm-editor/internal/swarm/template_node.go:376.4,376.17 1 1
github.com/swarm-editor/swarm-editor/internal/swarm/template_node.go:378.3,378.13 1 0
github.com/swarm-editor/swarm-editor/internal/swarm/template_node.go:380.24,381.20 1 1
github.com/swarm-editor/swarm-editor/internal/swarm/template_node.go:381.20,385.61 3 1
github.com/swarm-editor/swarm-editor/internal/swarm/template_node.go:385.61,387.19 2 1
github.com/swarm-editor/swarm-editor/internal/swarm/template_node.go:387.19,389.6 1 1
github.com/swarm-editor/swarm-editor/internal/swarm/template_node.go:391.4,391.12 1 0
github.com/swarm-editor/swarm-editor/internal/swarm/template_node.go:393.3,393.12 1 0
github.com/swarm-editor/swarm-editor/internal/swarm/template_node.go:395.13,396.20 1 2
github.com/swarm-editor/swarm-editor/internal/swarm/template_node.go:396.20,399.18 3 2
github.com/swarm-editor/swarm-editor/internal/swarm/template_node.go:399.18,401.5 1 0
github.com/swarm-editor/swarm-editor/internal/swarm/template_node.go:402.4,402.12 1 2
github.com/swarm-editor/swarm-editor/internal/swarm/template_node.go:404.3,404.11 1 0
github.com/swarm-editor/swarm-editor/internal/swarm/template_node.go:406.15,407.20 1 2
github.com/swarm-editor/swarm-editor/internal/swarm/template_node.go:407.20,410.18 3 2
github.com/swarm-editor/swarm-editor/internal/swarm/template_node.go:410.18,412.5 1 0
github.com/swarm-editor/swarm-editor/internal/swarm/template_node.go:413.4,413.12 1 2
github.com/swarm-editor/swarm-editor/internal/swarm/template_node.go:415.3,415.13 1 0
github.com/swarm-editor/swarm-editor/internal/swarm/template_node.go:417.15,418.21 1 2
github.com/swarm-editor/swarm-editor/internal/swarm/template_node.go:418.21,421.29 3 2
github.com/swarm-editor/swarm-editor/internal/swarm/template_node.go:421.29,423.5 1 0
github.com/swarm-editor/swarm-editor/internal/swarm/template_node.go:424.4,424.27 1 2
github.com/swarm-editor/swarm-editor/internal/swarm/template_node.go:425.15,426.22 1 1
github.com/swarm-editor/swarm-editor/internal/swarm/template_node.go:426.22,428.6 1 0
github.com/swarm-editor/swarm-editor/internal/swarm/template_node.go:429.5,429.18 1 1
github.com/swarm-editor/swarm-editor/internal/swarm/template_node.go:430.12,432.26 2 1
github.com/swarm-editor/swarm-editor/internal/swarm/template_node.go:432.26,434.6 1 0
github.com/swarm-editor/swarm-editor/internal/swarm/template_node.go:435.5,435.41 1 1
github.com/swarm-editor/swarm-editor/internal/swarm/template_node.go:438.3,438.13 1 0
github.com/swarm-editor/swarm-editor/internal/swarm/template_node.go:440.16,442.32 1 1
github.com/swarm-editor/swarm-editor/internal/swarm/template_node.go:442.32,444.4 1 0
github.com/swarm-editor/swarm-editor/internal/swarm/template_node.go:445.3,446.28 2 1
github.com/swarm-editor/swarm-editor/internal/swarm/template_node.go:446.28,448.4 1 3
github.com/swarm-editor/swarm-editor/internal/swarm/template_node.go:449.3,449.21 1 1
github.com/swarm-editor/swarm-editor/internal/swarm/template_node.go:451.18,452.21 1 2
github.com/swarm-editor/swarm-editor/internal/swarm/template_node.go:452.21,456.4 3 2
github.com/swarm-editor/swarm-editor/internal/swarm/template_node.go:457.3,457.15 1 0
github.com/swarm-editor/swarm-editor/internal/swarm/template_node.go:459.20,460.21 1 1
github.com/swarm-editor/swarm-editor/internal/swarm/template_node.go:460.21,464.4 3 1
github.com/swarm-editor/swarm-editor/internal/swarm/template_node.go:465.3,465.15 1 0
github.com/swarm-editor/swarm-editor/internal/swarm/template_node.go:467.20,468.21 1 1
github.com/swarm-editor/swarm-editor/internal/swarm/template_node.go:468.21,472.4 3 1
github.com/swarm-editor/swarm-editor/internal/swarm/template_node.go:473.3,473.15 1 0
github.com/swarm-editor/swarm-editor/internal/swarm/template_node.go:475.19,476.21 1 1
github.com/swarm-editor/swarm-editor/internal/swarm/template_node.go:476.21,480.79 4 1
github.com/swarm-editor/swarm-editor/internal/swarm/template_node.go:480.79,482.5 1 0
github.com/swarm-editor/swarm-editor/internal/swarm/template_node.go:483.4,483.23 1 1
github.com/swarm-editor/swarm-editor/internal/swarm/template_node.go:485.3,485.12 1 0
github.com/swarm-editor/swarm-editor/internal/swarm/template_node.go:487.10,489.37 1 1
github.com/swarm-editor/swarm-editor/internal/swarm/template_node.go:497.48,499.2 1 64
github.com/swarm-editor/swarm-editor/internal/swarm/template_node.go:503.48,505.39 1 71
github.com/swarm-editor/swarm-editor/internal/swarm/template_node.go:505.39,507.3 1 0
github.com/swarm-editor/swarm-editor/internal/swarm/template_node.go:509.2,510.15 2 71
github.com/swarm-editor/swarm-editor/internal/swarm/template_node.go:510.15,512.3 1 2
github.com/swarm-editor/swarm-editor/internal/swarm/template_node.go:515.2,516.65 1 69
github.com/swarm-editor/swarm-editor/internal/swarm/template_node.go:516.65,518.3 1 50
github.com/swarm-editor/swarm-editor/internal/swarm/template_node.go:521.2,521.33 1 19
github.com/swarm-editor/swarm-editor/internal/swarm/template_node.go:521.33,524.3 2 0
github.com/swarm-editor/swarm-editor/internal/swarm/template_node.go:527.2,527.76 1 19
github.com/swarm-editor/swarm-editor/internal/swarm/template_node.go:527.76,530.3 2 14
github.com/swarm-editor/swarm-editor/internal/swarm/template_node.go:532.2,532.12 1 5
github.com/swarm-editor/swarm-editor/internal/swarm/template_node.go:537.39,539.2 1 2
github.com/swarm-editor/swarm-editor/internal/swarm/template_node.go:542.36,545.2 2 37
github.com/swarm-editor/swarm-editor/internal/swarm/termination.go:38.60,40.2 1 6
github.com/swarm-editor/swarm-editor/internal/swarm/termination.go:42.43,42.65 1 7
github.com/swarm-editor/swarm-editor/internal/swarm/termination.go:44.78,45.47 1 13
github.com/swarm-editor/swarm-editor/internal/swarm/termination.go:45.47,51.3 1 6
github.com/swarm-editor/swarm-editor/internal/swarm/termination.go:52.2,52.28 1 7
github.com/swarm-editor/swarm-editor/internal/swarm/termination.go:55.38,55.39 0 3
github.com/swarm-editor/swarm-editor/internal/swarm/termination.go:67.67,69.2 1 3
github.com/swarm-editor/swarm-editor/internal/swarm/termination.go:71.42,71.62 1 2
github.com/swarm-editor/swarm-editor/internal/swarm/termination.go:73.69,77.20 3 6
github.com/swarm-editor/swarm-editor/internal/swarm/termination.go:77.20,79.3 1 1
github.com/swarm-editor/swarm-editor/internal/swarm/termination.go:81.2,81.16 1 5
github.com/swarm-editor/swarm-editor/internal/swarm/termination.go:81.16,84.3 2 4
github.com/swarm-editor/swarm-editor/internal/swarm/termination.go:86.2,86.34 1 5
github.com/swarm-editor/swarm-editor/internal/swarm/termination.go:86.34,92.3 1 1
github.com/swarm-editor/swarm-editor/internal/swarm/termination.go:93.2,93.28 1 4
github.com/swarm-editor/swarm-editor/internal/swarm/termination.go:96.36,100.2 3 2
github.com/swarm-editor/swarm-editor/internal/swarm/termination.go:109.52,111.2 1 47
github.com/swarm-editor/swarm-editor/internal/swarm/termination.go:114.109,119.2 4 1
github.com/swarm-editor/swarm-editor/internal/swarm/termination.go:121.45,121.69 1 4
github.com/swarm-editor/swarm-editor/internal/swarm/termination.go:123.77,124.18 1 14
github.com/swarm-editor/swarm-editor/internal/swarm/termination.go:124.18,126.3 1 1
github.com/swarm-editor/swarm-editor/internal/swarm/termination.go:127.2,128.12 2 13
github.com/swarm-editor/swarm-editor/internal/swarm/termination.go:128.12,134.3 1 3
github.com/swarm-editor/swarm-editor/internal/swarm/termination.go:135.2,135.28 1 10
github.com/swarm-editor/swarm-editor/internal/swarm/termination.go:138.39,140.2 1 3
github.com/swarm-editor/swarm-editor/internal/swarm/termination.go:149.106,151.2 1 4
github.com/swarm-editor/swarm-editor/internal/swarm/termination.go:153.41,153.58 1 2
github.com/swarm-editor/swarm-editor/internal/swarm/termination.go:155.85,156.36 1 9
github.com/swarm-editor/swarm-editor/internal/swarm/termination.go:156.36,162.3 1 5
github.com/swarm-editor/swarm-editor/internal/swarm/termination.go:163.2,163.28 1 4
github.com/swarm-editor/swarm-editor/internal/swarm/termination.go:166.36,166.37 0 3
github.com/swarm-editor/swarm-editor/internal/swarm/termination.go:199.75,200.16 1 50
github.com/swarm-editor/swarm-editor/internal/swarm/termination.go:200.16,202.3 1 1
github.com/swarm-editor/swarm-editor/internal/swarm/termination.go:203.2,206.3 1 50
github.com/swarm-editor/swarm-editor/internal/swarm/termination.go:210.74,214.2 3 50
github.com/swarm-editor/swarm-editor/internal/swarm/termination.go:217.96,224.26 6 11
github.com/swarm-editor/swarm-editor/internal/swarm/termination.go:224.26,226.3 1 1
github.com/swarm-editor/swarm-editor/internal/swarm/termination.go:228.2,228.28 1 10
github.com/swarm-editor/swarm-editor/internal/swarm/termination.go:228.28,231.32 2 2
github.com/swarm-editor/swarm-editor/internal/swarm/termination.go:231.32,233.26 2 4
github.com/swarm-editor/swarm-editor/internal/swarm/termination.go:233.26,235.5 1 1
github.com/swarm-editor/swarm-editor/internal/swarm/termination.go:236.4,236.43 1 3
github.com/swarm-editor/swarm-editor/internal/swarm/termination.go:238.3,242.4 1 1
github.com/swarm-editor/swarm-editor/internal/swarm/termination.go:246.2,246.31 1 8
github.com/swarm-editor/swarm-editor/internal/swarm/termination.go:246.31,248.24 2 10
github.com/swarm-editor/swarm-editor/internal/swarm/termination.go:248.24,250.4 1 4
github.com/swarm-editor/swarm-editor/internal/swarm/termination.go:253.2,253.28 1 4
github.com/swarm-editor/swarm-editor/internal/swarm/termination.go:257.46,260.33 3 2
github.com/swarm-editor/swarm-editor/internal/swarm/termination.go:260.33,262.3 1 3
github.com/swarm-editor/swarm-editor/internal/swarm/termination.go:266.59,270.2 3 1
github.com/swarm-editor/swarm-editor/internal/swarm/timeout_policy.go:37.43,44.2 1 3
github.com/swarm-editor/swarm-editor/internal/swarm/timeout_policy.go:56.39,57.11 1 5
github.com/swarm-editor/swarm-editor/internal/swarm/timeout_policy.go:58.35,59.27 1 1
github.com/swarm-editor/swarm-editor/internal/swarm/timeout_policy.go:60.32,61.24 1 2
github.com/swarm-editor/swarm-editor/internal/swarm/timeout_policy.go:62.29,63.21 1 1
github.com/swarm-editor/swarm-editor/internal/swarm/timeout_policy.go:64.10,65.16 1 1
github.com/swarm-editor/swarm-editor/internal/swarm/timeout_policy.go:78.39,81.2 1 1
github.com/swarm-editor/swarm-editor/internal/swarm/timeout_policy.go:105.62,110.2 1 13
github.com/swarm-editor/swarm-editor/internal/swarm/timeout_policy.go:113.80,117.2 3 6
github.com/swarm-editor/swarm-editor/internal/swarm/timeout_policy.go:121.120,144.2 8 9
github.com/swarm-editor/swarm-editor/internal/swarm/timeout_policy.go:147.53,152.9 4 5
github.com/swarm-editor/swarm-editor/internal/swarm/timeout_policy.go:152.9,154.3 1 0
github.com/swarm-editor/swarm-editor/internal/swarm/timeout_policy.go:156.2,162.45 5 5
github.com/swarm-editor/swarm-editor/internal/swarm/timeout_policy.go:166.57,171.9 4 6
github.com/swarm-editor/swarm-editor/internal/swarm/timeout_policy.go:171.9,173.3 1 0
github.com/swarm-editor/swarm-editor/internal/swarm/timeout_policy.go:175.2,175.41 1 6
github.com/swarm-editor/swarm-editor/internal/swarm/timeout_policy.go:179.58,183.43 3 9
github.com/swarm-editor/swarm-editor/internal/swarm/timeout_policy.go:183.43,185.32 2 9
github.com/swarm-editor/swarm-editor/internal/swarm/timeout_policy.go:185.32,187.4 1 9
github.com/swarm-editor/swarm-editor/internal/swarm/timeout_policy.go:188.3,188.29 1 9
github.com/swarm-editor/swarm-editor/internal/swarm/timeout_policy.go:194.68,198.14 4 2
github.com/swarm-editor/swarm-editor/internal/swarm/timeout_policy.go:198.14,200.3 1 1
github.com/swarm-editor/swarm-editor/internal/swarm/timeout_policy.go:202.2,208.3 1 1
github.com/swarm-editor/swarm-editor/internal/swarm/timeout_policy.go:212.89,216.55 3 2
github.com/swarm-editor/swarm-editor/internal/swarm/timeout_policy.go:216.55,217.42 1 2
github.com/swarm-editor/swarm-editor/internal/swarm/timeout_policy.go:217.42,219.4 1 2
github.com/swarm-editor/swarm-editor/internal/swarm/timeout_policy.go:222.2,222.38 1 2
github.com/swarm-editor/swarm-editor/internal/swarm/timeout_policy.go:227.105,231.34 2 1
github.com/swarm-editor/swarm-editor/internal/swarm/timeout_policy.go:231.34,233.26 2 1
github.com/swarm-editor/swarm-editor/internal/swarm/timeout_policy.go:233.26,235.4 1 0
github.com/swarm-editor/swarm-editor/internal/swarm/timeout_policy.go:236.8,238.3 1 0
github.com/swarm-editor/swarm-editor/internal/swarm/timeout_policy.go:241.2,241.31 1 1
github.com/swarm-editor/swarm-editor/internal/swarm/timeout_policy.go:241.31,243.23 2 1
github.com/swarm-editor/swarm-editor/internal/swarm/timeout_policy.go:243.23,245.4 1 0
github.com/swarm-editor/swarm-editor/internal/swarm/timeout_policy.go:246.8,248.3 1 0
github.com/swarm-editor/swarm-editor/internal/swarm/timeout_policy.go:251.2,251.28 1 1
github.com/swarm-editor/swarm-editor/internal/swarm/timeout_policy.go:251.28,253.20 2 1
github.com/swarm-editor/swarm-editor/internal/swarm/timeout_policy.go:253.20,254.40 1 1
github.com/swarm-editor/swarm-editor/internal/swarm/timeout_policy.go:254.40,257.22 3 1
github.com/swarm-editor/swarm-editor/internal/swarm/timeout_policy.go:257.22,259.6 1 0
github.com/swarm-editor/swarm-editor/internal/swarm/timeout_policy.go:262.8,264.3 1 0
github.com/swarm-editor/swarm-editor/internal/swarm/timeout_policy.go:266.2,266.49 1 1
github.com/swarm-editor/swarm-editor/internal/swarm/timeout_policy.go:269.95,270.35 1 9
github.com/swarm-editor/swarm-editor/internal/swarm/timeout_policy.go:270.35,272.3 1 3
github.com/swarm-editor/swarm-editor/internal/swarm/timeout_policy.go:274.2,277.9 3 6
github.com/swarm-editor/swarm-editor/internal/swarm/timeout_policy.go:278.20,279.9 1 4
github.com/swarm-editor/swarm-editor/internal/swarm/timeout_policy.go:280.17,282.38 1 2
github.com/swarm-editor/swarm-editor/internal/swarm/timeout_policy.go:282.38,284.4 1 1
github.com/swarm-editor/swarm-editor/internal/swarm/timeout_policy.go:286.3,286.31 1 1
github.com/swarm-editor/swarm-editor/internal/swarm/timeout_policy.go:286.31,288.4 1 0
github.com/swarm-editor/swarm-editor/internal/swarm/timeout_policy.go:291.3,291.54 1 1
github.com/swarm-editor/swarm-editor/internal/swarm/timeout_policy.go:295.92,296.32 1 9
github.com/swarm-editor/swarm-editor/internal/swarm/timeout_policy.go:296.32,298.3 1 4
github.com/swarm-editor/swarm-editor/internal/swarm/timeout_policy.go:301.2,303.6 3 5
github.com/swarm-editor/swarm-editor/internal/swarm/timeout_policy.go:303.6,304.38 1 5
github.com/swarm-editor/swarm-editor/internal/swarm/timeout_policy.go:304.38,305.9 1 5
github.com/swarm-editor/swarm-editor/internal/swarm/timeout_policy.go:307.3,307.31 1 0
github.com/swarm-editor/swarm-editor/internal/swarm/timeout_policy.go:307.31,309.4 1 0
github.com/swarm-editor/swarm-editor/internal/swarm/timeout_policy.go:310.3,310.10 1 0
github.com/swarm-editor/swarm-editor/internal/swarm/timeout_policy.go:311.21,312.10 1 0
github.com/swarm-editor/swarm-editor/internal/swarm/timeout_policy.go:313.19,313.19 0 0
github.com/swarm-editor/swarm-editor/internal/swarm/timeout_policy.go:317.2,320.9 3 5
github.com/swarm-editor/swarm-editor/internal/swarm/timeout_policy.go:321.20,322.9 1 3
github.com/swarm-editor/swarm-editor/internal/swarm/timeout_policy.go:323.17,323.17 0 2
github.com/swarm-editor/swarm-editor/internal/swarm/timeout_policy.go:326.2,326.30 1 2
github.com/swarm-editor/swarm-editor/internal/swarm/timeout_policy.go:326.30,328.3 1 1
github.com/swarm-editor/swarm-editor/internal/swarm/timeout_policy.go:331.2,331.50 1 1
github.com/swarm-editor/swarm-editor/internal/swarm/timeout_policy.go:334.89,335.29 1 5
github.com/swarm-editor/swarm-editor/internal/swarm/timeout_policy.go:335.29,337.3 1 1
github.com/swarm-editor/swarm-editor/internal/swarm/timeout_policy.go:340.2,342.6 3 4
github.com/swarm-editor/swarm-editor/internal/swarm/timeout_policy.go:342.6,343.38 1 4
github.com/swarm-editor/swarm-editor/internal/swarm/timeout_policy.go:343.38,344.9 1 4
github.com/swarm-editor/swarm-editor/internal/swarm/timeout_policy.go:346.3,346.31 1 0
github.com/swarm-editor/swarm-editor/internal/swarm/timeout_policy.go:346.31,348.4 1 0
github.com/swarm-editor/swarm-editor/internal/swarm/timeout_policy.go:349.3,349.10 1 0
github.com/swarm-editor/swarm-editor/internal/swarm/timeout_policy.go:350.21,351.10 1 0
github.com/swarm-editor/swarm-editor/internal/swarm/timeout_policy.go:352.23,352.23 0 0
github.com/swarm-editor/swarm-editor/internal/swarm/timeout_policy.go:357.2,362.6 4 4
github.com/swarm-editor/swarm-editor/internal/swarm/timeout_policy.go:362.6,363.10 1 13
github.com/swarm-editor/swarm-editor/internal/swarm/timeout_policy.go:364.21,365.10 1 3
github.com/swarm-editor/swarm-editor/internal/swarm/timeout_policy.go:366.19,367.32 1 10
github.com/swarm-editor/swarm-editor/internal/swarm/timeout_policy.go:367.32,369.5 1 0
github.com/swarm-editor/swarm-editor/internal/swarm/timeout_policy.go:371.4,372.21 2 10
github.com/swarm-editor/swarm-editor/internal/swarm/timeout_policy.go:372.21,373.13 1 0
github.com/swarm-editor/swarm-editor/internal/swarm/timeout_policy.go:376.4,376.40 1 10
github.com/swarm-editor/swarm-editor/internal/swarm/timeout_policy.go:376.40,377.37 1 10
github.com/swarm-editor/swarm-editor/internal/swarm/timeout_policy.go:377.37,381.6 2 1
github.com/swarm-editor/swarm-editor/internal/swarm/timeout_policy.go:387.83,389.31 1 3
github.com/swarm-editor/swarm-editor/internal/swarm/timeout_policy.go:389.31,391.3 1 2
github.com/swarm-editor/swarm-editor/internal/swarm/timeout_policy.go:394.2,398.22 4 3
github.com/swarm-editor/swarm-editor/internal/swarm/timeout_policy.go:398.22,400.3 1 3
github.com/swarm-editor/swarm-editor/internal/swarm/timeout_policy.go:404.37,407.2 2 3
github.com/swarm-editor/swarm-editor/internal/swarm/timeout_policy.go:410.46,411.47 1 3
github.com/swarm-editor/swarm-editor/internal/swarm/timeout_policy.go:411.47,413.3 1 2
github.com/swarm-editor/swarm-editor/internal/swarm/timeout_policy.go:414.2,414.25 1 1
github.com/swarm-editor/swarm-editor/internal/swarm/types.go:30.39,31.11 1 9
github.com/swarm-editor/swarm-editor/internal/swarm/types.go:32.66,33.14 1 3
github.com/swarm-editor/swarm-editor/internal/swarm/types.go:35.2,35.14 1 6
github.com/swarm-editor/swarm-editor/internal/swarm/types.go:40.42,42.2 1 9
github.com/swarm-editor/swarm-editor/internal/swarm/variables.go:30.46,31.11 1 39
github.com/swarm-editor/swarm-editor/internal/swarm/variables.go:32.79,33.14 1 36
github.com/swarm-editor/swarm-editor/internal/swarm/variables.go:35.2,35.14 1 3
github.com/swarm-editor/swarm-editor/internal/swarm/variables.go:59.43,62.20 3 8
github.com/swarm-editor/swarm-editor/internal/swarm/variables.go:62.20,64.3 1 6
github.com/swarm-editor/swarm-editor/internal/swarm/variables.go:65.2,65.31 1 2
github.com/swarm-editor/swarm-editor/internal/swarm/variables.go:69.54,73.61 3 108
github.com/swarm-editor/swarm-editor/internal/swarm/variables.go:73.61,75.3 1 2
github.com/swarm-editor/swarm-editor/internal/swarm/variables.go:76.2,77.12 2 106
github.com/swarm-editor/swarm-editor/internal/swarm/variables.go:81.45,86.16 4 8
github.com/swarm-editor/swarm-editor/internal/swarm/variables.go:86.16,88.3 1 4
github.com/swarm-editor/swarm-editor/internal/swarm/variables.go:89.2,89.30 1 8
github.com/swarm-editor/swarm-editor/internal/swarm/variables.go:89.30,91.3 1 2
github.com/swarm-editor/swarm-editor/internal/swarm/variables.go:92.2,92.16 1 6
github.com/swarm-editor/swarm-editor/internal/swarm/variables.go:92.16,94.3 1 5
github.com/swarm-editor/swarm-editor/internal/swarm/variables.go:95.2,95.12 1 1
github.com/swarm-editor/swarm-editor/internal/swarm/variables.go:99.56,112.2 3 12
github.com/swarm-editor/swarm-editor/internal/swarm/variables.go:122.56,126.2 1 129
github.com/swarm-editor/swarm-editor/internal/swarm/variables.go:129.91,130.16 1 34
github.com/swarm-editor/swarm-editor/internal/swarm/variables.go:130.16,132.3 1 1
github.com/swarm-editor/swarm-editor/internal/swarm/variables.go:133.2,133.36 1 33
github.com/swarm-editor/swarm-editor/internal/swarm/variables.go:133.36,135.3 1 1
github.com/swarm-editor/swarm-editor/internal/swarm/variables.go:137.2,137.18 1 32
github.com/swarm-editor/swarm-editor/internal/swarm/variables.go:137.18,139.3 1 1
github.com/swarm-editor/swarm-editor/internal/swarm/variables.go:140.2,140.23 1 32
github.com/swarm-editor/swarm-editor/internal/swarm/variables.go:140.23,142.3 1 1
github.com/swarm-editor/swarm-editor/internal/swarm/variables.go:144.2,148.32 4 31
github.com/swarm-editor/swarm-editor/internal/swarm/variables.go:148.32,150.28 2 52
github.com/swarm-editor/swarm-editor/internal/swarm/variables.go:150.28,153.4 2 1
github.com/swarm-editor/swarm-editor/internal/swarm/variables.go:154.3,154.23 1 51
github.com/swarm-editor/swarm-editor/internal/swarm/variables.go:157.2,159.12 3 30
github.com/swarm-editor/swarm-editor/internal/swarm/variables.go:163.91,168.25 4 3
github.com/swarm-editor/swarm-editor/internal/swarm/variables.go:168.25,169.25 1 3
github.com/swarm-editor/swarm-editor/internal/swarm/variables.go:169.25,172.4 2 1
github.com/swarm-editor/swarm-editor/internal/swarm/variables.go:174.2,174.14 1 2
github.com/swarm-editor/swarm-editor/internal/swarm/variables.go:178.101,183.25 4 3
github.com/swarm-editor/swarm-editor/internal/swarm/variables.go:183.25,184.25 1 3
github.com/swarm-editor/swarm-editor/internal/swarm/variables.go:184.25,187.4 2 2
github.com/swarm-editor/swarm-editor/internal/swarm/variables.go:189.2,189.12 1 1
github.com/swarm-editor/swarm-editor/internal/swarm/variables.go:193.99,198.25 4 102
github.com/swarm-editor/swarm-editor/internal/swarm/variables.go:198.25,200.19 2 552
github.com/swarm-editor/swarm-editor/internal/swarm/variables.go:200.19,213.4 3 102
github.com/swarm-editor/swarm-editor/internal/swarm/variables.go:214.3,214.16 1 450
github.com/swarm-editor/swarm-editor/internal/swarm/variables.go:216.2,216.12 1 0
github.com/swarm-editor/swarm-editor/internal/swarm/variables.go:220.85,226.25 5 4
github.com/swarm-editor/swarm-editor/internal/swarm/variables.go:226.25,228.3 1 3
github.com/swarm-editor/swarm-editor/internal/swarm/variables.go:229.2,229.15 1 4
github.com/swarm-editor/swarm-editor/internal/swarm/variables.go:233.98,238.25 4 107
github.com/swarm-editor/swarm-editor/internal/swarm/variables.go:238.25,240.19 2 559
github.com/swarm-editor/swarm-editor/internal/swarm/variables.go:240.19,243.4 2 106
github.com/swarm-editor/swarm-editor/internal/swarm/variables.go:244.3,244.16 1 453
github.com/swarm-editor/swarm-editor/internal/swarm/variables.go:246.2,246.76 1 1
github.com/swarm-editor/swarm-editor/internal/swarm/variables.go:251.102,252.57 1 109
github.com/swarm-editor/swarm-editor/internal/swarm/variables.go:252.57,254.3 1 3
github.com/swarm-editor/swarm-editor/internal/swarm/variables.go:256.2,260.25 4 106
github.com/swarm-editor/swarm-editor/internal/swarm/variables.go:260.25,263.17 3 1009
github.com/swarm-editor/swarm-editor/internal/swarm/variables.go:263.17,265.4 1 0
github.com/swarm-editor/swarm-editor/internal/swarm/variables.go:266.3,267.16 2 1009
github.com/swarm-editor/swarm-editor/internal/swarm/variables.go:269.2,273.91 3 106
github.com/swarm-editor/swarm-editor/internal/swarm/variables.go:273.91,276.10 3 107
github.com/swarm-editor/swarm-editor/internal/swarm/variables.go:276.10,279.4 2 2
github.com/swarm-editor/swarm-editor/internal/swarm/variables.go:280.3,280.32 1 105
github.com/swarm-editor/swarm-editor/internal/swarm/variables.go:283.2,283.19 1 106
github.com/swarm-editor/swarm-editor/internal/swarm/variables.go:283.19,285.3 1 2
github.com/swarm-editor/swarm-editor/internal/swarm/variables.go:286.2,286.20 1 104
github.com/swarm-editor/swarm-editor/internal/swarm/variables.go:290.116,291.14 1 2
github.com/swarm-editor/swarm-editor/internal/swarm/variables.go:291.14,293.3 1 0
github.com/swarm-editor/swarm-editor/internal/swarm/variables.go:295.2,297.22 3 2
github.com/swarm-editor/swarm-editor/internal/swarm/variables.go:297.22,298.32 1 5
github.com/swarm-editor/swarm-editor/internal/swarm/variables.go:298.32,300.37 2 4
github.com/swarm-editor/swarm-editor/internal/swarm/variables.go:300.37,302.5 1 1
github.com/swarm-editor/swarm-editor/internal/swarm/variables.go:303.4,303.24 1 4
github.com/swarm-editor/swarm-editor/internal/swarm/variables.go:304.9,306.4 1 1
github.com/swarm-editor/swarm-editor/internal/swarm/variables.go:308.2,308.25 1 2
github.com/swarm-editor/swarm-editor/internal/swarm/variables.go:312.70,322.29 7 2
github.com/swarm-editor/swarm-editor/internal/swarm/variables.go:322.29,323.38 1 4
github.com/swarm-editor/swarm-editor/internal/swarm/variables.go:323.38,325.4 1 1
github.com/swarm-editor/swarm-editor/internal/swarm/variables.go:327.2,327.19 1 2
github.com/swarm-editor/swarm-editor/internal/swarm/variables.go:327.19,329.3 1 1
github.com/swarm-editor/swarm-editor/internal/swarm/variables.go:330.2,330.12 1 1
github.com/swarm-editor/swarm-editor/internal/swarm/variables.go:334.69,338.2 3 2
github.com/swarm-editor/swarm-editor/internal/swarm/variables.go:341.63,347.38 4 2
github.com/swarm-editor/swarm-editor/internal/swarm/variables.go:347.38,349.26 2 2
github.com/swarm-editor/swarm-editor/internal/swarm/variables.go:349.26,352.4 2 3
github.com/swarm-editor/swarm-editor/internal/swarm/variables.go:353.3,353.28 1 2
github.com/swarm-editor/swarm-editor/internal/swarm/variables.go:356.2,358.4 1 2
github.com/swarm-editor/swarm-editor/internal/swarm/variables.go:365.71,366.13 1 125
github.com/swarm-editor/swarm-editor/internal/swarm/variables.go:367.21,368.35 1 111
github.com/swarm-editor/swarm-editor/internal/swarm/variables.go:368.35,370.4 1 3
github.com/swarm-editor/swarm-editor/internal/swarm/variables.go:371.21,372.23 1 6
github.com/swarm-editor/swarm-editor/internal/swarm/variables.go:373.44,373.44 0 4
github.com/swarm-editor/swarm-editor/internal/swarm/variables.go:375.11,376.55 1 2
github.com/swarm-editor/swarm-editor/internal/swarm/variables.go:378.22,379.33 1 3
github.com/swarm-editor/swarm-editor/internal/swarm/variables.go:379.33,381.4 1 1
github.com/swarm-editor/swarm-editor/internal/swarm/variables.go:382.19,383.43 1 3
github.com/swarm-editor/swarm-editor/internal/swarm/variables.go:383.43,385.36 1 2
github.com/swarm-editor/swarm-editor/internal/swarm/variables.go:385.36,387.5 1 1
github.com/swarm-editor/swarm-editor/internal/swarm/variables.go:389.20,390.34 1 2
github.com/swarm-editor/swarm-editor/internal/swarm/variables.go:390.34,392.4 1 1
github.com/swarm-editor/swarm-editor/internal/swarm/variables.go:393.10,394.13 1 0
github.com/swarm-editor/swarm-editor/internal/swarm/variables.go:396.2,396.12 1 117
github.com/swarm-editor/swarm-editor/internal/swarm/wait_node.go:40.87,49.40 5 11
github.com/swarm-editor/swarm-editor/internal/swarm/wait_node.go:49.40,50.31 1 2
github.com/swarm-editor/swarm-editor/internal/swarm/wait_node.go:50.31,52.4 1 2
github.com/swarm-editor/swarm-editor/internal/swarm/wait_node.go:56.2,56.23 1 11
github.com/swarm-editor/swarm-editor/internal/swarm/wait_node.go:56.23,57.38 1 9
github.com/swarm-editor/swarm-editor/internal/swarm/wait_node.go:57.38,58.34 1 5
github.com/swarm-editor/swarm-editor/internal/swarm/wait_node.go:58.34,60.5 1 5
github.com/swarm-editor/swarm-editor/internal/swarm/wait_node.go:65.2,65.23 1 11
github.com/swarm-editor/swarm-editor/internal/swarm/wait_node.go:65.23,66.35 1 4
github.com/swarm-editor/swarm-editor/internal/swarm/wait_node.go:66.35,67.42 1 3
github.com/swarm-editor/swarm-editor/internal/swarm/wait_node.go:67.42,69.19 2 3
github.com/swarm-editor/swarm-editor/internal/swarm/wait_node.go:69.19,71.6 1 1
github.com/swarm-editor/swarm-editor/internal/swarm/wait_node.go:72.5,73.21 2 2
github.com/swarm-editor/swarm-editor/internal/swarm/wait_node.go:79.2,79.44 1 10
github.com/swarm-editor/swarm-editor/internal/swarm/wait_node.go:79.44,84.3 1 1
github.com/swarm-editor/swarm-editor/internal/swarm/wait_node.go:87.2,87.15 1 9
github.com/swarm-editor/swarm-editor/internal/swarm/wait_node.go:87.15,89.27 2 2
github.com/swarm-editor/swarm-editor/internal/swarm/wait_node.go:89.27,95.4 1 1
github.com/swarm-editor/swarm-editor/internal/swarm/wait_node.go:96.3,96.35 1 1
github.com/swarm-editor/swarm-editor/internal/swarm/wait_node.go:100.2,100.28 1 8
github.com/swarm-editor/swarm-editor/internal/swarm/wait_node.go:100.28,102.3 1 1
github.com/swarm-editor/swarm-editor/internal/swarm/wait_node.go:105.2,105.37 1 8
github.com/swarm-editor/swarm-editor/internal/swarm/wait_node.go:105.37,107.3 1 0
github.com/swarm-editor/swarm-editor/internal/swarm/wait_node.go:110.2,114.9 4 8
github.com/swarm-editor/swarm-editor/internal/swarm/wait_node.go:115.20,122.9 2 1
github.com/swarm-editor/swarm-editor/internal/swarm/wait_node.go:123.17,129.9 2 7
github.com/swarm-editor/swarm-editor/internal/swarm/wait_node.go:134.54,135.37 1 11
github.com/swarm-editor/swarm-editor/internal/swarm/wait_node.go:135.37,136.45 1 1
github.com/swarm-editor/swarm-editor/internal/swarm/wait_node.go:136.45,138.20 1 1
github.com/swarm-editor/swarm-editor/internal/swarm/wait_node.go:138.20,140.5 1 0
github.com/swarm-editor/swarm-editor/internal/swarm/wait_node.go:141.4,141.44 1 1
github.com/swarm-editor/swarm-editor/internal/swarm/wait_node.go:144.2,144.24 1 10
github.com/swarm-editor/swarm-editor/internal/swarm/wait_node.go:148.64,149.37 1 8
github.com/swarm-editor/swarm-editor/internal/swarm/wait_node.go:149.37,151.3 1 1
github.com/swarm-editor/swarm-editor/internal/swarm/wait_node.go:152.2,152.11 1 7
github.com/swarm-editor/swarm-editor/internal/swarm/wait_node.go:156.37,157.25 1 18
github.com/swarm-editor/swarm-editor/internal/swarm/wait_node.go:158.11,159.24 1 11
github.com/swarm-editor/swarm-editor/internal/swarm/wait_node.go:160.13,161.17 1 1
github.com/swarm-editor/swarm-editor/internal/swarm/wait_node.go:162.15,163.40 1 2
github.com/swarm-editor/swarm-editor/internal/swarm/wait_node.go:163.40,165.4 1 0
github.com/swarm-editor/swarm-editor/internal/swarm/wait_node.go:166.3,166.63 1 2
github.com/swarm-editor/swarm-editor/internal/swarm/wait_node.go:166.63,168.4 1 0
github.com/swarm-editor/swarm-editor/internal/swarm/wait_node.go:169.3,169.24 1 2
github.com/swarm-editor/swarm-editor/internal/swarm/wait_node.go:170.14,172.17 2 2
github.com/swarm-editor/swarm-editor/internal/swarm/wait_node.go:172.17,174.4 1 1
github.com/swarm-editor/swarm-editor/internal/swarm/wait_node.go:175.3,175.17 1 1
github.com/swarm-editor/swarm-editor/internal/swarm/wait_node.go:176.10,177.18 1 2
